,사고번호,사고일시,요일,시군구,사고내용,사망자수,중상자수,경상자수,부상신고자수,사고유형,법규위반,노면상태,기상상태,도로형태,가해운전자 차종,가해운전자 성별,가해운전자 연령,가해운전자 상해정도,피해운전자 차종,피해운전자 성별,피해운전자 연령,피해운전자 상해정도
678,2018051100100116,2018년 5월 11일 08시,금요일,인천광역시 남동구 만수동,경상사고,0,0,1,0,차대사람 - 기타,안전운전불이행,포장 - 건조,맑음,단일로 - 기타,승용,남,37세,상해없음,보행자,남,14세,경상
679,2018051100100117,2018년 5월 11일 08시,금요일,인천광역시 남동구 만수동,경상사고,0,0,1,0,차대사람 - 기타,안전운전불이행,포장 - 건조,맑음,기타 - 기타,승용,남,55세,상해없음,보행자,여,39세,경상
680,2018051100100333,2018년 5월 11일 14시,금요일,인천광역시 남동구 구월동,경상사고,0,0,1,0,차대사람 - 횡단중,안전운전불이행,포장 - 건조,맑음,교차로 - 교차로부근,승용,남,69세,상해없음,보행자,남,42세,경상
681,2018051100100416,2018년 5월 11일 16시,금요일,인천광역시 계양구 작전동,경상사고,0,0,1,0,차대사람 - 횡단중,신호위반,포장 - 건조,맑음,교차로 - 교차로횡단보도내,승용,남,28세,상해없음,보행자,남,10세,경상
682,2018051100100454,2018년 5월 11일 17시,금요일,인천광역시 동구 금곡동,경상사고,0,0,1,0,차대사람 - 횡단중,보행자보호의무위반,포장 - 건조,맑음,교차로 - 교차로횡단보도내,승용,남,63세,상해없음,보행자,남,50세,경상
683,2018051100100576,2018년 5월 11일 20시,금요일,인천광역시 부평구 부평동,경상사고,0,0,1,0,차대사람 - 기타,안전운전불이행,포장 - 건조,맑음,단일로 - 기타,승용,여,21세,상해없음,보행자,여,25세,경상
684,2018051100100577,2018년 5월 11일 20시,금요일,인천광역시 계양구 효성동,중상사고,0,1,0,1,차대사람 - 횡단중,안전운전불이행,포장 - 건조,흐림,교차로 - 교차로부근,화물,남,62세,상해없음,보행자,여,35세,중상
685,2018051100100640,2018년 5월 11일 22시,금요일,인천광역시 미추홀구 도화동,중상사고,0,1,0,0,차대사람 - 횡단중,안전운전불이행,포장 - 건조,맑음,교차로 - 교차로안,승용,남,59세,상해없음,보행자,남,54세,중상
686,2018051200100291,2018년 5월 12일 13시,토요일,인천광역시 강화군 양도면,경상사고,0,0,1,0,차대사람 - 길가장자리구역통행중,안전운전불이행,포장 - 건조,맑음,교차로 - 교차로안,승용,남,57세,상해없음,보행자,남,82세,경상
687,2018051200100292,2018년 5월 12일 13시,토요일,인천광역시 남동구 수산동,경상사고,0,0,1,0,차대사람 - 기타,안전운전불이행,포장 - 젖음/습기,비,교차로 - 교차로안,승용,여,58세,상해없음,보행자,여,32세,경상
688,2018051200100483,2018년 5월 12일 18시,토요일,인천광역시 중구 운서동,경상사고,0,0,1,0,차대사람 - 횡단중,신호위반,포장 - 젖음/습기,비,단일로 - 기타,승용,남,59세,상해없음,보행자,남,35세,경상
689,2018051200100580,2018년 5월 12일 20시,토요일,인천광역시 부평구 부평동,경상사고,0,0,2,0,차대사람 - 횡단중,안전운전불이행,포장 - 젖음/습기,비,교차로 - 교차로안,승용,남,57세,상해없음,보행자,여,48세,경상
690,2018051300100042,2018년 5월 13일 01시,일요일,인천광역시 미추홀구 주안동,부상신고사고,0,0,0,1,차대사람 - 길가장자리구역통행중,안전운전불이행,포장 - 기타,기타,단일로 - 기타,기타불명,기타불명,미분류,기타불명,보행자,남,54세,부상신고
691,2018051300100105,2018년 5월 13일 07시,일요일,인천광역시 서구 심곡동,경상사고,0,0,1,0,차대사람 - 횡단중,교차로운행방법위반,포장 - 건조,맑음,교차로 - 교차로안,승합,남,52세,상해없음,보행자,여,68세,경상
692,2018051300100253,2018년 5월 13일 14시,일요일,인천광역시 부평구 부평동,중상사고,0,1,0,0,차대사람 - 횡단중,안전운전불이행,포장 - 건조,맑음,교차로 - 교차로안,승용,남,35세,상해없음,보행자,남,90세 이상,중상
693,2018051300100329,2018년 5월 13일 16시,일요일,인천광역시 강화군 강화읍,중상사고,0,1,0,0,차대사람 - 기타,기타,포장 - 건조,맑음,기타 - 기타,승용,남,54세,상해없음,보행자,여,71세,중상
694,2018051400100006,2018년 5월 14일 00시,월요일,인천광역시 계양구 효성동,경상사고,0,0,1,0,차대사람 - 횡단중,안전운전불이행,포장 - 건조,맑음,교차로 - 교차로안,승합,남,51세,상해없음,보행자,남,20세,경상
695,2018051400100155,2018년 5월 14일 09시,월요일,인천광역시 중구 해안동1가,경상사고,0,0,1,0,차대사람 - 차도통행중,안전운전불이행,포장 - 건조,맑음,교차로 - 교차로안,화물,남,60세,상해없음,보행자,남,31세,경상
696,2018051400100311,2018년 5월 14일 14시,월요일,인천광역시 부평구 부평동,경상사고,0,0,2,0,차대사람 - 기타,안전운전불이행,포장 - 건조,맑음,교차로 - 교차로안,승용,남,55세,상해없음,보행자,여,38세,경상
697,2018051400100423,2018년 5월 14일 17시,월요일,인천광역시 동구 화평동,중상사고,0,1,0,0,차대사람 - 횡단중,보행자보호의무위반,포장 - 건조,맑음,단일로 - 기타,승용,여,26세,상해없음,보행자,남,11세,중상
698,2018051400100477,2018년 5월 14일 19시,월요일,인천광역시 미추홀구 도화동,부상신고사고,0,0,0,1,차대사람 - 기타,안전운전불이행,포장 - 건조,맑음,단일로 - 기타,승용,남,63세,상해없음,보행자,여,25세,부상신고
699,2018051400100478,2018년 5월 14일 19시,월요일,인천광역시 서구 가좌동,경상사고,0,0,1,0,차대사람 - 길가장자리구역통행중,안전운전불이행,포장 - 건조,맑음,기타 - 기타,기타불명,기타불명,미분류,기타불명,보행자,여,22세,경상
700,2018051400100536,2018년 5월 14일 21시,월요일,인천광역시 서구 당하동,경상사고,0,0,1,0,차대사람 - 보도통행중,신호위반,포장 - 건조,맑음,교차로 - 교차로횡단보도내,승용,남,21세,상해없음,보행자,남,75세,경상
701,2018051400100552,2018년 5월 14일 22시,월요일,인천광역시 연수구 송도동,경상사고,0,0,2,0,차대사람 - 횡단중,안전운전불이행,포장 - 건조,맑음,교차로 - 교차로횡단보도내,승용,여,48세,상해없음,보행자,남,53세,경상
702,2018051500100127,2018년 5월 15일 08시,화요일,인천광역시 미추홀구 도화동,중상사고,0,1,0,0,차대사람 - 횡단중,안전운전불이행,포장 - 건조,맑음,단일로 - 기타,승용,남,67세,상해없음,보행자,여,76세,중상
703,2018051500100129,2018년 5월 15일 08시,화요일,인천광역시 미추홀구 학익동,경상사고,0,0,1,0,차대사람 - 횡단중,보행자보호의무위반,포장 - 건조,맑음,교차로 - 교차로횡단보도내,기타불명,기타불명,미분류,기타불명,보행자,남,15세,경상
704,2018051500100132,2018년 5월 15일 08시,화요일,인천광역시 부평구 부개동,경상사고,0,0,1,0,차대사람 - 길가장자리구역통행중,안전운전불이행,포장 - 건조,맑음,교차로 - 교차로부근,승용,남,35세,상해없음,보행자,여,12세,경상
705,2018051500100292,2018년 5월 15일 14시,화요일,인천광역시 미추홀구 주안동,부상신고사고,0,0,0,1,차대사람 - 기타,안전운전불이행,포장 - 건조,맑음,단일로 - 기타,승용,여,68세,상해없음,보행자,남,41세,부상신고
706,2018051500100486,2018년 5월 15일 19시,화요일,인천광역시 부평구 십정동,경상사고,0,0,1,0,차대사람 - 기타,안전운전불이행,포장 - 건조,흐림,교차로 - 교차로안,승용,여,51세,상해없음,보행자,남,5세,경상
707,2018051600100153,2018년 5월 16일 10시,수요일,인천광역시 남동구 간석동,경상사고,0,0,1,0,차대사람 - 횡단중,보행자보호의무위반,포장 - 젖음/습기,비,교차로 - 교차로안,승용,여,39세,상해없음,보행자,여,44세,경상
708,2018051600100286,2018년 5월 16일 15시,수요일,인천광역시 계양구 작전동,중상사고,0,1,0,0,차대사람 - 횡단중,신호위반,포장 - 젖음/습기,비,교차로 - 교차로횡단보도내,이륜,남,38세,상해없음,보행자,남,78세,중상
709,2018051700100046,2018년 5월 17일 04시,목요일,인천광역시 서구 불로동,중상사고,0,1,0,0,차대사람 - 횡단중,안전운전불이행,포장 - 젖음/습기,비,교차로 - 교차로횡단보도내,화물,남,60세,상해없음,보행자,여,75세,중상
710,2018051700100406,2018년 5월 17일 17시,목요일,인천광역시 서구 석남동,경상사고,0,0,1,0,차대사람 - 횡단중,보행자보호의무위반,포장 - 건조,맑음,교차로 - 교차로안,승용,남,60세,상해없음,보행자,남,44세,경상
711,2018051700100474,2018년 5월 17일 19시,목요일,인천광역시 부평구 부평동,중상사고,0,1,0,0,차대사람 - 횡단중,보행자보호의무위반,포장 - 젖음/습기,비,단일로 - 기타,승용,남,28세,상해없음,보행자,여,52세,중상
712,2018051700100524,2018년 5월 17일 20시,목요일,인천광역시 미추홀구 주안동,중상사고,0,1,0,0,차대사람 - 횡단중,안전운전불이행,포장 - 젖음/습기,비,단일로 - 기타,이륜,남,21세,상해없음,보행자,남,71세,중상
713,2018051700100608,2018년 5월 17일 22시,목요일,인천광역시 중구 북성동3가,경상사고,0,0,1,0,차대사람 - 기타,안전운전불이행,포장 - 젖음/습기,비,단일로 - 기타,화물,남,67세,상해없음,보행자,여,62세,경상
714,2018051700100610,2018년 5월 17일 22시,목요일,인천광역시 부평구 부평동,경상사고,0,0,1,0,차대사람 - 횡단중,신호위반,포장 - 젖음/습기,비,교차로 - 교차로횡단보도내,승용,남,24세,상해없음,보행자,여,25세,경상
715,2018051700100641,2018년 5월 17일 23시,목요일,인천광역시 미추홀구 문학동,중상사고,0,1,0,0,차대사람 - 차도통행중,안전운전불이행,포장 - 젖음/습기,비,교차로 - 교차로안,승용,남,39세,상해없음,보행자,여,28세,중상
716,2018051800100123,2018년 5월 18일 07시,금요일,인천광역시 서구 석남동,경상사고,0,0,1,0,차대사람 - 기타,안전운전불이행,포장 - 젖음/습기,비,단일로 - 기타,기타불명,기타불명,미분류,기타불명,보행자,남,26세,경상
717,2018051800100152,2018년 5월 18일 08시,금요일,인천광역시 계양구 계산동,경상사고,0,0,1,0,차대사람 - 횡단중,안전운전불이행,포장 - 건조,맑음,단일로 - 기타,화물,남,65세,상해없음,보행자,여,85세,경상
718,2018051800100253,2018년 5월 18일 11시,금요일,인천광역시 계양구 계산동,경상사고,0,0,1,0,차대사람 - 기타,기타,포장 - 건조,맑음,단일로 - 기타,승합,남,51세,상해없음,보행자,남,18세,경상
719,2018051800100284,2018년 5월 18일 12시,금요일,인천광역시 미추홀구 주안동,부상신고사고,0,0,0,1,차대사람 - 길가장자리구역통행중,안전운전불이행,포장 - 젖음/습기,비,단일로 - 기타,승용,남,70세,기타불명,보행자,남,46세,부상신고
720,2018051800100379,2018년 5월 18일 15시,금요일,인천광역시 미추홀구 학익동,경상사고,0,0,1,0,차대사람 - 기타,안전운전불이행,포장 - 건조,맑음,주차장 - 주차장,승용,남,39세,상해없음,보행자,남,44세,경상
721,2018051800100528,2018년 5월 18일 19시,금요일,인천광역시 부평구 십정동,중상사고,0,1,1,0,차대사람 - 횡단중,보행자보호의무위반,포장 - 건조,흐림,교차로 - 교차로안,이륜,남,24세,상해없음,보행자,남,23세,경상
722,2018051900100140,2018년 5월 19일 07시,토요일,인천광역시 부평구 산곡동,경상사고,0,0,1,0,차대사람 - 횡단중,신호위반,포장 - 건조,맑음,기타 - 기타,승용,남,32세,상해없음,보행자,남,11세,경상
723,2018051900100185,2018년 5월 19일 09시,토요일,인천광역시 남동구 운연동,중상사고,0,1,0,0,차대사람 - 차도통행중,안전운전불이행,포장 - 건조,맑음,단일로 - 기타,화물,남,44세,상해없음,보행자,여,80세,중상
724,2018051900100308,2018년 5월 19일 12시,토요일,인천광역시 미추홀구 주안동,부상신고사고,0,0,0,1,차대사람 - 길가장자리구역통행중,안전운전불이행,포장 - 건조,맑음,단일로 - 기타,이륜,남,44세,상해없음,보행자,여,7세,부상신고
725,2018051900100533,2018년 5월 19일 17시,토요일,인천광역시 서구 연희동,중상사고,0,1,0,0,차대사람 - 횡단중,보행자보호의무위반,포장 - 건조,맑음,교차로 - 교차로부근,화물,남,38세,상해없음,보행자,여,28세,중상
726,2018052000100065,2018년 5월 20일 04시,일요일,인천광역시 계양구 계산동,중상사고,0,1,0,0,차대사람 - 기타,안전운전불이행,포장 - 건조,맑음,단일로 - 기타,승용,남,23세,상해없음,보행자,남,26세,중상
727,2018052000100206,2018년 5월 20일 12시,일요일,인천광역시 서구 마전동,경상사고,0,0,1,0,차대사람 - 횡단중,보행자보호의무위반,포장 - 건조,맑음,교차로 - 교차로횡단보도내,승용,남,67세,상해없음,보행자,남,25세,경상
728,2018052000100237,2018년 5월 20일 13시,일요일,인천광역시 남동구 논현동,부상신고사고,0,0,0,1,차대사람 - 횡단중,보행자보호의무위반,포장 - 건조,맑음,교차로 - 교차로안,기타불명,기타불명,미분류,기타불명,보행자,여,46세,부상신고
729,2018052100100076,2018년 5월 21일 07시,월요일,인천광역시 서구 석남동,중상사고,0,1,0,0,차대사람 - 횡단중,안전운전불이행,포장 - 건조,맑음,교차로 - 교차로안,화물,남,57세,상해없음,보행자,여,63세,중상
730,2018052100100118,2018년 5월 21일 08시,월요일,인천광역시 계양구 작전동,경상사고,0,0,1,0,차대사람 - 기타,안전운전불이행,포장 - 건조,맑음,단일로 - 기타,승합,남,53세,상해없음,보행자,여,52세,경상
731,2018052100100358,2018년 5월 21일 15시,월요일,인천광역시 부평구 십정동,경상사고,0,0,1,0,차대사람 - 기타,안전운전불이행,포장 - 건조,맑음,단일로 - 기타,화물,남,33세,상해없음,보행자,여,63세,경상
732,2018052100100436,2018년 5월 21일 17시,월요일,인천광역시 부평구 삼산동,경상사고,0,0,1,0,차대사람 - 기타,기타,포장 - 건조,맑음,단일로 - 기타,승합,여,65세,상해없음,보행자,여,56세,경상
733,2018052100100476,2018년 5월 21일 18시,월요일,인천광역시 부평구 삼산동,중상사고,0,1,0,0,차대사람 - 횡단중,보행자보호의무위반,포장 - 건조,맑음,교차로 - 교차로안,승용,여,41세,상해없음,보행자,남,71세,중상
734,2018052100100501,2018년 5월 21일 19시,월요일,인천광역시 서구 연희동,경상사고,0,0,1,0,차대사람 - 횡단중,보행자보호의무위반,포장 - 건조,맑음,교차로 - 교차로횡단보도내,화물,남,21세,상해없음,보행자,남,55세,경상
735,2018052200100010,2018년 5월 22일 00시,화요일,인천광역시 연수구 연수동,중상사고,0,1,0,0,차대사람 - 횡단중,신호위반,포장 - 건조,맑음,교차로 - 교차로횡단보도내,이륜,남,21세,상해없음,보행자,남,19세,중상
736,2018052200100627,2018년 5월 22일 23시,화요일,인천광역시 서구 불로동,중상사고,0,1,0,0,차대사람 - 기타,안전운전불이행,포장 - 젖음/습기,비,교차로 - 교차로안,승용,남,55세,상해없음,보행자,여,35세,중상
737,2018052300100061,2018년 5월 23일 06시,수요일,인천광역시 부평구 산곡동,중상사고,0,1,1,0,차대사람 - 기타,안전운전불이행,포장 - 건조,맑음,기타 - 기타,승용,남,66세,상해없음,보행자,여,83세,중상
738,2018052300100246,2018년 5월 23일 11시,수요일,인천광역시 남동구 구월동,경상사고,0,0,1,0,차대사람 - 기타,기타,포장 - 건조,맑음,단일로 - 기타,화물,남,60세,상해없음,보행자,남,44세,경상
739,2018052300100365,2018년 5월 23일 14시,수요일,인천광역시 연수구 연수동,부상신고사고,0,0,0,1,차대사람 - 기타,안전운전불이행,포장 - 건조,맑음,주차장 - 주차장,승용,여,67세,상해없음,보행자,여,63세,부상신고
740,2018052400100013,2018년 5월 24일 00시,목요일,인천광역시 미추홀구 용현동,중상사고,0,1,0,0,차대사람 - 횡단중,안전운전불이행,포장 - 건조,맑음,교차로 - 교차로안,승용,남,61세,상해없음,보행자,남,54세,중상
741,2018052400100242,2018년 5월 24일 11시,목요일,인천광역시 계양구 효성동,경상사고,0,0,1,0,차대사람 - 횡단중,안전운전불이행,포장 - 건조,맑음,교차로 - 교차로부근,승용,남,67세,상해없음,보행자,여,63세,경상
742,2018052400100276,2018년 5월 24일 12시,목요일,인천광역시 부평구 산곡동,경상사고,0,0,1,0,차대사람 - 기타,안전운전불이행,포장 - 건조,맑음,기타 - 기타,승합,남,53세,상해없음,보행자,여,61세,경상
743,2018052500100137,2018년 5월 25일 08시,금요일,인천광역시 연수구 선학동,중상사고,0,1,0,0,차대사람 - 길가장자리구역통행중,교차로운행방법위반,포장 - 건조,맑음,교차로 - 교차로안,승용,여,35세,상해없음,보행자,남,73세,중상
744,2018052500100248,2018년 5월 25일 11시,금요일,인천광역시 옹진군 연평면,중상사고,0,1,0,0,차대사람 - 기타,기타,포장 - 건조,맑음,단일로 - 기타,화물,남,51세,상해없음,보행자,남,57세,중상
745,2018052500100250,2018년 5월 25일 11시,금요일,인천광역시 미추홀구 숭의동,중상사고,0,1,0,0,차대사람 - 기타,안전운전불이행,포장 - 건조,맑음,기타 - 기타,승용,남,30세,상해없음,보행자,여,81세,중상
746,2018052500100311,2018년 5월 25일 13시,금요일,인천광역시 미추홀구 주안동,경상사고,0,0,2,0,차대사람 - 기타,안전운전불이행,포장 - 건조,맑음,단일로 - 기타,화물,남,47세,상해없음,보행자,여,87세,경상
747,2018052500100424,2018년 5월 25일 16시,금요일,인천광역시 남동구 구월동,부상신고사고,0,0,0,1,차대사람 - 횡단중,안전운전불이행,포장 - 건조,맑음,기타 - 기타,자전거,남,6세,상해없음,보행자,여,5세,부상신고
748,2018052500100425,2018년 5월 25일 16시,금요일,인천광역시 서구 마전동,경상사고,0,0,1,0,차대사람 - 횡단중,보행자보호의무위반,포장 - 건조,맑음,교차로 - 교차로횡단보도내,승용,남,55세,상해없음,보행자,남,10세,경상
749,2018052500100477,2018년 5월 25일 17시,금요일,인천광역시 남동구 구월동,경상사고,0,0,1,0,차대사람 - 길가장자리구역통행중,안전운전불이행,포장 - 건조,맑음,단일로 - 기타,승용,남,29세,상해없음,보행자,여,7세,경상
750,2018052500100521,2018년 5월 25일 18시,금요일,인천광역시 서구 가정동,중상사고,0,1,0,0,차대사람 - 횡단중,안전운전불이행,포장 - 건조,맑음,단일로 - 기타,승용,남,22세,상해없음,보행자,남,52세,중상
751,2018052500100593,2018년 5월 25일 20시,금요일,인천광역시 남동구 구월동,경상사고,0,0,1,0,차대사람 - 횡단중,신호위반,포장 - 건조,맑음,단일로 - 기타,승용,여,48세,상해없음,보행자,남,28세,경상
752,2018052500100631,2018년 5월 25일 21시,금요일,인천광역시 부평구 부평동,경상사고,0,0,1,0,차대사람 - 기타,안전운전불이행,포장 - 건조,맑음,단일로 - 기타,이륜,남,18세,상해없음,보행자,여,19세,경상
753,2018052600100107,2018년 5월 26일 06시,토요일,인천광역시 남동구 만수동,경상사고,0,0,1,0,차대사람 - 기타,안전운전불이행,포장 - 건조,맑음,단일로 - 기타,승합,남,55세,상해없음,보행자,남,44세,경상
754,2018052600100405,2018년 5월 26일 15시,토요일,인천광역시 서구 원창동,중상사고,0,1,0,0,차대사람 - 보도통행중,교차로운행방법위반,포장 - 건조,맑음,단일로 - 기타,화물,남,59세,상해없음,보행자,남,47세,중상
755,2018052600100595,2018년 5월 26일 20시,토요일,인천광역시 중구 덕교동,경상사고,0,0,1,0,차대사람 - 기타,안전운전불이행,포장 - 건조,맑음,단일로 - 기타,승용,남,48세,상해없음,보행자,남,34세,경상
756,2018052600100645,2018년 5월 26일 22시,토요일,인천광역시 중구 을왕동,중상사고,0,1,0,0,차대사람 - 기타,안전운전불이행,포장 - 건조,맑음,기타 - 기타,승용,여,51세,상해없음,보행자,남,20세,중상
757,2018052700100017,2018년 5월 27일 00시,일요일,인천광역시 연수구 선학동,경상사고,0,0,2,0,차대사람 - 횡단중,보행자보호의무위반,포장 - 건조,맑음,단일로 - 기타,승용,여,38세,상해없음,보행자,남,20세,경상
758,2018052700100032,2018년 5월 27일 01시,일요일,인천광역시 계양구 계산동,중상사고,0,1,1,0,차대사람 - 기타,안전운전불이행,포장 - 건조,맑음,단일로 - 기타,승용,남,49세,상해없음,보행자,남,60세,중상
759,2018052700100064,2018년 5월 27일 03시,일요일,인천광역시 미추홀구 주안동,경상사고,0,0,1,0,차대사람 - 길가장자리구역통행중,안전운전불이행,포장 - 건조,맑음,교차로 - 교차로부근,승용,남,22세,상해없음,보행자,남,27세,경상
760,2018052700100238,2018년 5월 27일 14시,일요일,인천광역시 강화군 강화읍,경상사고,0,0,1,0,차대사람 - 횡단중,안전운전불이행,포장 - 건조,맑음,단일로 - 기타,승용,남,72세,상해없음,보행자,남,40세,경상
761,2018052700100292,2018년 5월 27일 16시,일요일,인천광역시 부평구 삼산동,중상사고,0,1,0,0,차대사람 - 기타,안전운전불이행,포장 - 건조,맑음,기타 - 기타,자전거,여,29세,상해없음,보행자,남,6세,중상
762,2018052700100339,2018년 5월 27일 18시,일요일,인천광역시 미추홀구 용현동,경상사고,0,0,1,0,차대사람 - 기타,안전운전불이행,포장 - 건조,맑음,기타 - 기타,승용,남,60세,기타불명,보행자,남,9세,경상
763,2018052800100022,2018년 5월 28일 02시,월요일,인천광역시 남동구 간석동,경상사고,0,0,1,0,차대사람 - 보도통행중,기타,포장 - 건조,맑음,기타 - 기타,승용,남,44세,상해없음,보행자,남,27세,경상
764,2018052800100213,2018년 5월 28일 10시,월요일,인천광역시 계양구 작전동,중상사고,0,1,0,0,차대사람 - 기타,안전운전불이행,포장 - 건조,맑음,기타 - 기타,승용,남,27세,상해없음,보행자,여,71세,중상
765,2018052800100246,2018년 5월 28일 11시,월요일,인천광역시 부평구 갈산동,중상사고,0,1,0,0,차대사람 - 횡단중,안전운전불이행,포장 - 건조,맑음,단일로 - 기타,승용,남,71세,상해없음,보행자,여,60세,중상
766,2018052800100280,2018년 5월 28일 12시,월요일,인천광역시 미추홀구 숭의동,경상사고,0,0,1,0,차대사람 - 차도통행중,안전운전불이행,포장 - 건조,맑음,교차로 - 교차로안,화물,남,49세,상해없음,보행자,여,76세,경상
767,2018052800100584,2018년 5월 28일 21시,월요일,인천광역시 서구 가좌동,경상사고,0,0,1,0,차대사람 - 횡단중,신호위반,포장 - 건조,맑음,교차로 - 교차로안,승합,남,59세,상해없음,보행자,여,36세,경상
768,2018052800100613,2018년 5월 28일 22시,월요일,인천광역시 계양구 작전동,경상사고,0,0,1,0,차대사람 - 기타,안전운전불이행,포장 - 건조,맑음,단일로 - 기타,승합,남,31세,상해없음,보행자,남,36세,경상
769,2018052800100633,2018년 5월 28일 23시,월요일,인천광역시 중구 운서동,사망사고,1,0,1,0,차대사람 - 기타,과속,포장 - 건조,맑음,교차로 - 교차로안,승용,남,58세,경상,보행자,여,48세,사망
770,2018052900100026,2018년 5월 29일 02시,화요일,인천광역시 남동구 간석동,경상사고,0,0,1,0,차대사람 - 기타,안전운전불이행,포장 - 건조,맑음,기타 - 기타,승용,남,32세,상해없음,보행자,여,27세,경상
771,2018052900100114,2018년 5월 29일 08시,화요일,인천광역시 계양구 작전동,경상사고,0,0,1,0,차대사람 - 기타,안전운전불이행,포장 - 건조,맑음,단일로 - 기타,승용,여,36세,상해없음,보행자,여,60세,경상
772,2018052900100233,2018년 5월 29일 12시,화요일,인천광역시 중구 신포동,경상사고,0,0,1,0,차대사람 - 기타,안전운전불이행,포장 - 건조,맑음,단일로 - 기타,승용,여,46세,상해없음,보행자,남,33세,경상
773,2018052900100296,2018년 5월 29일 14시,화요일,인천광역시 미추홀구 용현동,중상사고,0,1,0,0,차대사람 - 횡단중,보행자보호의무위반,포장 - 건조,맑음,교차로 - 교차로횡단보도내,승합,남,68세,상해없음,보행자,여,67세,중상
774,2018052900100331,2018년 5월 29일 15시,화요일,인천광역시 서구 석남동,중상사고,0,1,0,0,차대사람 - 기타,안전운전불이행,포장 - 건조,맑음,단일로 - 기타,승용,남,41세,상해없음,보행자,여,58세,중상
775,2018052900100500,2018년 5월 29일 19시,화요일,인천광역시 부평구 십정동,경상사고,0,0,1,0,차대사람 - 기타,안전운전불이행,포장 - 젖음/습기,비,단일로 - 기타,승용,여,59세,상해없음,보행자,남,42세,경상
776,2018052900100501,2018년 5월 29일 19시,화요일,인천광역시 계양구 용종동,경상사고,0,0,1,0,차대사람 - 횡단중,신호위반,포장 - 젖음/습기,비,교차로 - 교차로횡단보도내,승용,남,37세,상해없음,보행자,남,10세,경상
777,2018053000100141,2018년 5월 30일 08시,수요일,인천광역시 남동구 간석동,경상사고,0,0,1,0,차대사람 - 길가장자리구역통행중,안전운전불이행,포장 - 건조,맑음,단일로 - 기타,기타불명,기타불명,미분류,기타불명,보행자,여,26세,경상
778,2018053000100282,2018년 5월 30일 13시,수요일,인천광역시 미추홀구 학익동,부상신고사고,0,0,0,1,차대사람 - 횡단중,안전운전불이행,포장 - 건조,맑음,교차로 - 교차로횡단보도내,승용,남,57세,기타불명,보행자,여,20세,부상신고
779,2018053000100423,2018년 5월 30일 16시,수요일,인천광역시 서구 마전동,경상사고,0,0,1,0,차대사람 - 횡단중,보행자보호의무위반,포장 - 건조,맑음,교차로 - 교차로부근,화물,남,54세,상해없음,보행자,남,18세,경상
780,2018053000100466,2018년 5월 30일 17시,수요일,인천광역시 강화군 삼산면,경상사고,0,0,1,0,차대사람 - 기타,안전운전불이행,포장 - 건조,맑음,기타 - 기타,승합,남,51세,상해없음,보행자,여,67세,경상
781,2018053000100537,2018년 5월 30일 19시,수요일,인천광역시 미추홀구 숭의동,중상사고,0,1,0,0,차대사람 - 횡단중,안전운전불이행,포장 - 건조,맑음,기타 - 기타,승용,남,68세,기타불명,보행자,여,57세,중상
782,2018053000100568,2018년 5월 30일 20시,수요일,인천광역시 중구 인현동,경상사고,0,0,1,0,차대사람 - 기타,안전운전불이행,포장 - 건조,맑음,단일로 - 기타,승용,남,35세,상해없음,보행자,남,47세,경상
783,2018053000100569,2018년 5월 30일 20시,수요일,인천광역시 서구 석남동,중상사고,0,1,0,0,차대사람 - 차도통행중,안전운전불이행,포장 - 건조,맑음,단일로 - 기타,승용,남,31세,상해없음,보행자,남,54세,중상
784,2018053000100570,2018년 5월 30일 20시,수요일,인천광역시 계양구 효성동,중상사고,0,1,0,0,차대사람 - 기타,안전운전불이행,포장 - 건조,맑음,단일로 - 기타,승용,여,44세,상해없음,보행자,남,59세,중상
785,2018053100100370,2018년 5월 31일 14시,목요일,인천광역시 서구 당하동,경상사고,0,0,1,0,차대사람 - 횡단중,신호위반,포장 - 건조,맑음,교차로 - 교차로부근,승용,여,51세,상해없음,보행자,여,10세,경상
786,2018053100100371,2018년 5월 31일 14시,목요일,인천광역시 강화군 양사면,부상신고사고,0,0,0,1,차대사람 - 길가장자리구역통행중,안전운전불이행,포장 - 건조,맑음,단일로 - 기타,승용,남,63세,상해없음,보행자,남,27세,부상신고
787,2018053100100509,2018년 5월 31일 17시,목요일,인천광역시 계양구 효성동,경상사고,0,0,1,0,차대사람 - 차도통행중,안전운전불이행,포장 - 건조,맑음,단일로 - 기타,승용,남,51세,상해없음,보행자,여,79세,경상
788,2018053100100555,2018년 5월 31일 18시,목요일,인천광역시 부평구 부개동,중상사고,0,1,0,0,차대사람 - 기타,기타,포장 - 건조,맑음,단일로 - 기타,승합,남,64세,상해없음,보행자,여,55세,중상
789,2018060100100101,2018년 6월 1일 07시,금요일,인천광역시 미추홀구 용현동,경상사고,0,0,1,0,차대사람 - 횡단중,보행자보호의무위반,포장 - 건조,맑음,교차로 - 교차로부근,승용,여,31세,상해없음,보행자,여,17세,경상
790,2018060100100224,2018년 6월 1일 10시,금요일,인천광역시 부평구 부평동,중상사고,0,1,0,0,차대사람 - 기타,안전운전불이행,포장 - 건조,맑음,교차로 - 교차로부근,건설기계,남,43세,상해없음,보행자,여,77세,중상