,사고번호,사고일시,요일,시군구,사고내용,사망자수,중상자수,경상자수,부상신고자수,사고유형,법규위반,노면상태,기상상태,도로형태,가해운전자 차종,가해운전자 성별,가해운전자 연령,가해운전자 상해정도,피해운전자 차종,피해운전자 성별,피해운전자 연령,피해운전자 상해정도
1018,2018071600100086,2018년 7월 16일 07시,월요일,인천광역시 부평구 갈산동,경상사고,0,0,1,0,차대사람 - 기타,안전운전불이행,포장 - 건조,맑음,기타 - 기타,승용,남,63세,상해없음,보행자,남,61세,경상
1019,2018071600100134,2018년 7월 16일 08시,월요일,인천광역시 남동구 만수동,중상사고,0,1,0,0,차대사람 - 보도통행중,보행자보호의무위반,포장 - 건조,맑음,교차로 - 교차로부근,화물,남,51세,상해없음,보행자,여,60세,중상
1020,2018071600100170,2018년 7월 16일 09시,월요일,인천광역시 계양구 계산동,중상사고,0,1,0,0,차대사람 - 기타,안전운전불이행,포장 - 건조,맑음,교차로 - 교차로부근,승용,여,56세,상해없음,보행자,여,51세,중상
1021,2018071600100452,2018년 7월 16일 17시,월요일,인천광역시 미추홀구 도화동,경상사고,0,0,1,0,차대사람 - 길가장자리구역통행중,안전운전불이행,포장 - 건조,맑음,기타 - 기타,승용,남,71세,상해없음,보행자,여,68세,경상
1022,2018071600100510,2018년 7월 16일 18시,월요일,인천광역시 남동구 간석동,경상사고,0,0,1,0,차대사람 - 길가장자리구역통행중,안전운전불이행,포장 - 건조,맑음,단일로 - 기타,승용,남,51세,상해없음,보행자,남,49세,경상
1023,2018071600100512,2018년 7월 16일 18시,월요일,인천광역시 부평구 삼산동,중상사고,0,1,0,0,차대사람 - 횡단중,신호위반,포장 - 건조,맑음,단일로 - 기타,승용,여,53세,상해없음,보행자,남,54세,중상
1024,2018071600100513,2018년 7월 16일 18시,월요일,인천광역시 남동구 논현동,경상사고,0,0,1,0,차대사람 - 횡단중,안전운전불이행,포장 - 건조,맑음,단일로 - 기타,승합,남,46세,상해없음,보행자,여,17세,경상
1025,2018071700100258,2018년 7월 17일 11시,화요일,인천광역시 남동구 만수동,경상사고,0,0,1,0,차대사람 - 기타,안전운전불이행,포장 - 건조,맑음,단일로 - 기타,기타불명,기타불명,미분류,기타불명,보행자,여,42세,경상
1026,2018071700100581,2018년 7월 17일 19시,화요일,인천광역시 계양구 작전동,경상사고,0,0,1,0,차대사람 - 보도통행중,기타,포장 - 건조,맑음,단일로 - 기타,승용,남,55세,상해없음,보행자,여,34세,경상
1027,2018071800100018,2018년 7월 18일 00시,수요일,인천광역시 계양구 작전동,경상사고,0,0,1,0,차대사람 - 기타,안전운전불이행,포장 - 건조,맑음,단일로 - 기타,기타불명,기타불명,미분류,기타불명,보행자,여,23세,경상
1028,2018071800100026,2018년 7월 18일 01시,수요일,인천광역시 남동구 구월동,경상사고,0,0,1,0,차대사람 - 횡단중,안전운전불이행,포장 - 건조,맑음,단일로 - 기타,승합,남,28세,상해없음,보행자,여,18세,경상
1029,2018071800100141,2018년 7월 18일 08시,수요일,인천광역시 부평구 부평동,중상사고,0,1,0,0,차대사람 - 기타,안전운전불이행,포장 - 건조,맑음,단일로 - 기타,승합,남,56세,상해없음,보행자,여,70세,중상
1030,2018071800100265,2018년 7월 18일 12시,수요일,인천광역시 남동구 만수동,경상사고,0,0,1,0,차대사람 - 횡단중,보행자보호의무위반,포장 - 건조,맑음,교차로 - 교차로횡단보도내,승용,여,50세,상해없음,보행자,여,62세,경상
1031,2018071800100533,2018년 7월 18일 19시,수요일,인천광역시 서구 가좌동,경상사고,0,0,1,0,차대사람 - 기타,신호위반,포장 - 건조,맑음,교차로 - 교차로부근,이륜,남,23세,상해없음,보행자,여,16세,경상
1032,2018071900100015,2018년 7월 19일 00시,목요일,인천광역시 서구 석남동,중상사고,0,1,0,0,차대사람 - 횡단중,안전운전불이행,포장 - 건조,맑음,단일로 - 기타,승용,여,64세,상해없음,보행자,남,47세,중상
1033,2018071900100342,2018년 7월 19일 13시,목요일,인천광역시 계양구 갈현동,경상사고,0,0,1,0,차대사람 - 횡단중,안전운전불이행,포장 - 건조,맑음,단일로 - 기타,승용,남,45세,상해없음,보행자,남,8세,경상
1034,2018071900100343,2018년 7월 19일 13시,목요일,인천광역시 계양구 계산동,중상사고,0,1,0,0,차대사람 - 횡단중,신호위반,포장 - 건조,맑음,교차로 - 교차로횡단보도내,이륜,남,43세,상해없음,보행자,여,57세,중상
1035,2018071900100401,2018년 7월 19일 15시,목요일,인천광역시 남동구 구월동,경상사고,0,0,1,0,차대사람 - 차도통행중,기타,포장 - 건조,맑음,단일로 - 기타,승용,남,45세,상해없음,보행자,여,7세,경상
1036,2018071900100402,2018년 7월 19일 15시,목요일,인천광역시 남동구 만수동,경상사고,0,0,1,0,차대사람 - 보도통행중,안전운전불이행,포장 - 건조,맑음,단일로 - 기타,승용,여,54세,상해없음,보행자,여,15세,경상
1037,2018071900100503,2018년 7월 19일 17시,목요일,인천광역시 연수구 선학동,중상사고,0,1,0,0,차대사람 - 차도통행중,안전운전불이행,포장 - 건조,맑음,단일로 - 기타,화물,남,59세,상해없음,보행자,여,76세,중상
1038,2018071900100694,2018년 7월 19일 22시,목요일,인천광역시 부평구 십정동,경상사고,0,0,1,0,차대사람 - 횡단중,안전운전불이행,포장 - 건조,맑음,단일로 - 기타,이륜,남,39세,상해없음,보행자,여,40세,경상
1039,2018072000100104,2018년 7월 20일 07시,금요일,인천광역시 서구 가좌동,중상사고,0,1,0,0,차대사람 - 길가장자리구역통행중,안전운전불이행,포장 - 건조,맑음,단일로 - 기타,승용,여,42세,상해없음,보행자,여,71세,중상
1040,2018072000100382,2018년 7월 20일 14시,금요일,인천광역시 중구 북성동1가,경상사고,0,0,1,0,차대사람 - 횡단중,안전운전불이행,포장 - 건조,맑음,교차로 - 교차로안,승용,남,58세,상해없음,보행자,남,42세,경상
1041,2018072000100681,2018년 7월 20일 20시,금요일,인천광역시 남동구 구월동,중상사고,0,1,0,0,차대사람 - 횡단중,안전운전불이행,포장 - 건조,맑음,기타 - 기타,이륜,남,45세,상해없음,보행자,남,76세,중상
1042,2018072000100682,2018년 7월 20일 20시,금요일,인천광역시 연수구 동춘동,경상사고,0,0,1,0,차대사람 - 횡단중,보행자보호의무위반,포장 - 건조,맑음,교차로 - 교차로횡단보도내,승용,여,59세,상해없음,보행자,여,27세,경상
1043,2018072000100734,2018년 7월 20일 21시,금요일,인천광역시 남동구 간석동,중상사고,0,1,0,0,차대사람 - 기타,안전운전불이행,포장 - 건조,맑음,기타 - 기타,기타불명,기타불명,미분류,기타불명,보행자,여,61세,중상
1044,2018072100100107,2018년 7월 21일 06시,토요일,인천광역시 연수구 청학동,부상신고사고,0,0,0,1,차대사람 - 기타,안전운전불이행,포장 - 건조,맑음,단일로 - 기타,기타불명,기타불명,미분류,기타불명,보행자,여,88세,부상신고
1045,2018072100100457,2018년 7월 21일 17시,토요일,인천광역시 서구 석남동,사망사고,1,0,0,0,차대사람 - 보도통행중,과속,포장 - 건조,맑음,교차로 - 교차로횡단보도내,화물,남,50세,기타불명,보행자,여,56세,사망
1046,2018072100100519,2018년 7월 21일 19시,토요일,인천광역시 서구 시천동,중상사고,0,1,0,0,차대사람 - 횡단중,안전운전불이행,포장 - 건조,맑음,단일로 - 기타,자전거,남,46세,상해없음,보행자,여,48세,중상
1047,2018072100100578,2018년 7월 21일 21시,토요일,인천광역시 계양구 계산동,부상신고사고,0,0,0,1,차대사람 - 차도통행중,안전운전불이행,포장 - 건조,맑음,교차로 - 교차로부근,승용,남,36세,상해없음,보행자,남,29세,부상신고
1048,2018072200100194,2018년 7월 22일 12시,일요일,인천광역시 남동구 구월동,경상사고,0,0,1,0,차대사람 - 기타,안전운전불이행,포장 - 건조,맑음,교차로 - 교차로안,화물,남,35세,기타불명,보행자,남,16세,경상
1049,2018072200100480,2018년 7월 22일 21시,일요일,인천광역시 서구 마전동,경상사고,0,0,1,0,차대사람 - 길가장자리구역통행중,안전운전불이행,포장 - 건조,맑음,단일로 - 기타,승용,여,48세,상해없음,보행자,남,17세,경상
1050,2018072300100193,2018년 7월 23일 10시,월요일,인천광역시 미추홀구 주안동,중상사고,0,1,0,0,차대사람 - 보도통행중,기타,포장 - 건조,맑음,기타 - 기타,승용,여,56세,상해없음,보행자,여,82세,중상
1051,2018072300100230,2018년 7월 23일 11시,월요일,인천광역시 연수구 청학동,중상사고,0,1,0,0,차대사람 - 횡단중,안전운전불이행,포장 - 건조,맑음,단일로 - 기타,승용,여,32세,상해없음,보행자,여,52세,중상
1052,2018072400100034,2018년 7월 24일 03시,화요일,인천광역시 연수구 송도동,경상사고,0,0,1,0,차대사람 - 기타,안전운전불이행,포장 - 건조,맑음,단일로 - 기타,승용,남,49세,상해없음,보행자,여,28세,경상
1053,2018072400100131,2018년 7월 24일 08시,화요일,인천광역시 부평구 부평동,경상사고,0,0,1,0,차대사람 - 기타,안전운전불이행,포장 - 건조,맑음,단일로 - 기타,승용,여,44세,상해없음,보행자,남,26세,경상
1054,2018072400100484,2018년 7월 24일 17시,화요일,인천광역시 연수구 청학동,경상사고,0,0,1,0,차대사람 - 길가장자리구역통행중,안전운전불이행,포장 - 건조,맑음,교차로 - 교차로안,화물,남,50세,상해없음,보행자,여,10세,경상
1055,2018072500100201,2018년 7월 25일 10시,수요일,인천광역시 부평구 부평동,부상신고사고,0,0,0,1,차대사람 - 기타,기타,포장 - 건조,맑음,단일로 - 기타,승용,남,52세,상해없음,보행자,여,68세,부상신고
1056,2018072500100203,2018년 7월 25일 10시,수요일,인천광역시 계양구 임학동,경상사고,0,0,1,0,차대사람 - 횡단중,보행자보호의무위반,포장 - 건조,맑음,단일로 - 기타,승용,여,44세,상해없음,보행자,남,34세,경상
1057,2018072500100443,2018년 7월 25일 17시,수요일,인천광역시 서구 마전동,경상사고,0,0,1,0,차대사람 - 길가장자리구역통행중,안전운전불이행,포장 - 건조,맑음,단일로 - 기타,화물,남,53세,상해없음,보행자,여,45세,경상
1058,2018072500100486,2018년 7월 25일 18시,수요일,인천광역시 남동구 고잔동,중상사고,0,1,0,0,차대사람 - 횡단중,보행자보호의무위반,포장 - 건조,맑음,교차로 - 교차로횡단보도내,승용,남,58세,상해없음,보행자,여,24세,중상
1059,2018072500100530,2018년 7월 25일 19시,수요일,인천광역시 서구 연희동,중상사고,0,2,0,0,차대사람 - 기타,안전운전불이행,포장 - 건조,맑음,교차로 - 교차로부근,승용,남,23세,상해없음,보행자,남,48세,중상
1060,2018072600100012,2018년 7월 26일 00시,목요일,인천광역시 남동구 간석동,중상사고,0,1,0,0,차대사람 - 차도통행중,안전운전불이행,포장 - 건조,맑음,단일로 - 기타,승용,남,25세,상해없음,보행자,남,51세,중상
1061,2018072600100038,2018년 7월 26일 02시,목요일,인천광역시 부평구 십정동,경상사고,0,0,1,0,차대사람 - 기타,신호위반,포장 - 건조,맑음,단일로 - 기타,승용,남,69세,상해없음,보행자,남,22세,경상
1062,2018072600100182,2018년 7월 26일 09시,목요일,인천광역시 서구 심곡동,중상사고,0,1,0,0,차대사람 - 횡단중,안전운전불이행,포장 - 건조,맑음,교차로 - 교차로부근,승용,여,30세,기타불명,보행자,여,77세,중상
1063,2018072600100209,2018년 7월 26일 10시,목요일,인천광역시 계양구 계산동,중상사고,0,1,0,0,차대사람 - 횡단중,보행자보호의무위반,포장 - 건조,맑음,교차로 - 교차로횡단보도내,승용,남,50세,상해없음,보행자,여,52세,중상
1064,2018072600100210,2018년 7월 26일 10시,목요일,인천광역시 계양구 작전동,사망사고,1,0,0,0,차대사람 - 횡단중,안전운전불이행,포장 - 건조,맑음,교차로 - 교차로안,화물,남,58세,상해없음,보행자,여,77세,사망
1065,2018072600100393,2018년 7월 26일 16시,목요일,인천광역시 계양구 효성동,경상사고,0,0,1,0,차대사람 - 기타,안전운전불이행,포장 - 건조,맑음,기타 - 기타,승용,남,79세,상해없음,보행자,남,56세,경상
1066,2018072600100434,2018년 7월 26일 17시,목요일,인천광역시 남동구 구월동,중상사고,0,1,0,0,차대사람 - 기타,보행자보호의무위반,포장 - 건조,맑음,교차로 - 교차로횡단보도내,승용,남,21세,상해없음,보행자,여,20세,중상
1067,2018072700100078,2018년 7월 27일 06시,금요일,인천광역시 미추홀구 주안동,경상사고,0,0,1,0,차대사람 - 기타,안전운전불이행,포장 - 건조,맑음,단일로 - 기타,승용,여,54세,상해없음,보행자,남,24세,경상
1068,2018072700100626,2018년 7월 27일 20시,금요일,인천광역시 부평구 부평동,경상사고,0,0,1,0,차대사람 - 차도통행중,안전운전불이행,포장 - 건조,맑음,교차로 - 교차로안,승용,남,22세,상해없음,보행자,남,29세,경상
1069,2018072800100087,2018년 7월 28일 05시,토요일,인천광역시 부평구 십정동,중상사고,0,1,0,0,차대사람 - 기타,안전운전불이행,포장 - 건조,맑음,단일로 - 기타,승용,남,57세,상해없음,보행자,여,61세,중상
1070,2018072800100137,2018년 7월 28일 08시,토요일,인천광역시 동구 송현동,중상사고,0,1,0,0,차대사람 - 횡단중,신호위반,포장 - 건조,맑음,단일로 - 기타,승용,남,70세,상해없음,보행자,여,34세,중상
1071,2018072800100279,2018년 7월 28일 12시,토요일,인천광역시 연수구 송도동,경상사고,0,0,1,0,차대사람 - 횡단중,신호위반,포장 - 건조,맑음,교차로 - 교차로횡단보도내,화물,남,52세,상해없음,보행자,여,16세,경상
1072,2018072800100350,2018년 7월 28일 14시,토요일,인천광역시 미추홀구 주안동,부상신고사고,0,0,0,1,차대사람 - 길가장자리구역통행중,안전운전불이행,포장 - 건조,맑음,기타 - 기타,기타불명,기타불명,미분류,기타불명,보행자,남,48세,부상신고
1073,2018072800100433,2018년 7월 28일 17시,토요일,인천광역시 부평구 부평동,부상신고사고,0,0,0,1,차대사람 - 기타,안전운전불이행,포장 - 건조,맑음,단일로 - 기타,승용,남,73세,상해없음,보행자,남,18세,부상신고
1074,2018072900100013,2018년 7월 29일 00시,일요일,인천광역시 미추홀구 관교동,사망사고,1,0,0,0,차대사람 - 기타,안전운전불이행,포장 - 건조,맑음,단일로 - 기타,승용,남,22세,상해없음,보행자,남,26세,사망
1075,2018072900100014,2018년 7월 29일 00시,일요일,인천광역시 남동구 구월동,경상사고,0,0,1,0,차대사람 - 기타,교차로운행방법위반,포장 - 건조,맑음,교차로 - 교차로안,승용,남,58세,상해없음,보행자,남,26세,경상
1076,2018072900100123,2018년 7월 29일 09시,일요일,인천광역시 남동구 간석동,중상사고,0,1,0,0,차대사람 - 차도통행중,안전운전불이행,포장 - 건조,맑음,단일로 - 기타,승용,여,60세,상해없음,보행자,여,77세,중상
1077,2018072900100124,2018년 7월 29일 09시,일요일,인천광역시 서구 가정동,중상사고,0,1,0,0,차대사람 - 횡단중,안전운전불이행,포장 - 건조,맑음,교차로 - 교차로부근,화물,남,56세,상해없음,보행자,여,71세,중상
1078,2018072900100444,2018년 7월 29일 20시,일요일,인천광역시 연수구 동춘동,경상사고,0,0,1,0,차대사람 - 횡단중,신호위반,포장 - 건조,맑음,교차로 - 교차로안,승용,여,42세,상해없음,보행자,여,6세,경상
1079,2018072900100483,2018년 7월 29일 22시,일요일,인천광역시 옹진군 영흥면,중상사고,0,1,0,0,차대사람 - 기타,안전운전불이행,포장 - 건조,맑음,교차로 - 교차로부근,승용,여,35세,상해없음,보행자,남,61세,중상
1080,2018073000100018,2018년 7월 30일 01시,월요일,인천광역시 계양구 작전동,중상사고,0,1,0,0,차대사람 - 차도통행중,안전운전불이행,포장 - 건조,맑음,단일로 - 기타,승용,남,56세,상해없음,보행자,남,52세,중상
1081,2018073000100163,2018년 7월 30일 09시,월요일,인천광역시 미추홀구 용현동,사망사고,1,0,0,0,차대사람 - 횡단중,안전운전불이행,포장 - 건조,맑음,교차로 - 교차로부근,승용,여,38세,상해없음,보행자,여,90세 이상,사망
1082,2018073000100360,2018년 7월 30일 14시,월요일,인천광역시 계양구 작전동,경상사고,0,0,1,0,차대사람 - 보도통행중,안전운전불이행,포장 - 건조,맑음,단일로 - 기타,승용,남,58세,상해없음,보행자,여,13세,경상
1083,2018073000100397,2018년 7월 30일 15시,월요일,인천광역시 부평구 삼산동,경상사고,0,0,1,0,차대사람 - 기타,안전운전불이행,포장 - 건조,맑음,단일로 - 기타,승용,남,45세,상해없음,보행자,남,27세,경상
1084,2018073000100568,2018년 7월 30일 19시,월요일,인천광역시 강화군 선원면,중상사고,0,1,0,0,차대사람 - 횡단중,보행자보호의무위반,포장 - 건조,맑음,교차로 - 교차로안,승용,남,61세,상해없음,보행자,남,75세,중상
1085,2018073100100224,2018년 7월 31일 11시,화요일,인천광역시 남동구 간석동,중상사고,0,1,0,0,차대사람 - 횡단중,보행자보호의무위반,포장 - 건조,맑음,교차로 - 교차로안,승용,남,39세,상해없음,보행자,여,72세,중상
1086,2018073100100632,2018년 7월 31일 23시,화요일,인천광역시 중구 을왕동,경상사고,0,0,1,0,차대사람 - 기타,안전운전불이행,포장 - 건조,맑음,기타 - 기타,승용,남,19세,상해없음,보행자,여,42세,경상
1087,2018080100100015,2018년 8월 1일 00시,수요일,인천광역시 서구 마전동,경상사고,0,0,1,0,차대사람 - 기타,보행자보호의무위반,포장 - 건조,맑음,교차로 - 교차로횡단보도내,화물,남,51세,상해없음,보행자,여,46세,경상
1088,2018080100100181,2018년 8월 1일 09시,수요일,인천광역시 중구 경동,경상사고,0,0,1,0,차대사람 - 기타,안전운전불이행,포장 - 건조,맑음,단일로 - 기타,승합,남,51세,상해없음,보행자,여,45세,경상
1089,2018080100100183,2018년 8월 1일 09시,수요일,인천광역시 미추홀구 도화동,사망사고,1,0,0,0,차대사람 - 보도통행중,보행자보호의무위반,포장 - 건조,맑음,교차로 - 교차로횡단보도내,승용,남,18세,상해없음,보행자,남,68세,사망
1090,2018080100100278,2018년 8월 1일 12시,수요일,인천광역시 남동구 만수동,부상신고사고,0,0,0,1,차대사람 - 길가장자리구역통행중,안전운전불이행,포장 - 건조,맑음,기타 - 기타,승용,남,51세,상해없음,보행자,여,27세,부상신고
1091,2018080100100380,2018년 8월 1일 15시,수요일,인천광역시 미추홀구 주안동,경상사고,0,0,1,0,차대사람 - 횡단중,안전운전불이행,포장 - 건조,맑음,교차로 - 교차로횡단보도내,승용,남,63세,상해없음,보행자,여,72세,경상
1092,2018080100100472,2018년 8월 1일 17시,수요일,인천광역시 계양구 작전동,경상사고,0,0,1,0,차대사람 - 기타,기타,포장 - 건조,맑음,단일로 - 기타,승합,남,58세,상해없음,보행자,남,24세,경상
1093,2018080100100582,2018년 8월 1일 20시,수요일,인천광역시 동구 송림동,중상사고,0,1,0,0,차대사람 - 횡단중,안전운전불이행,포장 - 건조,맑음,단일로 - 기타,승용,여,60세,상해없음,보행자,남,58세,중상
1094,2018080100100617,2018년 8월 1일 21시,수요일,인천광역시 서구 연희동,경상사고,0,0,1,0,차대사람 - 기타,안전운전불이행,포장 - 건조,맑음,주차장 - 주차장,승용,남,39세,상해없음,보행자,여,61세,경상
1095,2018080200100054,2018년 8월 2일 04시,목요일,인천광역시 연수구 연수동,중상사고,0,1,0,0,차대사람 - 기타,안전운전불이행,포장 - 건조,맑음,단일로 - 기타,승용,남,54세,상해없음,보행자,여,73세,중상
1096,2018080200100190,2018년 8월 2일 09시,목요일,인천광역시 미추홀구 주안동,경상사고,0,0,1,0,차대사람 - 보도통행중,안전운전불이행,포장 - 건조,맑음,단일로 - 기타,기타불명,기타불명,미분류,기타불명,보행자,여,56세,경상
1097,2018080200100282,2018년 8월 2일 12시,목요일,인천광역시 연수구 연수동,중상사고,0,1,0,0,차대사람 - 횡단중,보행자보호의무위반,포장 - 건조,맑음,교차로 - 교차로부근,승용,남,25세,상해없음,보행자,여,76세,중상
1098,2018080200100560,2018년 8월 2일 20시,목요일,인천광역시 중구 항동7가,경상사고,0,0,1,0,차대사람 - 기타,안전운전불이행,포장 - 건조,맑음,단일로 - 기타,승용,여,62세,상해없음,보행자,여,80세,경상
1099,2018080300100319,2018년 8월 3일 14시,금요일,인천광역시 부평구 십정동,경상사고,0,0,1,0,차대사람 - 기타,안전운전불이행,포장 - 건조,맑음,교차로 - 교차로안,화물,남,55세,상해없음,보행자,남,18세,경상
1100,2018080300100320,2018년 8월 3일 14시,금요일,인천광역시 부평구 삼산동,중상사고,0,1,0,0,차대사람 - 횡단중,보행자보호의무위반,포장 - 건조,맑음,교차로 - 교차로횡단보도내,화물,남,39세,상해없음,보행자,남,77세,중상
1101,2018080400100021,2018년 8월 4일 00시,토요일,인천광역시 서구 마전동,중상사고,0,1,0,0,차대사람 - 기타,안전운전불이행,포장 - 건조,맑음,교차로 - 교차로안,승용,남,20세,상해없음,보행자,남,53세,중상
1102,2018080400100063,2018년 8월 4일 03시,토요일,인천광역시 부평구 부평동,경상사고,0,0,1,0,차대사람 - 차도통행중,안전운전불이행,포장 - 건조,맑음,교차로 - 교차로안,승용,남,30세,상해없음,보행자,남,24세,경상
1103,2018080400100191,2018년 8월 4일 10시,토요일,인천광역시 남동구 만수동,경상사고,0,0,1,0,차대사람 - 길가장자리구역통행중,안전운전불이행,포장 - 건조,맑음,단일로 - 기타,승용,남,43세,상해없음,보행자,여,62세,경상
1104,2018080400100362,2018년 8월 4일 16시,토요일,인천광역시 부평구 삼산동,경상사고,0,0,1,0,차대사람 - 기타,안전운전불이행,포장 - 건조,맑음,기타 - 기타,승용,여,43세,상해없음,보행자,여,61세,경상
1105,2018080400100426,2018년 8월 4일 18시,토요일,인천광역시 연수구 연수동,경상사고,0,0,1,0,차대사람 - 기타,안전운전불이행,포장 - 건조,맑음,단일로 - 기타,승용,남,64세,상해없음,보행자,여,22세,경상
1106,2018080400100484,2018년 8월 4일 20시,토요일,인천광역시 중구 을왕동,경상사고,0,0,1,0,차대사람 - 기타,안전운전불이행,포장 - 건조,맑음,기타 - 기타,승용,남,45세,상해없음,보행자,남,41세,경상
1107,2018080400100486,2018년 8월 4일 20시,토요일,인천광역시 연수구 동춘동,경상사고,0,0,1,0,차대사람 - 횡단중,안전운전불이행,포장 - 건조,맑음,교차로 - 교차로부근,승용,남,31세,상해없음,보행자,여,17세,경상
1108,2018080500100015,2018년 8월 5일 00시,일요일,인천광역시 부평구 부평동,경상사고,0,0,1,0,차대사람 - 보도통행중,기타,포장 - 건조,맑음,단일로 - 기타,이륜,남,17세,상해없음,보행자,남,21세,경상
1109,2018080500100455,2018년 8월 5일 21시,일요일,인천광역시 미추홀구 주안동,경상사고,0,0,1,0,차대사람 - 보도통행중,보행자보호의무위반,포장 - 건조,맑음,교차로 - 교차로횡단보도내,승용,남,59세,상해없음,보행자,남,77세,경상
1110,2018080600100007,2018년 8월 6일 00시,월요일,인천광역시 미추홀구 문학동,경상사고,0,0,1,0,차대사람 - 횡단중,안전운전불이행,포장 - 건조,맑음,교차로 - 교차로횡단보도내,승용,남,72세,상해없음,보행자,남,20세,경상
1111,2018080600100012,2018년 8월 6일 01시,월요일,인천광역시 남동구 구월동,중상사고,0,1,0,0,차대사람 - 횡단중,보행자보호의무위반,포장 - 건조,맑음,단일로 - 기타,승용,남,72세,상해없음,보행자,남,55세,중상
1112,2018080600100042,2018년 8월 6일 05시,월요일,인천광역시 계양구 귤현동,사망사고,1,0,0,0,차대사람 - 차도통행중,안전운전불이행,포장 - 건조,맑음,단일로 - 기타,승용,남,63세,상해없음,보행자,여,79세,사망
1113,2018080600100068,2018년 8월 6일 07시,월요일,인천광역시 중구 신흥동3가,중상사고,0,1,0,0,차대사람 - 차도통행중,안전운전불이행,포장 - 건조,맑음,교차로 - 교차로안,승용,남,60세,상해없음,보행자,남,76세,중상
1114,2018080600100198,2018년 8월 6일 11시,월요일,인천광역시 연수구 동춘동,경상사고,0,0,1,0,차대사람 - 횡단중,신호위반,포장 - 건조,맑음,교차로 - 교차로안,승용,남,68세,상해없음,보행자,여,17세,경상
1115,2018080600100238,2018년 8월 6일 12시,월요일,인천광역시 부평구 부평동,경상사고,0,0,1,0,차대사람 - 기타,안전운전불이행,포장 - 건조,맑음,단일로 - 기타,승용,남,58세,상해없음,보행자,남,8세,경상
1116,2018080600100415,2018년 8월 6일 17시,월요일,인천광역시 남동구 만수동,부상신고사고,0,0,0,1,차대사람 - 기타,안전운전불이행,포장 - 건조,맑음,단일로 - 기타,기타불명,기타불명,미분류,기타불명,보행자,여,14세,부상신고
1117,2018080600100541,2018년 8월 6일 21시,월요일,인천광역시 동구 만석동,중상사고,0,1,0,0,차대사람 - 기타,안전운전불이행,포장 - 건조,맑음,단일로 - 기타,승용,남,33세,상해없음,보행자,남,50세,중상
1118,2018080600100561,2018년 8월 6일 22시,월요일,인천광역시 계양구 작전동,경상사고,0,0,1,0,차대사람 - 기타,안전운전불이행,포장 - 건조,맑음,단일로 - 기타,화물,남,53세,상해없음,보행자,남,25세,경상
1119,2018080700100278,2018년 8월 7일 13시,화요일,인천광역시 미추홀구 주안동,경상사고,0,0,1,0,차대사람 - 기타,안전운전불이행,포장 - 건조,맑음,단일로 - 기타,승용,남,51세,기타불명,보행자,여,22세,경상
1120,2018080700100340,2018년 8월 7일 15시,화요일,인천광역시 연수구 연수동,중상사고,0,1,0,0,차대사람 - 횡단중,안전운전불이행,포장 - 건조,맑음,단일로 - 기타,승합,남,41세,상해없음,보행자,남,58세,중상
1121,2018080700100497,2018년 8월 7일 19시,화요일,인천광역시 계양구 계산동,경상사고,0,0,1,0,차대사람 - 횡단중,신호위반,포장 - 건조,맑음,단일로 - 기타,승합,남,43세,상해없음,보행자,남,24세,경상
1122,2018080800100040,2018년 8월 8일 04시,수요일,인천광역시 계양구 작전동,경상사고,0,0,1,0,차대사람 - 길가장자리구역통행중,안전운전불이행,포장 - 건조,맑음,단일로 - 기타,승용,남,54세,상해없음,보행자,남,49세,경상
1123,2018080800100336,2018년 8월 8일 15시,수요일,인천광역시 서구 왕길동,경상사고,0,0,1,0,차대사람 - 기타,안전운전불이행,포장 - 건조,맑음,기타 - 기타,승용,여,41세,상해없음,보행자,여,58세,경상
1124,2018080800100338,2018년 8월 8일 15시,수요일,인천광역시 남동구 논현동,중상사고,0,1,0,0,차대사람 - 횡단중,보행자보호의무위반,포장 - 건조,맑음,교차로 - 교차로부근,승용,남,41세,상해없음,보행자,남,26세,중상
1125,2018080800100404,2018년 8월 8일 17시,수요일,인천광역시 서구 경서동,중상사고,0,1,0,0,차대사람 - 기타,안전운전불이행,포장 - 건조,맑음,단일로 - 기타,이륜,남,22세,상해없음,보행자,여,6세,중상
1126,2018080800100505,2018년 8월 8일 20시,수요일,인천광역시 강화군 강화읍,중상사고,0,1,0,0,차대사람 - 횡단중,안전운전불이행,포장 - 건조,맑음,교차로 - 교차로안,승용,남,56세,상해없음,보행자,남,73세,중상
1127,2018080800100578,2018년 8월 8일 23시,수요일,인천광역시 미추홀구 주안동,경상사고,0,0,1,0,차대사람 - 길가장자리구역통행중,안전운전불이행,포장 - 기타,기타,기타 - 기타,승합,남,47세,상해없음,보행자,남,43세,경상
1128,2018080900100161,2018년 8월 9일 09시,목요일,인천광역시 동구 송림동,중상사고,0,1,0,0,차대사람 - 횡단중,안전운전불이행,포장 - 건조,맑음,단일로 - 기타,화물,남,39세,상해없음,보행자,여,90세 이상,중상
1129,2018080900100365,2018년 8월 9일 15시,목요일,인천광역시 서구 석남동,중상사고,0,1,0,0,차대사람 - 기타,기타,포장 - 건조,맑음,단일로 - 기타,화물,남,24세,상해없음,보행자,여,7세,중상