,사고번호,사고일시,요일,시군구,사고내용,사망자수,중상자수,경상자수,부상신고자수,사고유형,법규위반,노면상태,기상상태,도로형태,가해운전자 차종,가해운전자 성별,가해운전자 연령,가해운전자 상해정도,피해운전자 차종,피해운전자 성별,피해운전자 연령,피해운전자 상해정도
1243,2018090400100222,2018년 9월 4일 11시,화요일,인천광역시 서구 심곡동,중상사고,0,1,0,0,차대사람 - 기타,안전운전불이행,포장 - 건조,맑음,단일로 - 기타,승용,여,58세,상해없음,보행자,남,20세,중상
1244,2018090400100426,2018년 9월 4일 17시,화요일,인천광역시 부평구 십정동,부상신고사고,0,0,0,1,차대사람 - 기타,안전운전불이행,포장 - 건조,맑음,교차로 - 교차로부근,기타불명,기타불명,미분류,기타불명,보행자,남,67세,부상신고
1245,2018090400100474,2018년 9월 4일 18시,화요일,인천광역시 서구 원당동,경상사고,0,0,1,0,차대사람 - 횡단중,안전운전불이행,포장 - 건조,맑음,기타 - 기타,기타불명,기타불명,미분류,기타불명,보행자,남,50세,경상
1246,2018090400100475,2018년 9월 4일 18시,화요일,인천광역시 연수구 동춘동,중상사고,0,1,0,0,차대사람 - 횡단중,안전운전불이행,포장 - 건조,맑음,단일로 - 기타,화물,남,55세,상해없음,보행자,여,71세,중상
1247,2018090400100516,2018년 9월 4일 19시,화요일,인천광역시 동구 송림동,중상사고,0,1,0,0,차대사람 - 기타,안전운전불이행,포장 - 건조,맑음,교차로 - 교차로안,승용,남,60세,상해없음,보행자,남,71세,중상
1248,2018090400100517,2018년 9월 4일 19시,화요일,인천광역시 서구 가정동,중상사고,0,1,0,0,차대사람 - 횡단중,보행자보호의무위반,포장 - 건조,맑음,교차로 - 교차로부근,승용,남,71세,상해없음,보행자,남,26세,중상
1249,2018090500100020,2018년 9월 5일 00시,수요일,인천광역시 중구 중산동,경상사고,0,0,1,0,차대사람 - 길가장자리구역통행중,안전운전불이행,포장 - 건조,맑음,단일로 - 기타,기타불명,기타불명,미분류,기타불명,보행자,여,21세,경상
1250,2018090500100260,2018년 9월 5일 11시,수요일,인천광역시 부평구 부평동,경상사고,0,0,1,0,차대사람 - 기타,안전운전불이행,포장 - 건조,맑음,단일로 - 기타,기타불명,기타불명,미분류,기타불명,보행자,여,59세,경상
1251,2018090500100339,2018년 9월 5일 14시,수요일,인천광역시 중구 중산동,경상사고,0,0,1,0,차대사람 - 횡단중,보행자보호의무위반,포장 - 건조,맑음,교차로 - 교차로부근,기타불명,기타불명,미분류,기타불명,보행자,여,35세,경상
1252,2018090500100415,2018년 9월 5일 16시,수요일,인천광역시 부평구 삼산동,경상사고,0,0,1,0,차대사람 - 보도통행중,교차로운행방법위반,포장 - 건조,맑음,교차로 - 교차로안,기타불명,기타불명,미분류,기타불명,보행자,여,18세,경상
1253,2018090500100473,2018년 9월 5일 17시,수요일,인천광역시 부평구 부개동,경상사고,0,0,1,0,차대사람 - 횡단중,보행자보호의무위반,포장 - 건조,맑음,교차로 - 교차로횡단보도내,화물,남,58세,상해없음,보행자,여,17세,경상
1254,2018090500100567,2018년 9월 5일 19시,수요일,인천광역시 계양구 계산동,경상사고,0,0,1,0,차대사람 - 횡단중,안전운전불이행,포장 - 건조,맑음,교차로 - 교차로부근,승용,여,57세,상해없음,보행자,여,37세,경상
1255,2018090500100636,2018년 9월 5일 21시,수요일,인천광역시 남동구 구월동,경상사고,0,0,2,0,차대사람 - 기타,안전운전불이행,포장 - 건조,맑음,기타 - 기타,승용,남,28세,상해없음,보행자,여,36세,경상
1256,2018090600100027,2018년 9월 6일 02시,목요일,인천광역시 서구 불로동,중상사고,0,1,0,0,차대사람 - 횡단중,신호위반,포장 - 건조,맑음,단일로 - 기타,승용,여,42세,상해없음,보행자,여,41세,중상
1257,2018090600100062,2018년 9월 6일 06시,목요일,인천광역시 동구 만석동,중상사고,0,1,0,0,차대사람 - 횡단중,신호위반,포장 - 건조,맑음,교차로 - 교차로횡단보도내,승용,남,58세,상해없음,보행자,여,76세,중상
1258,2018090600100167,2018년 9월 6일 10시,목요일,인천광역시 서구 마전동,중상사고,0,1,0,0,차대사람 - 보도통행중,보행자보호의무위반,포장 - 건조,맑음,교차로 - 교차로횡단보도내,자전거,남,37세,상해없음,보행자,여,38세,중상
1259,2018090600100255,2018년 9월 6일 13시,목요일,인천광역시 남동구 간석동,중상사고,0,1,0,0,차대사람 - 기타,안전운전불이행,포장 - 건조,맑음,기타 - 기타,화물,남,52세,상해없음,보행자,남,52세,중상
1260,2018090700100200,2018년 9월 7일 09시,금요일,인천광역시 중구 운북동,경상사고,0,0,1,0,차대사람 - 기타,기타,포장 - 건조,맑음,단일로 - 기타,승합,남,57세,상해없음,보행자,남,53세,경상
1261,2018090700100201,2018년 9월 7일 09시,금요일,인천광역시 서구 공촌동,경상사고,0,0,1,0,차대사람 - 차도통행중,안전운전불이행,포장 - 건조,맑음,교차로 - 교차로안,승용,여,38세,상해없음,보행자,여,54세,경상
1262,2018090700100496,2018년 9월 7일 17시,금요일,인천광역시 서구 가정동,중상사고,0,1,0,0,차대사람 - 기타,신호위반,포장 - 건조,맑음,교차로 - 교차로부근,승용,남,57세,기타불명,보행자,여,56세,중상
1263,2018090700100591,2018년 9월 7일 19시,금요일,인천광역시 부평구 십정동,경상사고,0,0,1,0,차대사람 - 기타,안전운전불이행,포장 - 건조,맑음,단일로 - 기타,승용,남,42세,상해없음,보행자,남,31세,경상
1264,2018090800100302,2018년 9월 8일 12시,토요일,인천광역시 남동구 간석동,중상사고,0,1,0,0,차대사람 - 기타,안전운전불이행,포장 - 건조,맑음,기타 - 기타,화물,남,41세,상해없음,보행자,여,76세,중상
1265,2018090800100303,2018년 9월 8일 12시,토요일,인천광역시 남동구 구월동,경상사고,0,0,1,0,차대사람 - 기타,안전운전불이행,포장 - 건조,맑음,기타 - 기타,기타불명,기타불명,미분류,기타불명,보행자,남,17세,경상
1266,2018090800100379,2018년 9월 8일 14시,토요일,인천광역시 동구 금곡동,경상사고,0,0,1,0,차대사람 - 횡단중,보행자보호의무위반,포장 - 건조,맑음,교차로 - 교차로횡단보도내,승용,남,59세,상해없음,보행자,남,72세,경상
1267,2018090800100488,2018년 9월 8일 17시,토요일,인천광역시 부평구 십정동,경상사고,0,0,1,0,차대사람 - 기타,안전운전불이행,포장 - 건조,맑음,기타 - 기타,승용,남,67세,상해없음,보행자,여,70세,경상
1268,2018090800100489,2018년 9월 8일 17시,토요일,인천광역시 남동구 간석동,경상사고,0,0,1,0,차대사람 - 길가장자리구역통행중,안전운전불이행,포장 - 건조,맑음,단일로 - 기타,승용,여,44세,상해없음,보행자,남,52세,경상
1269,2018090800100490,2018년 9월 8일 17시,토요일,인천광역시 서구 가정동,경상사고,0,0,1,0,차대사람 - 횡단중,신호위반,포장 - 건조,맑음,교차로 - 교차로횡단보도내,승용,남,68세,상해없음,보행자,남,15세,경상
1270,2018090800100491,2018년 9월 8일 17시,토요일,인천광역시 계양구 계산동,경상사고,0,0,1,0,차대사람 - 기타,안전운전불이행,포장 - 건조,맑음,단일로 - 기타,승용,남,66세,기타불명,보행자,여,30세,경상
1271,2018090800100595,2018년 9월 8일 20시,토요일,인천광역시 서구 당하동,중상사고,0,1,0,0,차대사람 - 차도통행중,안전운전불이행,포장 - 건조,맑음,단일로 - 기타,승용,여,32세,상해없음,보행자,남,11세,중상
1272,2018090900100031,2018년 9월 9일 01시,일요일,인천광역시 남동구 구월동,중상사고,0,1,0,0,차대사람 - 기타,안전운전불이행,포장 - 건조,맑음,단일로 - 기타,승용,남,62세,상해없음,보행자,남,49세,중상
1273,2018090900100162,2018년 9월 9일 10시,일요일,인천광역시 중구 운서동,경상사고,0,0,1,0,차대사람 - 길가장자리구역통행중,안전운전불이행,포장 - 건조,맑음,단일로 - 기타,승용,남,61세,상해없음,보행자,남,21세,경상
1274,2018090900100248,2018년 9월 9일 13시,일요일,인천광역시 계양구 계산동,중상사고,0,1,0,0,차대사람 - 횡단중,안전운전불이행,포장 - 건조,맑음,단일로 - 기타,승용,남,37세,상해없음,보행자,남,70세,중상
1275,2018091000100215,2018년 9월 10일 09시,월요일,인천광역시 남동구 간석동,경상사고,0,0,1,0,차대사람 - 기타,안전운전불이행,포장 - 건조,맑음,단일로 - 기타,승합,남,59세,상해없음,보행자,여,48세,경상
1276,2018091000100280,2018년 9월 10일 11시,월요일,인천광역시 남동구 구월동,경상사고,0,0,1,0,차대사람 - 기타,안전운전불이행,포장 - 건조,맑음,단일로 - 기타,승합,남,59세,상해없음,보행자,여,32세,경상
1277,2018091000100319,2018년 9월 10일 12시,월요일,인천광역시 부평구 청천동,중상사고,0,1,0,0,차대사람 - 횡단중,보행자보호의무위반,포장 - 건조,맑음,교차로 - 교차로안,승용,남,49세,상해없음,보행자,여,75세,중상
1278,2018091000100346,2018년 9월 10일 13시,월요일,인천광역시 서구 마전동,경상사고,0,0,1,0,차대사람 - 길가장자리구역통행중,안전운전불이행,포장 - 건조,맑음,단일로 - 기타,승용,여,56세,상해없음,보행자,남,79세,경상
1279,2018091000100423,2018년 9월 10일 15시,월요일,인천광역시 동구 화수동,경상사고,0,0,1,0,차대사람 - 기타,안전운전불이행,포장 - 건조,맑음,기타 - 기타,승용,남,44세,상해없음,보행자,여,78세,경상
1280,2018091000100424,2018년 9월 10일 15시,월요일,인천광역시 연수구 연수동,경상사고,0,0,1,0,차대사람 - 기타,기타,포장 - 건조,맑음,단일로 - 기타,승합,남,59세,상해없음,보행자,여,31세,경상
1281,2018091000100478,2018년 9월 10일 16시,월요일,인천광역시 미추홀구 주안동,중상사고,0,1,0,0,차대사람 - 길가장자리구역통행중,안전운전불이행,포장 - 건조,맑음,단일로 - 기타,화물,남,41세,상해없음,보행자,여,44세,중상
1282,2018091000100527,2018년 9월 10일 17시,월요일,인천광역시 남동구 서창동,경상사고,0,0,1,0,차대사람 - 횡단중,안전운전불이행,포장 - 건조,맑음,교차로 - 교차로횡단보도내,기타불명,기타불명,미분류,기타불명,보행자,남,6세,경상
1283,2018091000100662,2018년 9월 10일 20시,월요일,인천광역시 서구 가정동,경상사고,0,0,1,0,차대사람 - 횡단중,안전운전불이행,포장 - 건조,맑음,기타 - 기타,승합,남,58세,상해없음,보행자,남,49세,경상
1284,2018091000100695,2018년 9월 10일 21시,월요일,인천광역시 미추홀구 용현동,경상사고,0,0,1,0,차대사람 - 길가장자리구역통행중,안전운전불이행,포장 - 건조,맑음,단일로 - 기타,승용,남,46세,상해없음,보행자,남,21세,경상
1285,2018091100100051,2018년 9월 11일 05시,화요일,인천광역시 미추홀구 용현동,중상사고,0,1,0,0,차대사람 - 차도통행중,안전운전불이행,포장 - 건조,맑음,단일로 - 기타,승용,남,34세,상해없음,보행자,남,68세,중상
1286,2018091100100226,2018년 9월 11일 11시,화요일,인천광역시 부평구 부평동,중상사고,0,1,0,0,차대사람 - 차도통행중,안전운전불이행,포장 - 건조,맑음,교차로 - 교차로안,승용,남,32세,상해없음,보행자,남,68세,중상
1287,2018091100100343,2018년 9월 11일 15시,화요일,인천광역시 남동구 구월동,경상사고,0,0,1,0,차대사람 - 기타,기타,포장 - 건조,맑음,단일로 - 기타,승합,남,33세,상해없음,보행자,여,28세,경상
1288,2018091200100073,2018년 9월 12일 06시,수요일,인천광역시 부평구 부평동,경상사고,0,0,1,0,차대사람 - 기타,안전운전불이행,포장 - 건조,맑음,단일로 - 기타,승용,남,23세,상해없음,보행자,남,35세,경상
1289,2018091200100197,2018년 9월 12일 09시,수요일,인천광역시 미추홀구 문학동,중상사고,0,1,0,0,차대사람 - 횡단중,안전운전불이행,포장 - 건조,맑음,교차로 - 교차로안,승용,남,45세,상해없음,보행자,여,79세,중상
1290,2018091200100238,2018년 9월 12일 10시,수요일,인천광역시 미추홀구 문학동,경상사고,0,0,1,0,차대사람 - 기타,안전운전불이행,포장 - 건조,맑음,기타 - 기타,승합,남,37세,상해없음,보행자,남,38세,경상
1291,2018091200100239,2018년 9월 12일 10시,수요일,인천광역시 서구 마전동,경상사고,0,0,1,0,차대사람 - 횡단중,보행자보호의무위반,포장 - 건조,맑음,단일로 - 기타,승용,여,59세,상해없음,보행자,남,49세,경상
1292,2018091200100240,2018년 9월 12일 10시,수요일,인천광역시 강화군 선원면,경상사고,0,0,1,0,차대사람 - 횡단중,안전운전불이행,포장 - 건조,맑음,단일로 - 기타,화물,남,56세,기타불명,보행자,여,83세,경상
1293,2018091200100241,2018년 9월 12일 10시,수요일,인천광역시 부평구 갈산동,경상사고,0,0,1,0,차대사람 - 보도통행중,보행자보호의무위반,포장 - 건조,맑음,교차로 - 교차로횡단보도내,승용,남,65세,상해없음,보행자,여,7세,경상
1294,2018091200100395,2018년 9월 12일 14시,수요일,인천광역시 남동구 구월동,중상사고,0,1,0,0,차대사람 - 길가장자리구역통행중,안전운전불이행,포장 - 건조,맑음,단일로 - 기타,화물,남,51세,상해없음,보행자,남,68세,중상
1295,2018091200100586,2018년 9월 12일 18시,수요일,인천광역시 남동구 구월동,경상사고,0,0,2,0,차대사람 - 기타,안전운전불이행,포장 - 건조,맑음,교차로 - 교차로안,기타불명,기타불명,미분류,기타불명,보행자,남,25세,경상
1296,2018091200100635,2018년 9월 12일 19시,수요일,인천광역시 부평구 부평동,중상사고,0,1,0,0,차대사람 - 횡단중,신호위반,포장 - 건조,맑음,기타 - 기타,화물,남,56세,상해없음,보행자,여,25세,중상
1297,2018091300100013,2018년 9월 13일 00시,목요일,인천광역시 서구 왕길동,중상사고,0,1,0,0,차대사람 - 기타,안전운전불이행,포장 - 건조,맑음,단일로 - 기타,승합,남,64세,상해없음,보행자,남,33세,중상
1298,2018091300100265,2018년 9월 13일 12시,목요일,인천광역시 중구 송학동3가,중상사고,0,1,0,0,차대사람 - 보도통행중,안전운전불이행,포장 - 건조,맑음,교차로 - 교차로횡단보도내,화물,남,52세,상해없음,보행자,여,79세,중상
1299,2018091300100517,2018년 9월 13일 18시,목요일,인천광역시 남동구 고잔동,중상사고,0,1,0,0,차대사람 - 기타,안전운전불이행,포장 - 건조,맑음,기타 - 기타,자전거,남,57세,상해없음,보행자,여,51세,중상
1300,2018091300100604,2018년 9월 13일 20시,목요일,인천광역시 남동구 고잔동,경상사고,0,0,1,0,차대사람 - 횡단중,안전운전불이행,포장 - 건조,맑음,교차로 - 교차로안,기타불명,기타불명,미분류,기타불명,보행자,남,37세,경상
1301,2018091400100014,2018년 9월 14일 00시,금요일,인천광역시 남동구 논현동,경상사고,0,0,1,0,차대사람 - 기타,기타,포장 - 건조,맑음,주차장 - 주차장,승용,남,59세,상해없음,보행자,여,27세,경상
1302,2018091400100080,2018년 9월 14일 05시,금요일,인천광역시 중구 중산동,사망사고,1,0,0,0,차대사람 - 횡단중,과속,포장 - 건조,맑음,교차로 - 교차로횡단보도내,승용,남,21세,상해없음,보행자,여,45세,사망
1303,2018091400100123,2018년 9월 14일 07시,금요일,인천광역시 미추홀구 학익동,중상사고,0,1,0,0,차대사람 - 차도통행중,안전운전불이행,포장 - 건조,맑음,교차로 - 교차로안,승용,남,55세,상해없음,보행자,여,67세,중상
1304,2018091400100163,2018년 9월 14일 08시,금요일,인천광역시 미추홀구 용현동,부상신고사고,0,0,0,1,차대사람 - 기타,안전운전불이행,포장 - 건조,맑음,교차로 - 교차로부근,기타불명,기타불명,미분류,기타불명,보행자,여,15세,부상신고
1305,2018091400100269,2018년 9월 14일 11시,금요일,인천광역시 서구 석남동,부상신고사고,0,0,0,1,차대사람 - 기타,안전운전불이행,포장 - 건조,맑음,교차로 - 교차로안,승용,여,61세,상해없음,보행자,여,83세,부상신고
1306,2018091400100270,2018년 9월 14일 11시,금요일,인천광역시 계양구 계산동,경상사고,0,0,1,0,차대사람 - 횡단중,안전운전불이행,포장 - 건조,맑음,교차로 - 교차로안,승용,여,53세,상해없음,보행자,여,54세,경상
1307,2018091400100369,2018년 9월 14일 14시,금요일,인천광역시 미추홀구 주안동,경상사고,0,0,1,0,차대사람 - 길가장자리구역통행중,안전운전불이행,포장 - 건조,맑음,단일로 - 기타,승용,남,41세,상해없음,보행자,여,7세,경상
1308,2018091400100479,2018년 9월 14일 17시,금요일,인천광역시 서구 검암동,중상사고,0,1,0,0,차대사람 - 기타,안전운전불이행,포장 - 건조,맑음,단일로 - 기타,승용,여,45세,상해없음,보행자,여,55세,중상
1309,2018091400100582,2018년 9월 14일 19시,금요일,인천광역시 중구 답동,경상사고,0,0,1,0,차대사람 - 기타,안전운전불이행,포장 - 건조,맑음,단일로 - 기타,기타불명,기타불명,미분류,기타불명,보행자,여,76세,경상
1310,2018091400100587,2018년 9월 14일 19시,금요일,인천광역시 서구 가좌동,경상사고,0,0,1,0,차대사람 - 횡단중,안전운전불이행,포장 - 건조,맑음,기타 - 기타,승용,남,49세,상해없음,보행자,남,59세,경상
1311,2018091400100637,2018년 9월 14일 20시,금요일,인천광역시 강화군 강화읍,중상사고,0,1,0,0,차대사람 - 횡단중,안전운전불이행,포장 - 건조,맑음,교차로 - 교차로부근,이륜,남,20세,상해없음,보행자,여,38세,중상
1312,2018091400100679,2018년 9월 14일 21시,금요일,인천광역시 남동구 논현동,경상사고,0,0,1,0,차대사람 - 횡단중,신호위반,포장 - 건조,맑음,교차로 - 교차로부근,승용,남,33세,상해없음,보행자,남,59세,경상
1313,2018091500100068,2018년 9월 15일 03시,토요일,인천광역시 서구 가좌동,사망사고,1,0,0,0,차대사람 - 횡단중,안전운전불이행,포장 - 젖음/습기,흐림,단일로 - 기타,승용,남,21세,상해없음,보행자,여,30세,사망
1314,2018091500100217,2018년 9월 15일 10시,토요일,인천광역시 중구 운서동,경상사고,0,0,1,0,차대사람 - 기타,보행자보호의무위반,포장 - 건조,맑음,단일로 - 기타,승용,남,68세,상해없음,보행자,남,11세,경상
1315,2018091500100396,2018년 9월 15일 15시,토요일,인천광역시 옹진군 자월면,사망사고,1,0,0,1,차대사람 - 차도통행중,안전운전불이행,포장 - 건조,맑음,단일로 - 기타,승용,남,49세,상해없음,보행자,남,7세,사망
1316,2018091500100473,2018년 9월 15일 17시,토요일,인천광역시 중구 항동7가,경상사고,0,0,1,0,차대사람 - 기타,안전운전불이행,포장 - 건조,맑음,단일로 - 기타,화물,남,54세,상해없음,보행자,남,5세,경상
1317,2018091500100574,2018년 9월 15일 20시,토요일,인천광역시 미추홀구 도화동,중상사고,0,1,0,0,차대사람 - 횡단중,안전운전불이행,포장 - 건조,맑음,단일로 - 기타,승용,남,40세,상해없음,보행자,남,62세,중상
1318,2018091600100016,2018년 9월 16일 00시,일요일,인천광역시 남동구 구월동,사망사고,1,0,0,0,차대사람 - 차도통행중,안전운전불이행,포장 - 젖음/습기,비,기타 - 기타,승용,남,69세,상해없음,보행자,남,24세,사망
1319,2018091600100071,2018년 9월 16일 04시,일요일,인천광역시 부평구 부평동,경상사고,0,0,1,0,차대사람 - 기타,신호위반,포장 - 건조,맑음,단일로 - 기타,승용,남,25세,상해없음,보행자,남,28세,경상
1320,2018091600100084,2018년 9월 16일 05시,일요일,인천광역시 연수구 연수동,중상사고,0,1,0,0,차대사람 - 횡단중,신호위반,포장 - 건조,흐림,교차로 - 교차로횡단보도내,승용,남,27세,상해없음,보행자,남,50세,중상
1321,2018091600100457,2018년 9월 16일 19시,일요일,인천광역시 연수구 선학동,경상사고,0,0,1,0,차대사람 - 기타,보행자보호의무위반,포장 - 젖음/습기,흐림,교차로 - 교차로부근,승용,남,29세,상해없음,보행자,남,5세,경상
1322,2018091700100021,2018년 9월 17일 01시,월요일,인천광역시 서구 석남동,중상사고,0,1,0,0,차대사람 - 기타,안전운전불이행,포장 - 젖음/습기,흐림,기타 - 기타,승용,남,21세,상해없음,보행자,남,51세,중상
1323,2018091700100046,2018년 9월 17일 05시,월요일,인천광역시 연수구 옥련동,중상사고,0,1,0,0,차대사람 - 횡단중,보행자보호의무위반,포장 - 건조,맑음,교차로 - 교차로횡단보도내,승용,남,75세,상해없음,보행자,남,75세,중상
1324,2018091700100135,2018년 9월 17일 08시,월요일,인천광역시 미추홀구 주안동,부상신고사고,0,0,0,1,차대사람 - 길가장자리구역통행중,안전운전불이행,포장 - 건조,맑음,단일로 - 기타,승용,여,34세,상해없음,보행자,남,26세,부상신고
1325,2018091700100410,2018년 9월 17일 16시,월요일,인천광역시 미추홀구 용현동,부상신고사고,0,0,0,1,차대사람 - 길가장자리구역통행중,안전운전불이행,포장 - 건조,맑음,단일로 - 기타,기타불명,기타불명,미분류,기타불명,보행자,여,48세,부상신고
1326,2018091700100589,2018년 9월 17일 20시,월요일,인천광역시 서구 석남동,경상사고,0,0,1,0,차대사람 - 기타,안전운전불이행,포장 - 건조,맑음,단일로 - 기타,승용,남,67세,상해없음,보행자,남,25세,경상
1327,2018091700100653,2018년 9월 17일 22시,월요일,인천광역시 연수구 동춘동,중상사고,0,1,0,0,차대사람 - 차도통행중,안전운전불이행,포장 - 건조,맑음,교차로 - 교차로부근,승용,여,55세,상해없음,보행자,남,61세,중상
1328,2018091800100097,2018년 9월 18일 07시,화요일,인천광역시 남동구 구월동,경상사고,0,0,1,0,차대사람 - 기타,안전운전불이행,포장 - 건조,맑음,기타 - 기타,승합,남,59세,상해없음,보행자,여,58세,경상
1329,2018091800100240,2018년 9월 18일 10시,화요일,인천광역시 미추홀구 용현동,경상사고,0,0,1,0,차대사람 - 횡단중,보행자보호의무위반,포장 - 건조,맑음,교차로 - 교차로부근,승용,남,70세,상해없음,보행자,여,21세,경상
1330,2018091800100327,2018년 9월 18일 13시,화요일,인천광역시 미추홀구 용현동,부상신고사고,0,0,0,1,차대사람 - 길가장자리구역통행중,안전운전불이행,포장 - 건조,맑음,기타 - 기타,기타불명,기타불명,미분류,기타불명,보행자,남,44세,부상신고
1331,2018091800100328,2018년 9월 18일 13시,화요일,인천광역시 부평구 십정동,부상신고사고,0,0,0,1,차대사람 - 기타,안전운전불이행,포장 - 건조,맑음,교차로 - 교차로안,기타불명,기타불명,미분류,기타불명,보행자,여,22세,부상신고
1332,2018091800100464,2018년 9월 18일 16시,화요일,인천광역시 미추홀구 학익동,경상사고,0,0,1,0,차대사람 - 차도통행중,안전운전불이행,포장 - 건조,맑음,교차로 - 교차로부근,승용,남,45세,상해없음,보행자,여,79세,경상
1333,2018091800100465,2018년 9월 18일 16시,화요일,인천광역시 남동구 만수동,중상사고,0,1,0,0,차대사람 - 기타,보행자보호의무위반,포장 - 건조,맑음,단일로 - 기타,승용,여,56세,상해없음,보행자,남,14세,중상
1334,2018091800100506,2018년 9월 18일 17시,화요일,인천광역시 서구 가좌동,경상사고,0,0,1,0,차대사람 - 횡단중,안전운전불이행,포장 - 건조,맑음,교차로 - 교차로부근,승용,여,59세,기타불명,보행자,여,12세,경상
1335,2018091800100507,2018년 9월 18일 17시,화요일,인천광역시 연수구 옥련동,중상사고,0,1,0,0,차대사람 - 기타,기타,포장 - 건조,맑음,단일로 - 기타,승용,남,54세,상해없음,보행자,남,8세,중상
1336,2018091800100540,2018년 9월 18일 18시,화요일,인천광역시 미추홀구 숭의동,중상사고,0,1,0,0,차대사람 - 보도통행중,기타,포장 - 건조,맑음,기타 - 기타,승합,남,63세,상해없음,보행자,남,65세,중상
1337,2018091800100544,2018년 9월 18일 18시,화요일,인천광역시 남동구 만수동,경상사고,0,0,1,0,차대사람 - 횡단중,보행자보호의무위반,포장 - 건조,맑음,단일로 - 기타,승용,남,30세,상해없음,보행자,남,81세,경상
1338,2018091800100628,2018년 9월 18일 20시,화요일,인천광역시 미추홀구 숭의동,경상사고,0,0,1,0,차대사람 - 기타,안전운전불이행,포장 - 건조,맑음,교차로 - 교차로안,승용,남,71세,상해없음,보행자,여,19세,경상
1339,2018091900100103,2018년 9월 19일 07시,수요일,인천광역시 미추홀구 용현동,부상신고사고,0,0,0,1,차대사람 - 보도통행중,안전운전불이행,포장 - 건조,맑음,기타 - 기타,화물,남,30세,기타불명,보행자,남,35세,부상신고
1340,2018091900100142,2018년 9월 19일 08시,수요일,인천광역시 동구 송림동,경상사고,0,0,1,0,차대사람 - 기타,안전운전불이행,포장 - 건조,맑음,단일로 - 기타,기타불명,기타불명,미분류,기타불명,보행자,여,8세,경상
1341,2018091900100308,2018년 9월 19일 13시,수요일,인천광역시 중구 전동,중상사고,0,1,0,0,차대사람 - 횡단중,안전운전불이행,포장 - 건조,맑음,교차로 - 교차로부근,화물,남,41세,상해없음,보행자,여,75세,중상
1342,2018091900100407,2018년 9월 19일 16시,수요일,인천광역시 미추홀구 주안동,경상사고,0,0,1,0,차대사람 - 기타,안전운전불이행,포장 - 건조,맑음,단일로 - 기타,승용,남,63세,상해없음,보행자,여,64세,경상
1343,2018091900100516,2018년 9월 19일 18시,수요일,인천광역시 부평구 부평동,경상사고,0,0,1,0,차대사람 - 횡단중,안전운전불이행,포장 - 건조,맑음,교차로 - 교차로부근,이륜,남,21세,상해없음,보행자,여,22세,경상
1344,2018091900100562,2018년 9월 19일 19시,수요일,인천광역시 남동구 구월동,중상사고,0,1,0,0,차대사람 - 기타,보행자보호의무위반,포장 - 건조,맑음,단일로 - 기타,승용,남,42세,상해없음,보행자,여,53세,중상
1345,2018091900100564,2018년 9월 19일 19시,수요일,인천광역시 강화군 강화읍,중상사고,0,1,0,0,차대사람 - 횡단중,보행자보호의무위반,포장 - 건조,맑음,교차로 - 교차로횡단보도내,화물,남,62세,상해없음,보행자,여,67세,중상
1346,2018092000100221,2018년 9월 20일 10시,목요일,인천광역시 남동구 논현동,경상사고,0,0,3,0,차대사람 - 횡단중,신호위반,포장 - 젖음/습기,비,단일로 - 기타,승용,여,31세,상해없음,보행자,여,37세,경상
1347,2018092000100330,2018년 9월 20일 13시,목요일,인천광역시 남동구 만수동,중상사고,0,1,0,0,차대사람 - 횡단중,교차로운행방법위반,포장 - 건조,맑음,교차로 - 교차로안,승용,여,45세,상해없음,보행자,여,32세,중상
1348,2018092000100363,2018년 9월 20일 14시,목요일,인천광역시 부평구 갈산동,중상사고,0,1,0,0,차대사람 - 기타,안전운전불이행,포장 - 건조,맑음,교차로 - 교차로안,승용,여,49세,상해없음,보행자,여,79세,중상
1349,2018092000100552,2018년 9월 20일 18시,목요일,인천광역시 강화군 길상면,중상사고,0,1,0,0,차대사람 - 횡단중,보행자보호의무위반,포장 - 건조,맑음,교차로 - 교차로부근,화물,여,39세,상해없음,보행자,여,61세,중상
1350,2018092000100663,2018년 9월 20일 20시,목요일,인천광역시 서구 가정동,중상사고,0,1,0,0,차대사람 - 횡단중,보행자보호의무위반,포장 - 건조,맑음,교차로 - 교차로횡단보도내,승용,여,56세,상해없음,보행자,여,45세,중상
1351,2018092100100132,2018년 9월 21일 07시,금요일,인천광역시 미추홀구 숭의동,중상사고,0,1,0,0,차대사람 - 횡단중,신호위반,포장 - 젖음/습기,비,교차로 - 교차로횡단보도내,화물,남,63세,상해없음,보행자,남,76세,중상
1352,2018092100100219,2018년 9월 21일 09시,금요일,인천광역시 강화군 강화읍,중상사고,0,1,0,0,차대사람 - 횡단중,안전운전불이행,포장 - 건조,맑음,단일로 - 기타,승합,남,43세,상해없음,보행자,여,68세,중상
1353,2018092100100299,2018년 9월 21일 11시,금요일,인천광역시 서구 석남동,경상사고,0,0,1,0,차대사람 - 횡단중,안전운전불이행,포장 - 건조,맑음,단일로 - 기타,승용,남,63세,상해없음,보행자,남,68세,경상
1354,2018092100100534,2018년 9월 21일 16시,금요일,인천광역시 미추홀구 주안동,부상신고사고,0,0,0,1,차대사람 - 길가장자리구역통행중,안전운전불이행,포장 - 건조,맑음,단일로 - 기타,기타불명,기타불명,미분류,기타불명,보행자,여,38세,부상신고