,사고번호,사고일시,요일,시군구,사고내용,사망자수,중상자수,경상자수,부상신고자수,사고유형,법규위반,노면상태,기상상태,도로형태,가해운전자 차종,가해운전자 성별,가해운전자 연령,가해운전자 상해정도,피해운전자 차종,피해운전자 성별,피해운전자 연령,피해운전자 상해정도
1355,2018092100100701,2018년 9월 21일 19시,금요일,인천광역시 부평구 부평동,경상사고,0,0,1,0,차대사람 - 횡단중,보행자보호의무위반,포장 - 건조,맑음,교차로 - 교차로횡단보도내,승용,남,62세,상해없음,보행자,남,74세,경상
1356,2018092100100703,2018년 9월 21일 19시,금요일,인천광역시 연수구 송도동,사망사고,1,0,0,0,차대사람 - 차도통행중,안전운전불이행,포장 - 건조,맑음,단일로 - 기타,승용,남,41세,상해없음,보행자,여,72세,사망
1357,2018092100100858,2018년 9월 21일 23시,금요일,인천광역시 계양구 계산동,중상사고,0,1,1,0,차대사람 - 차도통행중,안전운전불이행,포장 - 건조,맑음,단일로 - 기타,이륜,남,21세,경상,보행자,남,46세,중상
1358,2018092200100087,2018년 9월 22일 04시,토요일,인천광역시 서구 마전동,중상사고,0,1,0,0,차대사람 - 횡단중,안전운전불이행,포장 - 건조,맑음,교차로 - 교차로안,승용,남,64세,상해없음,보행자,여,77세,중상
1359,2018092200100088,2018년 9월 22일 04시,토요일,인천광역시 계양구 계산동,경상사고,0,0,1,0,차대사람 - 횡단중,안전운전불이행,포장 - 건조,맑음,기타 - 기타,승용,남,56세,상해없음,보행자,남,27세,경상
1360,2018092200100210,2018년 9월 22일 10시,토요일,인천광역시 부평구 부개동,중상사고,0,1,0,0,차대사람 - 기타,안전운전불이행,포장 - 건조,맑음,단일로 - 기타,승용,남,64세,상해없음,보행자,남,60세,중상
1361,2018092200100415,2018년 9월 22일 15시,토요일,인천광역시 남동구 간석동,경상사고,0,0,1,0,차대사람 - 길가장자리구역통행중,안전운전불이행,포장 - 건조,맑음,교차로 - 교차로부근,승용,남,33세,상해없음,보행자,남,4세,경상
1362,2018092200100472,2018년 9월 22일 16시,토요일,인천광역시 미추홀구 주안동,부상신고사고,0,0,0,1,차대사람 - 횡단중,안전운전불이행,포장 - 건조,맑음,기타 - 기타,기타불명,기타불명,미분류,기타불명,보행자,남,78세,부상신고
1363,2018092200100525,2018년 9월 22일 17시,토요일,인천광역시 서구 석남동,경상사고,0,0,1,0,차대사람 - 횡단중,신호위반,포장 - 건조,맑음,교차로 - 교차로횡단보도내,승용,남,49세,상해없음,보행자,남,54세,경상
1364,2018092200100562,2018년 9월 22일 18시,토요일,인천광역시 남동구 구월동,경상사고,0,0,1,0,차대사람 - 길가장자리구역통행중,안전운전불이행,포장 - 건조,맑음,단일로 - 기타,승용,남,65세,상해없음,보행자,남,37세,경상
1365,2018092200100677,2018년 9월 22일 21시,토요일,인천광역시 강화군 강화읍,경상사고,0,0,1,0,차대사람 - 기타,안전운전불이행,포장 - 건조,맑음,단일로 - 기타,승용,여,55세,상해없음,보행자,남,26세,경상
1366,2018092300100052,2018년 9월 23일 04시,일요일,인천광역시 부평구 부평동,경상사고,0,0,1,0,차대사람 - 기타,안전운전불이행,포장 - 건조,맑음,단일로 - 기타,승용,남,54세,상해없음,보행자,남,29세,경상
1367,2018092300100090,2018년 9월 23일 08시,일요일,인천광역시 미추홀구 관교동,부상신고사고,0,0,0,1,차대사람 - 기타,기타,포장 - 건조,맑음,단일로 - 기타,자전거,기타불명,미분류,기타불명,보행자,남,47세,부상신고
1368,2018092300100361,2018년 9월 23일 18시,일요일,인천광역시 중구 운서동,경상사고,0,0,1,0,차대사람 - 횡단중,안전운전불이행,포장 - 건조,맑음,단일로 - 기타,승용,남,24세,상해없음,보행자,여,24세,경상
1369,2018092400100032,2018년 9월 24일 03시,월요일,인천광역시 미추홀구 주안동,부상신고사고,0,0,0,1,차대사람 - 기타,안전운전불이행,포장 - 건조,맑음,단일로 - 기타,기타불명,기타불명,미분류,기타불명,보행자,남,38세,부상신고
1370,2018092400100210,2018년 9월 24일 14시,월요일,인천광역시 미추홀구 도화동,경상사고,0,0,1,0,차대사람 - 횡단중,신호위반,포장 - 건조,맑음,교차로 - 교차로횡단보도내,승용,남,47세,상해없음,보행자,남,23세,경상
1371,2018092400100353,2018년 9월 24일 19시,월요일,인천광역시 남동구 논현동,경상사고,0,0,1,0,차대사람 - 기타,안전운전불이행,포장 - 건조,맑음,교차로 - 교차로안,승용,남,66세,상해없음,보행자,남,60세,경상
1372,2018092400100414,2018년 9월 24일 22시,월요일,인천광역시 서구 검암동,경상사고,0,0,1,0,차대사람 - 기타,안전운전불이행,포장 - 건조,맑음,단일로 - 기타,승용,남,40세,상해없음,보행자,남,33세,경상
1373,2018092400100440,2018년 9월 24일 23시,월요일,인천광역시 계양구 계산동,경상사고,0,0,1,0,차대사람 - 기타,안전운전불이행,포장 - 건조,맑음,단일로 - 기타,기타불명,기타불명,미분류,기타불명,보행자,여,42세,경상
1374,2018092500100171,2018년 9월 25일 12시,화요일,인천광역시 남동구 간석동,중상사고,0,1,0,0,차대사람 - 길가장자리구역통행중,안전운전불이행,포장 - 건조,맑음,단일로 - 기타,승용,남,62세,상해없음,보행자,여,78세,중상
1375,2018092500100288,2018년 9월 25일 16시,화요일,인천광역시 중구 북성동1가,중상사고,0,1,0,0,차대사람 - 차도통행중,안전운전불이행,포장 - 건조,맑음,단일로 - 기타,승용,여,18세,상해없음,보행자,남,41세,중상
1376,2018092500100353,2018년 9월 25일 18시,화요일,인천광역시 미추홀구 도화동,경상사고,0,0,1,0,차대사람 - 횡단중,보행자보호의무위반,포장 - 건조,맑음,교차로 - 교차로횡단보도내,승용,남,24세,상해없음,보행자,남,33세,경상
1377,2018092500100429,2018년 9월 25일 20시,화요일,인천광역시 계양구 효성동,중상사고,0,1,0,0,차대사람 - 횡단중,보행자보호의무위반,포장 - 건조,맑음,단일로 - 기타,승용,남,67세,상해없음,보행자,남,56세,중상
1378,2018092600100019,2018년 9월 26일 00시,수요일,인천광역시 미추홀구 관교동,경상사고,0,0,2,0,차대사람 - 기타,보행자보호의무위반,포장 - 건조,맑음,교차로 - 교차로횡단보도내,승합,남,54세,상해없음,보행자,남,22세,경상
1379,2018092600100044,2018년 9월 26일 02시,수요일,인천광역시 남동구 구월동,사망사고,1,0,0,0,차대사람 - 횡단중,신호위반,포장 - 건조,맑음,단일로 - 기타,승용,남,27세,상해없음,보행자,남,27세,사망
1380,2018092700100252,2018년 9월 27일 12시,목요일,인천광역시 미추홀구 주안동,경상사고,0,0,1,0,차대사람 - 기타,안전운전불이행,포장 - 건조,맑음,기타 - 기타,승용,남,26세,기타불명,보행자,여,11세,경상
1381,2018092700100286,2018년 9월 27일 13시,목요일,인천광역시 중구 북성동2가,중상사고,0,4,2,0,차대사람 - 보도통행중,기타,포장 - 건조,맑음,단일로 - 기타,승용,남,52세,중상,보행자,여,39세,경상
1382,2018092800100106,2018년 9월 28일 08시,금요일,인천광역시 부평구 부평동,중상사고,0,1,1,0,차대사람 - 횡단중,보행자보호의무위반,포장 - 건조,맑음,단일로 - 기타,화물,남,37세,상해없음,보행자,여,57세,중상
1383,2018092800100347,2018년 9월 28일 16시,금요일,인천광역시 남동구 만수동,중상사고,0,1,0,0,차대사람 - 기타,안전운전불이행,포장 - 건조,맑음,단일로 - 기타,승합,남,19세,상해없음,보행자,여,79세,중상
1384,2018092800100385,2018년 9월 28일 17시,금요일,인천광역시 남동구 간석동,경상사고,0,0,1,0,차대사람 - 횡단중,안전운전불이행,포장 - 건조,맑음,단일로 - 기타,원동기,남,21세,상해없음,보행자,남,62세,경상
1385,2018092800100487,2018년 9월 28일 20시,금요일,인천광역시 미추홀구 주안동,부상신고사고,0,0,0,1,차대사람 - 기타,안전운전불이행,포장 - 건조,맑음,단일로 - 기타,기타불명,기타불명,미분류,기타불명,보행자,여,23세,부상신고
1386,2018092800100563,2018년 9월 28일 23시,금요일,인천광역시 부평구 부평동,경상사고,0,0,1,0,차대사람 - 차도통행중,안전운전불이행,포장 - 건조,맑음,단일로 - 기타,승용,남,30세,상해없음,보행자,남,24세,경상
1387,2018092900100208,2018년 9월 29일 10시,토요일,인천광역시 부평구 청천동,경상사고,0,0,1,0,차대사람 - 횡단중,보행자보호의무위반,포장 - 건조,맑음,교차로 - 교차로안,화물,남,31세,상해없음,보행자,여,21세,경상
1388,2018092900100239,2018년 9월 29일 11시,토요일,인천광역시 남동구 만수동,중상사고,0,1,0,0,차대사람 - 횡단중,보행자보호의무위반,포장 - 건조,맑음,교차로 - 교차로안,승용,남,39세,상해없음,보행자,여,69세,중상
1389,2018092900100313,2018년 9월 29일 13시,토요일,인천광역시 서구 오류동,중상사고,0,1,0,0,차대사람 - 횡단중,신호위반,포장 - 건조,맑음,교차로 - 교차로부근,화물,남,50세,상해없음,보행자,남,47세,중상
1390,2018092900100402,2018년 9월 29일 16시,토요일,인천광역시 중구 덕교동,중상사고,0,1,1,0,차대사람 - 횡단중,안전운전불이행,포장 - 건조,맑음,단일로 - 기타,승용,여,38세,상해없음,보행자,여,56세,중상
1391,2018093000100025,2018년 9월 30일 01시,일요일,인천광역시 부평구 부평동,중상사고,0,1,0,0,차대사람 - 횡단중,안전운전불이행,포장 - 건조,맑음,단일로 - 기타,승용,남,37세,상해없음,보행자,남,55세,중상
1392,2018093000100081,2018년 9월 30일 07시,일요일,인천광역시 부평구 부평동,경상사고,0,0,1,0,차대사람 - 기타,신호위반,포장 - 건조,맑음,기타 - 기타,승용,남,23세,기타불명,보행자,남,21세,경상
1393,2018093000100121,2018년 9월 30일 09시,일요일,인천광역시 계양구 계산동,부상신고사고,0,0,0,1,차대사람 - 기타,기타,포장 - 건조,맑음,단일로 - 기타,승합,남,44세,상해없음,보행자,여,65세,부상신고
1394,2018093000100138,2018년 9월 30일 10시,일요일,인천광역시 계양구 계산동,중상사고,0,1,0,0,차대사람 - 보도통행중,안전운전불이행,포장 - 건조,맑음,단일로 - 기타,승용,남,51세,상해없음,보행자,남,17세,중상
1395,2018093000100327,2018년 9월 30일 16시,일요일,인천광역시 중구 중산동,경상사고,0,0,1,0,차대사람 - 기타,안전운전불이행,포장 - 건조,맑음,기타 - 기타,승용,남,49세,상해없음,보행자,남,53세,경상
1396,2018093000100328,2018년 9월 30일 16시,일요일,인천광역시 남동구 만수동,경상사고,0,0,1,0,차대사람 - 횡단중,안전운전불이행,포장 - 건조,맑음,단일로 - 기타,승용,남,58세,상해없음,보행자,남,7세,경상
1397,2018093000100515,2018년 9월 30일 23시,일요일,인천광역시 미추홀구 용현동,중상사고,0,1,0,0,차대사람 - 횡단중,안전운전불이행,포장 - 건조,맑음,단일로 - 기타,기타불명,기타불명,미분류,기타불명,보행자,남,56세,중상
1398,2018100100100075,2018년 10월 1일 07시,월요일,인천광역시 부평구 청천동,부상신고사고,0,0,0,1,차대사람 - 기타,안전운전불이행,포장 - 건조,맑음,교차로 - 교차로부근,승용,남,40세,상해없음,보행자,남,9세,부상신고
1399,2018100100100249,2018년 10월 1일 12시,월요일,인천광역시 남동구 서창동,중상사고,0,1,0,0,차대사람 - 횡단중,안전운전불이행,포장 - 건조,맑음,단일로 - 기타,승합,남,59세,상해없음,보행자,남,6세,중상
1400,2018100100100335,2018년 10월 1일 14시,월요일,인천광역시 부평구 부평동,경상사고,0,0,1,0,차대사람 - 기타,안전운전불이행,포장 - 건조,흐림,단일로 - 기타,승용,남,63세,상해없음,보행자,여,61세,경상
1401,2018100100100590,2018년 10월 1일 21시,월요일,인천광역시 서구 경서동,사망사고,1,0,0,0,차대사람 - 차도통행중,안전운전불이행,포장 - 건조,맑음,단일로 - 기타,승용,여,27세,상해없음,보행자,남,76세,사망
1402,2018100200100133,2018년 10월 2일 08시,화요일,인천광역시 계양구 작전동,중상사고,0,1,0,0,차대사람 - 횡단중,안전운전불이행,포장 - 건조,맑음,단일로 - 기타,승용,여,59세,기타불명,보행자,여,53세,중상
1403,2018100200100307,2018년 10월 2일 13시,화요일,인천광역시 부평구 부평동,경상사고,0,0,1,0,차대사람 - 기타,안전운전불이행,포장 - 건조,맑음,단일로 - 기타,승합,남,68세,상해없음,보행자,남,50세,경상
1404,2018100200100308,2018년 10월 2일 13시,화요일,인천광역시 강화군 양도면,경상사고,0,0,1,0,차대사람 - 기타,안전운전불이행,포장 - 건조,맑음,주차장 - 주차장,화물,남,54세,상해없음,보행자,남,5세,경상
1405,2018100200100631,2018년 10월 2일 21시,화요일,인천광역시 연수구 옥련동,중상사고,0,1,0,0,차대사람 - 횡단중,신호위반,포장 - 건조,맑음,교차로 - 교차로횡단보도내,승용,남,49세,상해없음,보행자,여,55세,중상
1406,2018100200100686,2018년 10월 2일 23시,화요일,인천광역시 남동구 간석동,경상사고,0,0,1,0,차대사람 - 횡단중,중앙선침범,포장 - 건조,맑음,기타 - 기타,승용,남,27세,상해없음,보행자,남,46세,경상
1407,2018100300100034,2018년 10월 3일 01시,수요일,인천광역시 미추홀구 주안동,경상사고,0,0,1,0,차대사람 - 기타,안전운전불이행,포장 - 건조,맑음,기타 - 기타,승용,남,29세,상해없음,보행자,여,80세,경상
1408,2018100300100053,2018년 10월 3일 02시,수요일,인천광역시 미추홀구 학익동,부상신고사고,0,0,0,1,차대사람 - 기타,안전운전불이행,포장 - 기타,기타,단일로 - 기타,승용,남,59세,상해없음,보행자,남,43세,부상신고
1409,2018100300100070,2018년 10월 3일 03시,수요일,인천광역시 서구 심곡동,중상사고,0,1,0,0,차대사람 - 기타,안전운전불이행,포장 - 건조,맑음,교차로 - 교차로부근,기타불명,기타불명,미분류,기타불명,보행자,여,28세,중상
1410,2018100300100084,2018년 10월 3일 04시,수요일,인천광역시 부평구 삼산동,경상사고,0,0,2,0,차대사람 - 차도통행중,안전운전불이행,포장 - 건조,맑음,단일로 - 기타,승용,남,59세,상해없음,보행자,남,30세,경상
1411,2018100400100028,2018년 10월 4일 02시,목요일,인천광역시 서구 마전동,중상사고,0,1,0,0,차대사람 - 횡단중,안전운전불이행,포장 - 건조,맑음,교차로 - 교차로부근,승용,남,22세,상해없음,보행자,남,60세,중상
1412,2018100400100144,2018년 10월 4일 08시,목요일,인천광역시 남동구 간석동,중상사고,0,1,0,0,차대사람 - 횡단중,보행자보호의무위반,포장 - 건조,맑음,단일로 - 기타,승용,남,58세,상해없음,보행자,여,59세,중상
1413,2018100400100145,2018년 10월 4일 08시,목요일,인천광역시 서구 가좌동,경상사고,0,0,1,0,차대사람 - 횡단중,보행자보호의무위반,포장 - 건조,맑음,교차로 - 교차로안,승용,남,61세,상해없음,보행자,여,27세,경상
1414,2018100400100265,2018년 10월 4일 11시,목요일,인천광역시 계양구 귤현동,경상사고,0,0,1,0,차대사람 - 기타,기타,포장 - 건조,맑음,단일로 - 기타,승합,남,62세,상해없음,보행자,여,66세,경상
1415,2018100400100588,2018년 10월 4일 19시,목요일,인천광역시 남동구 고잔동,중상사고,0,1,0,0,차대사람 - 횡단중,보행자보호의무위반,포장 - 건조,맑음,교차로 - 교차로부근,승용,남,51세,상해없음,보행자,여,38세,중상
1416,2018100500100069,2018년 10월 5일 05시,금요일,인천광역시 서구 석남동,경상사고,0,0,1,0,차대사람 - 횡단중,안전운전불이행,포장 - 건조,맑음,단일로 - 기타,승용,남,63세,상해없음,보행자,남,55세,경상
1417,2018100500100262,2018년 10월 5일 11시,금요일,인천광역시 미추홀구 용현동,중상사고,0,1,0,0,차대사람 - 기타,안전운전불이행,포장 - 젖음/습기,비,단일로 - 기타,이륜,남,25세,기타불명,보행자,여,66세,중상
1418,2018100500100601,2018년 10월 5일 18시,금요일,인천광역시 부평구 부평동,중상사고,0,1,0,0,차대사람 - 기타,신호위반,포장 - 젖음/습기,비,단일로 - 기타,승용,남,61세,상해없음,보행자,여,73세,중상
1419,2018100500100603,2018년 10월 5일 18시,금요일,인천광역시 연수구 송도동,경상사고,0,0,1,0,차대사람 - 횡단중,신호위반,포장 - 젖음/습기,비,교차로 - 교차로횡단보도내,승용,여,59세,상해없음,보행자,남,12세,경상
1420,2018100500100683,2018년 10월 5일 19시,금요일,인천광역시 남동구 간석동,경상사고,0,0,1,0,차대사람 - 횡단중,안전운전불이행,포장 - 젖음/습기,비,단일로 - 기타,기타불명,기타불명,미분류,기타불명,보행자,여,58세,경상
1421,2018100500100778,2018년 10월 5일 21시,금요일,인천광역시 중구 을왕동,경상사고,0,0,2,0,차대사람 - 길가장자리구역통행중,안전운전불이행,포장 - 젖음/습기,비,단일로 - 기타,승용,여,23세,상해없음,보행자,남,31세,경상
1422,2018100500100868,2018년 10월 5일 23시,금요일,인천광역시 남동구 구월동,중상사고,0,1,2,0,차대사람 - 기타,안전운전불이행,포장 - 젖음/습기,비,교차로 - 교차로부근,승용,남,19세,상해없음,보행자,남,47세,경상
1423,2018100500100870,2018년 10월 5일 23시,금요일,인천광역시 연수구 송도동,경상사고,0,0,1,0,차대사람 - 기타,보행자보호의무위반,포장 - 젖음/습기,비,교차로 - 교차로횡단보도내,승용,남,25세,상해없음,보행자,여,20세,경상
1424,2018100600100127,2018년 10월 6일 03시,토요일,인천광역시 부평구 부평동,중상사고,0,1,0,0,차대사람 - 기타,신호위반,포장 - 젖음/습기,비,단일로 - 기타,승용,남,61세,상해없음,보행자,남,22세,중상
1425,2018100600100524,2018년 10월 6일 18시,토요일,인천광역시 동구 화평동,경상사고,0,0,1,0,차대사람 - 기타,안전운전불이행,포장 - 건조,맑음,단일로 - 기타,화물,남,56세,상해없음,보행자,남,26세,경상
1426,2018100600100592,2018년 10월 6일 20시,토요일,인천광역시 서구 가좌동,중상사고,0,1,0,0,차대사람 - 길가장자리구역통행중,중앙선침범,포장 - 건조,맑음,단일로 - 기타,이륜,남,20세,상해없음,보행자,남,21세,중상
1427,2018100800100109,2018년 10월 8일 08시,월요일,인천광역시 중구 운서동,경상사고,0,0,1,0,차대사람 - 횡단중,신호위반,포장 - 건조,맑음,교차로 - 교차로안,승용,남,31세,상해없음,보행자,남,26세,경상
1428,2018100800100378,2018년 10월 8일 15시,월요일,인천광역시 미추홀구 도화동,경상사고,0,0,1,0,차대사람 - 횡단중,안전운전불이행,포장 - 건조,맑음,단일로 - 기타,기타불명,기타불명,미분류,기타불명,보행자,여,32세,경상
1429,2018100800100468,2018년 10월 8일 17시,월요일,인천광역시 서구 석남동,중상사고,0,1,0,0,차대사람 - 차도통행중,안전운전불이행,포장 - 건조,맑음,교차로 - 교차로안,승용,여,47세,상해없음,보행자,여,41세,중상
1430,2018100800100469,2018년 10월 8일 17시,월요일,인천광역시 강화군 삼산면,중상사고,0,1,0,0,차대사람 - 차도통행중,안전운전불이행,포장 - 건조,맑음,기타 - 기타,승용,남,41세,상해없음,보행자,남,51세,중상
1431,2018100800100517,2018년 10월 8일 18시,월요일,인천광역시 부평구 부개동,중상사고,0,1,0,0,차대사람 - 횡단중,안전운전불이행,포장 - 건조,맑음,단일로 - 기타,승용,여,53세,상해없음,보행자,남,5세,중상
1432,2018100900100252,2018년 10월 9일 13시,화요일,인천광역시 남동구 구월동,경상사고,0,0,1,0,차대사람 - 기타,안전운전불이행,포장 - 건조,맑음,기타 - 기타,승용,남,56세,상해없음,보행자,여,58세,경상
1433,2018100900100253,2018년 10월 9일 13시,화요일,인천광역시 연수구 송도동,경상사고,0,0,1,0,차대사람 - 기타,안전운전불이행,포장 - 건조,맑음,기타 - 기타,기타불명,기타불명,미분류,기타불명,보행자,남,8세,경상
1434,2018100900100300,2018년 10월 9일 15시,화요일,인천광역시 미추홀구 숭의동,중상사고,0,1,0,0,차대사람 - 기타,안전운전불이행,포장 - 건조,맑음,단일로 - 기타,자전거,남,47세,상해없음,보행자,여,76세,중상
1435,2018100900100397,2018년 10월 9일 18시,화요일,인천광역시 계양구 작전동,중상사고,0,1,0,0,차대사람 - 차도통행중,안전운전불이행,포장 - 건조,맑음,교차로 - 교차로부근,승용,여,28세,상해없음,보행자,남,53세,중상
1436,2018100900100484,2018년 10월 9일 21시,화요일,인천광역시 부평구 부평동,중상사고,0,1,0,0,차대사람 - 횡단중,안전운전불이행,포장 - 건조,맑음,교차로 - 교차로안,이륜,남,25세,상해없음,보행자,여,25세,중상
1437,2018101000100007,2018년 10월 10일 00시,수요일,인천광역시 연수구 동춘동,중상사고,0,1,0,0,차대사람 - 차도통행중,안전운전불이행,포장 - 젖음/습기,비,교차로 - 교차로안,승용,남,42세,상해없음,보행자,남,46세,중상
1438,2018101000100008,2018년 10월 10일 00시,수요일,인천광역시 부평구 부평동,중상사고,0,1,0,0,차대사람 - 차도통행중,안전운전불이행,포장 - 젖음/습기,비,단일로 - 기타,승용,남,49세,상해없음,보행자,남,49세,중상
1439,2018101000100104,2018년 10월 10일 08시,수요일,인천광역시 남동구 간석동,중상사고,0,1,0,0,차대사람 - 횡단중,안전운전불이행,포장 - 건조,맑음,교차로 - 교차로횡단보도내,승용,여,39세,상해없음,보행자,여,45세,중상
1440,2018101000100384,2018년 10월 10일 17시,수요일,인천광역시 미추홀구 주안동,중상사고,0,1,0,0,차대사람 - 기타,안전운전불이행,포장 - 건조,맑음,단일로 - 기타,화물,남,45세,상해없음,보행자,여,76세,중상
1441,2018101000100385,2018년 10월 10일 17시,수요일,인천광역시 계양구 작전동,경상사고,0,0,1,0,차대사람 - 횡단중,보행자보호의무위반,포장 - 건조,맑음,교차로 - 교차로횡단보도내,승용,남,58세,상해없음,보행자,여,7세,경상
1442,2018101000100531,2018년 10월 10일 21시,수요일,인천광역시 서구 경서동,경상사고,0,0,1,0,차대사람 - 횡단중,신호위반,포장 - 건조,맑음,교차로 - 교차로횡단보도내,승용,여,51세,상해없음,보행자,여,16세,경상
1443,2018101100100379,2018년 10월 11일 16시,목요일,인천광역시 계양구 동양동,사망사고,1,0,0,0,차대사람 - 횡단중,보행자보호의무위반,포장 - 건조,맑음,교차로 - 교차로횡단보도내,승합,남,49세,상해없음,보행자,여,8세,사망
1444,2018101100100380,2018년 10월 11일 16시,목요일,인천광역시 계양구 동양동,중상사고,0,1,0,0,차대사람 - 횡단중,안전운전불이행,포장 - 건조,맑음,단일로 - 기타,화물,남,45세,상해없음,보행자,남,7세,중상
1445,2018101200100350,2018년 10월 12일 14시,금요일,인천광역시 강화군 양도면,중상사고,0,1,0,0,차대사람 - 길가장자리구역통행중,안전운전불이행,포장 - 건조,맑음,단일로 - 기타,승용,남,24세,상해없음,보행자,남,77세,중상
1446,2018101200100439,2018년 10월 12일 16시,금요일,인천광역시 강화군 강화읍,경상사고,0,0,1,0,차대사람 - 횡단중,안전운전불이행,포장 - 건조,맑음,교차로 - 교차로부근,승용,여,62세,상해없음,보행자,남,71세,경상
1447,2018101200100636,2018년 10월 12일 20시,금요일,인천광역시 남동구 구월동,경상사고,0,0,1,0,차대사람 - 기타,안전운전불이행,포장 - 건조,맑음,교차로 - 교차로부근,승용,남,43세,상해없음,보행자,남,51세,경상
1448,2018101300100041,2018년 10월 13일 01시,토요일,인천광역시 남동구 간석동,경상사고,0,0,1,0,차대사람 - 차도통행중,안전운전불이행,포장 - 건조,흐림,단일로 - 기타,승용,여,56세,상해없음,보행자,남,25세,경상
1449,2018101300100042,2018년 10월 13일 01시,토요일,인천광역시 연수구 송도동,중상사고,0,1,0,1,차대사람 - 횡단중,기타,포장 - 건조,맑음,교차로 - 교차로횡단보도내,기타불명,기타불명,미분류,기타불명,보행자,여,13세,부상신고
1450,2018101300100249,2018년 10월 13일 11시,토요일,인천광역시 서구 가좌동,중상사고,0,1,0,0,차대사람 - 기타,안전운전불이행,포장 - 건조,맑음,교차로 - 교차로안,승용,남,40세,상해없음,보행자,여,78세,중상
1451,2018101300100286,2018년 10월 13일 12시,토요일,인천광역시 부평구 부평동,중상사고,0,1,0,0,차대사람 - 기타,안전운전불이행,포장 - 건조,맑음,교차로 - 교차로안,승용,남,38세,상해없음,보행자,여,5세,중상
1452,2018101300100390,2018년 10월 13일 15시,토요일,인천광역시 계양구 갈현동,경상사고,0,0,1,0,차대사람 - 횡단중,안전운전불이행,포장 - 건조,맑음,단일로 - 기타,승용,여,39세,상해없음,보행자,여,13세,경상
1453,2018101300100454,2018년 10월 13일 17시,토요일,인천광역시 부평구 부평동,중상사고,0,1,0,0,차대사람 - 횡단중,보행자보호의무위반,포장 - 건조,맑음,교차로 - 교차로부근,화물,남,71세,상해없음,보행자,남,57세,중상
1454,2018101300100564,2018년 10월 13일 20시,토요일,인천광역시 연수구 청학동,중상사고,0,1,0,0,차대사람 - 기타,안전운전불이행,포장 - 건조,맑음,단일로 - 기타,승용,여,54세,상해없음,보행자,남,25세,중상
1455,2018101400100033,2018년 10월 14일 02시,일요일,인천광역시 중구 을왕동,경상사고,0,0,1,0,차대사람 - 횡단중,안전운전불이행,포장 - 건조,맑음,교차로 - 교차로안,승용,남,29세,상해없음,보행자,여,27세,경상
1456,2018101400100034,2018년 10월 14일 02시,일요일,인천광역시 부평구 부평동,경상사고,0,0,1,0,차대사람 - 기타,안전운전불이행,포장 - 건조,맑음,교차로 - 교차로안,승용,여,22세,상해없음,보행자,여,63세,경상
1457,2018101400100258,2018년 10월 14일 15시,일요일,인천광역시 남동구 장수동,경상사고,0,0,1,0,차대사람 - 기타,안전운전불이행,포장 - 건조,맑음,주차장 - 주차장,승용,여,25세,상해없음,보행자,여,51세,경상
1458,2018101400100461,2018년 10월 14일 22시,일요일,인천광역시 연수구 선학동,중상사고,0,1,0,0,차대사람 - 횡단중,보행자보호의무위반,포장 - 건조,맑음,교차로 - 교차로부근,승용,남,54세,상해없음,보행자,남,28세,중상
1459,2018101500100072,2018년 10월 15일 07시,월요일,인천광역시 부평구 일신동,중상사고,0,1,0,0,차대사람 - 차도통행중,안전운전불이행,포장 - 건조,맑음,단일로 - 기타,승용,남,61세,상해없음,보행자,여,52세,중상
1460,2018101500100224,2018년 10월 15일 12시,월요일,인천광역시 부평구 부평동,중상사고,0,1,0,0,차대사람 - 차도통행중,안전운전불이행,포장 - 건조,맑음,단일로 - 기타,승용,여,33세,상해없음,보행자,남,38세,중상
1461,2018101500100450,2018년 10월 15일 18시,월요일,인천광역시 동구 송림동,중상사고,0,1,0,0,차대사람 - 횡단중,안전운전불이행,포장 - 건조,맑음,교차로 - 교차로부근,원동기,남,37세,상해없음,보행자,남,79세,중상
1462,2018101500100451,2018년 10월 15일 18시,월요일,인천광역시 계양구 효성동,중상사고,0,1,0,0,차대사람 - 기타,안전운전불이행,포장 - 건조,맑음,교차로 - 교차로부근,화물,남,30세,상해없음,보행자,여,57세,중상
1463,2018101500100534,2018년 10월 15일 20시,월요일,인천광역시 계양구 오류동,경상사고,0,0,1,0,차대사람 - 횡단중,보행자보호의무위반,포장 - 건조,맑음,교차로 - 교차로횡단보도내,승용,여,34세,상해없음,보행자,여,24세,경상
1464,2018101500100556,2018년 10월 15일 21시,월요일,인천광역시 남동구 간석동,경상사고,0,0,1,0,차대사람 - 기타,안전운전불이행,포장 - 건조,맑음,기타 - 기타,승합,남,53세,기타불명,보행자,여,70세,경상
1465,2018101500100575,2018년 10월 15일 22시,월요일,인천광역시 연수구 연수동,중상사고,0,1,0,0,차대사람 - 횡단중,보행자보호의무위반,포장 - 건조,맑음,단일로 - 기타,승용,남,63세,상해없음,보행자,여,48세,중상
1466,2018101600100105,2018년 10월 16일 08시,화요일,인천광역시 미추홀구 주안동,중상사고,0,1,0,0,차대사람 - 차도통행중,안전운전불이행,포장 - 건조,맑음,교차로 - 교차로안,화물,남,47세,상해없음,보행자,여,63세,중상