,사고번호,사고일시,요일,시군구,사고내용,사망자수,중상자수,경상자수,부상신고자수,사고유형,법규위반,노면상태,기상상태,도로형태,가해운전자 차종,가해운전자 성별,가해운전자 연령,가해운전자 상해정도,피해운전자 차종,피해운전자 성별,피해운전자 연령,피해운전자 상해정도
1578,2018110500100170,2018년 11월 5일 09시,월요일,인천광역시 서구 가좌동,부상신고사고,0,0,0,1,차대사람 - 길가장자리구역통행중,안전운전불이행,포장 - 건조,맑음,교차로 - 교차로안,승용,여,45세,상해없음,보행자,남,61세,부상신고
1579,2018110500100255,2018년 11월 5일 11시,월요일,인천광역시 미추홀구 주안동,부상신고사고,0,0,0,1,차대사람 - 길가장자리구역통행중,안전운전불이행,포장 - 건조,맑음,단일로 - 기타,승용,남,71세,상해없음,보행자,여,60세,부상신고
1580,2018110500100321,2018년 11월 5일 13시,월요일,인천광역시 서구 불로동,중상사고,0,1,0,0,차대사람 - 기타,안전운전불이행,포장 - 건조,맑음,단일로 - 기타,화물,남,48세,상해없음,보행자,여,71세,중상
1581,2018110500100322,2018년 11월 5일 13시,월요일,인천광역시 연수구 연수동,사망사고,1,0,0,0,차대사람 - 기타,안전운전불이행,포장 - 건조,맑음,교차로 - 교차로안,화물,남,64세,상해없음,보행자,여,88세,사망
1582,2018110500100620,2018년 11월 5일 20시,월요일,인천광역시 미추홀구 학익동,경상사고,0,0,1,0,차대사람 - 보도통행중,기타,포장 - 건조,맑음,기타 - 기타,승용,남,44세,상해없음,보행자,남,53세,경상
1583,2018110600100119,2018년 11월 6일 08시,화요일,인천광역시 미추홀구 학익동,경상사고,0,0,1,0,차대사람 - 기타,안전운전불이행,포장 - 건조,맑음,기타 - 기타,승용,남,18세,상해없음,보행자,남,62세,경상
1584,2018110600100185,2018년 11월 6일 10시,화요일,인천광역시 중구 중앙동1가,중상사고,0,1,0,0,차대사람 - 기타,안전운전불이행,포장 - 건조,맑음,단일로 - 기타,승용,여,34세,상해없음,보행자,남,12세,중상
1585,2018110600100223,2018년 11월 6일 11시,화요일,인천광역시 서구 당하동,경상사고,0,0,1,0,차대사람 - 기타,안전운전불이행,포장 - 건조,맑음,기타 - 기타,승합,남,52세,상해없음,보행자,여,43세,경상
1586,2018110600100278,2018년 11월 6일 13시,화요일,인천광역시 남동구 구월동,중상사고,0,1,0,0,차대사람 - 횡단중,신호위반,포장 - 건조,맑음,교차로 - 교차로횡단보도내,승용,여,56세,상해없음,보행자,여,58세,중상
1587,2018110600100626,2018년 11월 6일 23시,화요일,인천광역시 연수구 송도동,중상사고,0,1,0,0,차대사람 - 횡단중,안전운전불이행,포장 - 건조,맑음,단일로 - 기타,승용,남,27세,상해없음,보행자,남,39세,중상
1588,2018110700100045,2018년 11월 7일 03시,수요일,인천광역시 서구 청라동,중상사고,0,1,1,0,차대사람 - 횡단중,신호위반,포장 - 젖음/습기,비,교차로 - 교차로횡단보도내,이륜,남,34세,경상,보행자,남,25세,중상
1589,2018110700100051,2018년 11월 7일 04시,수요일,인천광역시 미추홀구 용현동,중상사고,0,1,0,0,차대사람 - 횡단중,보행자보호의무위반,포장 - 젖음/습기,비,교차로 - 교차로횡단보도내,승용,남,49세,상해없음,보행자,여,29세,중상
1590,2018110700100052,2018년 11월 7일 04시,수요일,인천광역시 남동구 구월동,부상신고사고,0,0,0,1,차대사람 - 기타,안전운전불이행,포장 - 젖음/습기,비,교차로 - 교차로안,승용,남,67세,상해없음,보행자,남,32세,부상신고
1591,2018110700100213,2018년 11월 7일 10시,수요일,인천광역시 부평구 십정동,경상사고,0,0,1,0,차대사람 - 기타,안전운전불이행,포장 - 건조,맑음,단일로 - 기타,건설기계,남,46세,경상,보행자,남,62세,상해없음
1592,2018110700100544,2018년 11월 7일 18시,수요일,인천광역시 부평구 부평동,중상사고,0,1,0,0,차대사람 - 기타,중앙선침범,포장 - 건조,맑음,단일로 - 기타,승합,남,48세,상해없음,보행자,여,79세,중상
1593,2018110700100676,2018년 11월 7일 21시,수요일,인천광역시 남동구 구월동,경상사고,0,0,1,0,차대사람 - 기타,안전운전불이행,포장 - 건조,맑음,기타 - 기타,기타불명,기타불명,미분류,기타불명,보행자,여,29세,경상
1594,2018110800100019,2018년 11월 8일 00시,목요일,인천광역시 계양구 계산동,중상사고,0,1,0,0,차대사람 - 차도통행중,안전운전불이행,포장 - 젖음/습기,비,교차로 - 교차로부근,승용,남,34세,상해없음,보행자,여,51세,중상
1595,2018110800100081,2018년 11월 8일 05시,목요일,인천광역시 계양구 작전동,중상사고,0,1,0,0,차대사람 - 차도통행중,안전운전불이행,포장 - 젖음/습기,비,교차로 - 교차로안,승용,남,60세,상해없음,보행자,남,77세,중상
1596,2018110800100109,2018년 11월 8일 06시,목요일,인천광역시 미추홀구 용현동,중상사고,0,1,0,0,차대사람 - 횡단중,보행자보호의무위반,포장 - 젖음/습기,비,교차로 - 교차로횡단보도내,승용,남,47세,상해없음,보행자,여,58세,중상
1597,2018110800100478,2018년 11월 8일 17시,목요일,인천광역시 부평구 부개동,중상사고,0,1,0,0,차대사람 - 횡단중,안전운전불이행,포장 - 젖음/습기,비,교차로 - 교차로부근,승용,여,52세,상해없음,보행자,여,63세,중상
1598,2018110800100574,2018년 11월 8일 18시,목요일,인천광역시 계양구 계산동,경상사고,0,0,2,0,차대사람 - 횡단중,신호위반,포장 - 젖음/습기,맑음,단일로 - 기타,승용,남,61세,상해없음,보행자,여,57세,경상
1599,2018110800100575,2018년 11월 8일 18시,목요일,인천광역시 강화군 강화읍,중상사고,0,1,0,0,차대사람 - 횡단중,안전운전불이행,포장 - 젖음/습기,비,교차로 - 교차로횡단보도내,승용,남,58세,상해없음,보행자,여,16세,중상
1600,2018110800100660,2018년 11월 8일 19시,목요일,인천광역시 계양구 임학동,경상사고,0,0,1,0,차대사람 - 보도통행중,안전운전불이행,포장 - 젖음/습기,비,단일로 - 기타,승용,남,56세,상해없음,보행자,여,23세,경상
1601,2018110800100721,2018년 11월 8일 20시,목요일,인천광역시 연수구 송도동,경상사고,0,0,1,0,차대사람 - 횡단중,보행자보호의무위반,포장 - 젖음/습기,비,교차로 - 교차로횡단보도내,이륜,남,56세,상해없음,보행자,남,35세,경상
1602,2018110800100769,2018년 11월 8일 21시,목요일,인천광역시 부평구 십정동,부상신고사고,0,0,0,1,차대사람 - 기타,안전운전불이행,포장 - 젖음/습기,비,단일로 - 기타,기타불명,기타불명,미분류,기타불명,보행자,남,45세,부상신고
1603,2018110800100876,2018년 11월 8일 23시,목요일,인천광역시 연수구 옥련동,중상사고,0,1,0,0,차대사람 - 횡단중,보행자보호의무위반,포장 - 건조,맑음,교차로 - 교차로횡단보도내,승용,남,56세,상해없음,보행자,남,46세,중상
1604,2018110900100092,2018년 11월 9일 06시,금요일,인천광역시 부평구 부평동,경상사고,0,0,2,0,차대사람 - 보도통행중,보행자보호의무위반,포장 - 젖음/습기,맑음,단일로 - 기타,화물,남,75세,경상,보행자,남,41세,경상
1605,2018110900100449,2018년 11월 9일 16시,금요일,인천광역시 서구 가정동,중상사고,0,1,0,0,차대사람 - 보도통행중,보행자보호의무위반,포장 - 건조,맑음,교차로 - 교차로안,승합,남,58세,상해없음,보행자,여,9세,중상
1606,2018110900100563,2018년 11월 9일 18시,금요일,인천광역시 서구 연희동,경상사고,0,0,1,0,차대사람 - 보도통행중,보행자보호의무위반,포장 - 건조,맑음,기타 - 기타,이륜,남,30세,상해없음,보행자,남,41세,경상
1607,2018110900100736,2018년 11월 9일 23시,금요일,인천광역시 연수구 연수동,중상사고,0,1,0,0,차대사람 - 횡단중,안전운전불이행,포장 - 건조,맑음,교차로 - 교차로부근,원동기,남,51세,상해없음,보행자,여,57세,중상
1608,2018111000100018,2018년 11월 10일 00시,토요일,인천광역시 남동구 구월동,부상신고사고,0,0,0,1,차대사람 - 차도통행중,안전운전불이행,포장 - 건조,흐림,단일로 - 기타,기타불명,기타불명,미분류,기타불명,보행자,남,47세,부상신고
1609,2018111000100279,2018년 11월 10일 12시,토요일,인천광역시 미추홀구 주안동,중상사고,0,1,0,0,차대사람 - 길가장자리구역통행중,안전운전불이행,포장 - 건조,맑음,단일로 - 기타,승용,남,73세,상해없음,보행자,여,66세,중상
1610,2018111100100056,2018년 11월 11일 04시,일요일,인천광역시 동구 송현동,경상사고,0,0,1,0,차대사람 - 기타,안전운전불이행,포장 - 건조,맑음,기타 - 기타,승용,남,31세,상해없음,보행자,남,39세,경상
1611,2018111100100215,2018년 11월 11일 14시,일요일,인천광역시 부평구 부평동,경상사고,0,0,1,0,차대사람 - 횡단중,보행자보호의무위반,포장 - 건조,맑음,단일로 - 기타,화물,남,71세,상해없음,보행자,남,22세,경상
1612,2018111200100128,2018년 11월 12일 08시,월요일,인천광역시 서구 연희동,중상사고,0,1,0,0,차대사람 - 길가장자리구역통행중,안전운전불이행,포장 - 건조,맑음,교차로 - 교차로부근,승용,여,55세,상해없음,보행자,여,71세,중상
1613,2018111300100029,2018년 11월 13일 03시,화요일,인천광역시 남동구 만수동,경상사고,0,0,1,0,차대사람 - 보도통행중,보행자보호의무위반,포장 - 건조,맑음,교차로 - 교차로횡단보도내,승합,남,58세,상해없음,보행자,남,59세,경상
1614,2018111300100272,2018년 11월 13일 12시,화요일,인천광역시 남동구 구월동,경상사고,0,0,1,0,차대사람 - 기타,안전운전불이행,포장 - 건조,맑음,단일로 - 기타,승용,여,57세,상해없음,보행자,남,63세,경상
1615,2018111300100406,2018년 11월 13일 16시,화요일,인천광역시 미추홀구 주안동,경상사고,0,0,1,0,차대사람 - 기타,안전운전불이행,포장 - 건조,맑음,단일로 - 기타,승용,여,70세,상해없음,보행자,남,48세,경상
1616,2018111300100534,2018년 11월 13일 19시,화요일,인천광역시 계양구 계산동,중상사고,0,1,0,0,차대사람 - 차도통행중,안전운전불이행,포장 - 건조,맑음,교차로 - 교차로안,승용,남,67세,상해없음,보행자,여,29세,중상
1617,2018111300100633,2018년 11월 13일 23시,화요일,인천광역시 미추홀구 숭의동,중상사고,0,1,0,0,차대사람 - 횡단중,안전운전불이행,포장 - 건조,맑음,단일로 - 기타,이륜,남,37세,상해없음,보행자,여,44세,중상
1618,2018111400100126,2018년 11월 14일 08시,수요일,인천광역시 중구 유동,중상사고,0,1,0,0,차대사람 - 횡단중,안전운전불이행,포장 - 건조,맑음,단일로 - 기타,승용,남,34세,상해없음,보행자,여,69세,중상
1619,2018111400100241,2018년 11월 14일 11시,수요일,인천광역시 미추홀구 주안동,중상사고,0,1,0,0,차대사람 - 기타,안전운전불이행,포장 - 건조,맑음,단일로 - 기타,승합,남,44세,상해없음,보행자,여,70세,중상
1620,2018111400100242,2018년 11월 14일 11시,수요일,인천광역시 서구 신현동,경상사고,0,0,1,0,차대사람 - 차도통행중,안전운전불이행,포장 - 건조,맑음,단일로 - 기타,승용,여,62세,상해없음,보행자,여,18세,경상
1621,2018111400100339,2018년 11월 14일 14시,수요일,인천광역시 미추홀구 주안동,경상사고,0,0,1,0,차대사람 - 기타,안전운전불이행,포장 - 건조,맑음,단일로 - 기타,화물,남,62세,상해없음,보행자,여,60세,경상
1622,2018111400100473,2018년 11월 14일 17시,수요일,인천광역시 서구 가좌동,사망사고,1,0,0,0,차대사람 - 횡단중,안전운전불이행,포장 - 건조,맑음,교차로 - 교차로안,승합,남,42세,상해없음,보행자,남,72세,사망
1623,2018111500100075,2018년 11월 15일 06시,목요일,인천광역시 중구 항동7가,경상사고,0,0,1,0,차대사람 - 보도통행중,신호위반,포장 - 건조,맑음,단일로 - 기타,승용,남,76세,상해없음,보행자,남,47세,경상
1624,2018111500100130,2018년 11월 15일 08시,목요일,인천광역시 부평구 부평동,경상사고,0,0,1,0,차대사람 - 차도통행중,안전운전불이행,포장 - 건조,맑음,교차로 - 교차로안,화물,남,61세,상해없음,보행자,남,33세,경상
1625,2018111500100426,2018년 11월 15일 17시,목요일,인천광역시 미추홀구 주안동,경상사고,0,0,1,0,차대사람 - 기타,안전운전불이행,포장 - 건조,맑음,단일로 - 기타,승합,여,58세,상해없음,보행자,남,56세,경상
1626,2018111600100027,2018년 11월 16일 01시,금요일,인천광역시 미추홀구 학익동,경상사고,0,0,2,0,차대사람 - 횡단중,신호위반,포장 - 건조,맑음,기타 - 기타,기타불명,기타불명,미분류,기타불명,보행자,남,47세,경상
1627,2018111600100139,2018년 11월 16일 08시,금요일,인천광역시 미추홀구 주안동,경상사고,0,0,1,0,차대사람 - 기타,안전운전불이행,포장 - 건조,맑음,기타 - 기타,승용,남,32세,상해없음,보행자,남,36세,경상
1628,2018111600100284,2018년 11월 16일 13시,금요일,인천광역시 미추홀구 용현동,경상사고,0,0,1,0,차대사람 - 보도통행중,안전운전불이행,포장 - 건조,맑음,기타 - 기타,승용,남,21세,상해없음,보행자,남,33세,경상
1629,2018111600100668,2018년 11월 16일 23시,금요일,인천광역시 남동구 구월동,사망사고,1,0,0,0,차대사람 - 기타,안전운전불이행,포장 - 건조,맑음,단일로 - 기타,승용,여,35세,상해없음,보행자,여,50세,사망
1630,2018111600100669,2018년 11월 16일 23시,금요일,인천광역시 남동구 논현동,경상사고,0,0,1,0,차대사람 - 횡단중,신호위반,포장 - 건조,맑음,교차로 - 교차로횡단보도내,승용,남,55세,상해없음,보행자,여,25세,경상
1631,2018111700100019,2018년 11월 17일 00시,토요일,인천광역시 서구 가좌동,중상사고,0,1,0,0,차대사람 - 횡단중,안전운전불이행,포장 - 건조,맑음,교차로 - 교차로부근,승용,남,52세,기타불명,보행자,남,19세,중상
1632,2018111700100086,2018년 11월 17일 05시,토요일,인천광역시 남동구 간석동,경상사고,0,0,1,0,차대사람 - 기타,안전운전불이행,포장 - 건조,맑음,기타 - 기타,승용,남,45세,상해없음,보행자,남,50세,경상
1633,2018111700100118,2018년 11월 17일 07시,토요일,인천광역시 계양구 작전동,중상사고,0,1,0,0,차대사람 - 횡단중,안전운전불이행,포장 - 건조,맑음,교차로 - 교차로부근,승용,남,61세,상해없음,보행자,여,54세,중상
1634,2018111700100209,2018년 11월 17일 10시,토요일,인천광역시 계양구 병방동,경상사고,0,0,1,0,차대사람 - 횡단중,신호위반,포장 - 건조,맑음,교차로 - 교차로횡단보도내,이륜,남,45세,상해없음,보행자,여,70세,경상
1635,2018111700100329,2018년 11월 17일 13시,토요일,인천광역시 남동구 간석동,중상사고,0,1,0,0,차대사람 - 차도통행중,안전운전불이행,포장 - 건조,맑음,단일로 - 기타,승용,남,74세,기타불명,보행자,여,61세,중상
1636,2018111700100472,2018년 11월 17일 17시,토요일,인천광역시 부평구 부평동,경상사고,0,0,1,0,차대사람 - 길가장자리구역통행중,안전운전불이행,포장 - 건조,맑음,단일로 - 기타,승용,여,19세,상해없음,보행자,여,54세,경상
1637,2018111700100524,2018년 11월 17일 18시,토요일,인천광역시 서구 석남동,경상사고,0,0,1,0,차대사람 - 길가장자리구역통행중,안전운전불이행,포장 - 건조,맑음,교차로 - 교차로부근,승용,여,23세,상해없음,보행자,여,48세,경상
1638,2018111700100630,2018년 11월 17일 21시,토요일,인천광역시 남동구 만수동,중상사고,0,1,0,0,차대사람 - 차도통행중,안전운전불이행,포장 - 건조,흐림,단일로 - 기타,승용,남,43세,상해없음,보행자,여,55세,중상
1639,2018111700100676,2018년 11월 17일 23시,토요일,인천광역시 미추홀구 주안동,경상사고,0,0,1,0,차대사람 - 보도통행중,안전운전불이행,포장 - 건조,맑음,기타 - 기타,승용,남,44세,상해없음,보행자,남,35세,경상
1640,2018111800100171,2018년 11월 18일 13시,일요일,인천광역시 서구 신현동,중상사고,0,2,0,0,차대사람 - 횡단중,신호위반,포장 - 건조,맑음,교차로 - 교차로안,이륜,남,32세,상해없음,보행자,여,55세,중상
1641,2018111800100172,2018년 11월 18일 13시,일요일,인천광역시 서구 청라동,중상사고,0,1,0,0,차대사람 - 기타,안전운전불이행,포장 - 건조,맑음,단일로 - 기타,승합,남,59세,상해없음,보행자,여,65세,중상
1642,2018111800100191,2018년 11월 18일 14시,일요일,인천광역시 남동구 구월동,경상사고,0,0,1,0,차대사람 - 기타,안전운전불이행,포장 - 건조,맑음,교차로 - 교차로안,승용,남,29세,기타불명,보행자,남,50세,경상
1643,2018111800100224,2018년 11월 18일 15시,일요일,인천광역시 동구 송림동,중상사고,0,1,0,0,차대사람 - 횡단중,안전운전불이행,포장 - 건조,맑음,교차로 - 교차로안,이륜,남,69세,상해없음,보행자,여,71세,중상
1644,2018111800100330,2018년 11월 18일 18시,일요일,인천광역시 서구 석남동,경상사고,0,0,1,0,차대사람 - 횡단중,보행자보호의무위반,포장 - 건조,맑음,기타 - 기타,승용,여,46세,상해없음,보행자,남,55세,경상
1645,2018111800100435,2018년 11월 18일 22시,일요일,인천광역시 계양구 계산동,중상사고,0,1,0,0,차대사람 - 차도통행중,안전운전불이행,포장 - 건조,맑음,단일로 - 기타,승용,여,45세,상해없음,보행자,여,41세,중상
1646,2018111900100334,2018년 11월 19일 15시,월요일,인천광역시 남동구 남촌동,경상사고,0,0,1,0,차대사람 - 기타,안전운전불이행,포장 - 건조,맑음,단일로 - 기타,승용,남,41세,상해없음,보행자,여,72세,경상
1647,2018111900100375,2018년 11월 19일 16시,월요일,인천광역시 미추홀구 주안동,경상사고,0,0,2,0,차대사람 - 기타,안전운전불이행,포장 - 건조,맑음,기타 - 기타,승용,남,60세,상해없음,보행자,여,19세,경상
1648,2018111900100566,2018년 11월 19일 21시,월요일,인천광역시 미추홀구 관교동,중상사고,0,1,0,0,차대사람 - 기타,안전운전불이행,포장 - 건조,맑음,단일로 - 기타,승합,남,47세,상해없음,보행자,여,77세,중상
1649,2018112000100344,2018년 11월 20일 15시,화요일,인천광역시 미추홀구 용현동,경상사고,0,0,2,0,차대사람 - 보도통행중,보행자보호의무위반,포장 - 건조,맑음,교차로 - 교차로안,승합,여,48세,상해없음,보행자,여,31세,경상
1650,2018112000100598,2018년 11월 20일 20시,화요일,인천광역시 서구 가좌동,중상사고,0,1,0,0,차대사람 - 기타,안전운전불이행,포장 - 건조,맑음,단일로 - 기타,화물,남,64세,상해없음,보행자,남,55세,중상
1651,2018112000100624,2018년 11월 20일 21시,화요일,인천광역시 서구 당하동,경상사고,0,0,1,0,차대사람 - 기타,신호위반,포장 - 건조,맑음,교차로 - 교차로부근,승용,남,55세,상해없음,보행자,여,39세,경상
1652,2018112100100144,2018년 11월 21일 08시,수요일,인천광역시 미추홀구 주안동,경상사고,0,0,1,0,차대사람 - 기타,안전운전불이행,포장 - 건조,맑음,단일로 - 기타,기타불명,기타불명,미분류,기타불명,보행자,남,23세,경상
1653,2018112100100145,2018년 11월 21일 08시,수요일,인천광역시 남동구 간석동,경상사고,0,0,1,0,차대사람 - 차도통행중,안전운전불이행,포장 - 건조,맑음,교차로 - 교차로안,승용,남,62세,상해없음,보행자,여,46세,경상
1654,2018112100100146,2018년 11월 21일 08시,수요일,인천광역시 남동구 만수동,경상사고,0,0,1,0,차대사람 - 횡단중,안전운전불이행,포장 - 건조,맑음,단일로 - 기타,승용,여,42세,상해없음,보행자,여,12세,경상
1655,2018112200100199,2018년 11월 22일 09시,목요일,인천광역시 서구 왕길동,경상사고,0,0,1,0,차대사람 - 횡단중,신호위반,포장 - 건조,맑음,교차로 - 교차로횡단보도내,승용,남,58세,상해없음,보행자,여,67세,경상
1656,2018112200100287,2018년 11월 22일 12시,목요일,인천광역시 부평구 부평동,중상사고,0,1,0,0,차대사람 - 차도통행중,안전운전불이행,포장 - 건조,맑음,교차로 - 교차로부근,승합,남,68세,상해없음,보행자,남,79세,중상
1657,2018112200100290,2018년 11월 22일 12시,목요일,인천광역시 남동구 서창동,경상사고,0,0,1,0,차대사람 - 보도통행중,기타,포장 - 건조,맑음,기타 - 기타,화물,남,44세,상해없음,보행자,여,58세,경상
1658,2018112200100578,2018년 11월 22일 19시,목요일,인천광역시 미추홀구 용현동,중상사고,0,1,0,0,차대사람 - 횡단중,보행자보호의무위반,포장 - 건조,맑음,교차로 - 교차로안,화물,남,48세,상해없음,보행자,여,17세,중상
1659,2018112200100657,2018년 11월 22일 22시,목요일,인천광역시 서구 연희동,경상사고,0,0,1,0,차대사람 - 기타,안전운전불이행,포장 - 건조,맑음,교차로 - 교차로부근,특수,남,31세,상해없음,보행자,남,58세,경상
1660,2018112300100053,2018년 11월 23일 05시,금요일,인천광역시 미추홀구 주안동,중상사고,0,1,0,0,차대사람 - 차도통행중,안전운전불이행,포장 - 건조,맑음,교차로 - 교차로부근,화물,남,59세,상해없음,보행자,남,56세,중상
1661,2018112300100150,2018년 11월 23일 08시,금요일,인천광역시 동구 송림동,중상사고,0,1,0,0,차대사람 - 횡단중,안전운전불이행,포장 - 건조,맑음,교차로 - 교차로안,승용,여,51세,상해없음,보행자,여,20세,중상
1662,2018112300100152,2018년 11월 23일 08시,금요일,인천광역시 남동구 간석동,중상사고,0,1,0,0,차대사람 - 횡단중,신호위반,포장 - 건조,맑음,교차로 - 교차로부근,화물,남,55세,상해없음,보행자,여,21세,중상
1663,2018112300100224,2018년 11월 23일 10시,금요일,인천광역시 중구 운서동,사망사고,1,1,3,0,차대사람 - 기타,기타,포장 - 건조,맑음,기타 - 기타,승합,남,39세,상해없음,보행자,남,73세,경상
1664,2018112300100284,2018년 11월 23일 12시,금요일,인천광역시 남동구 간석동,경상사고,0,0,1,0,차대사람 - 기타,안전운전불이행,포장 - 건조,맑음,기타 - 기타,화물,남,27세,상해없음,보행자,남,59세,경상
1665,2018112300100483,2018년 11월 23일 17시,금요일,인천광역시 서구 석남동,중상사고,0,1,0,0,차대사람 - 횡단중,안전운전불이행,포장 - 건조,맑음,단일로 - 기타,승용,남,44세,상해없음,보행자,남,72세,중상
1666,2018112300100485,2018년 11월 23일 17시,금요일,인천광역시 서구 석남동,경상사고,0,0,1,0,차대사람 - 횡단중,안전운전불이행,포장 - 건조,맑음,교차로 - 교차로부근,승용,여,47세,상해없음,보행자,남,9세,경상
1667,2018112300100612,2018년 11월 23일 19시,금요일,인천광역시 계양구 계산동,경상사고,0,0,1,0,차대사람 - 길가장자리구역통행중,안전운전불이행,포장 - 건조,맑음,단일로 - 기타,승용,남,54세,상해없음,보행자,남,62세,경상
1668,2018112300100613,2018년 11월 23일 19시,금요일,인천광역시 연수구 송도동,부상신고사고,0,0,0,1,차대사람 - 횡단중,안전운전불이행,포장 - 건조,맑음,교차로 - 교차로횡단보도내,승용,여,50세,상해없음,보행자,여,16세,부상신고
1669,2018112400100023,2018년 11월 24일 00시,토요일,인천광역시 남동구 만수동,경상사고,0,0,1,0,차대사람 - 차도통행중,안전운전불이행,포장 - 건조,맑음,교차로 - 교차로안,승용,남,54세,상해없음,보행자,여,55세,경상
1670,2018112400100126,2018년 11월 24일 06시,토요일,인천광역시 계양구 계산동,경상사고,0,0,1,0,차대사람 - 차도통행중,안전운전불이행,포장 - 적설,눈,단일로 - 기타,승용,남,50세,상해없음,보행자,남,77세,경상
1671,2018112400100127,2018년 11월 24일 06시,토요일,인천광역시 강화군 강화읍,경상사고,0,0,1,0,차대사람 - 횡단중,안전운전불이행,포장 - 젖음/습기,눈,교차로 - 교차로부근,승용,남,47세,상해없음,보행자,여,72세,경상
1672,2018112400100432,2018년 11월 24일 15시,토요일,인천광역시 남동구 구월동,경상사고,0,0,1,0,차대사람 - 보도통행중,보행자보호의무위반,포장 - 건조,맑음,단일로 - 기타,승용,남,44세,상해없음,보행자,남,26세,경상
1673,2018112400100433,2018년 11월 24일 15시,토요일,인천광역시 연수구 청학동,중상사고,0,1,0,0,차대사람 - 보도통행중,기타,포장 - 건조,맑음,교차로 - 교차로부근,화물,남,50세,상해없음,보행자,여,47세,중상
1674,2018112400100458,2018년 11월 24일 16시,토요일,인천광역시 남동구 만수동,중상사고,0,1,0,0,차대사람 - 횡단중,안전운전불이행,포장 - 건조,맑음,교차로 - 교차로부근,건설기계,남,69세,상해없음,보행자,남,69세,중상
1675,2018112400100497,2018년 11월 24일 17시,토요일,인천광역시 서구 마전동,사망사고,1,0,0,0,차대사람 - 기타,안전운전불이행,포장 - 건조,맑음,교차로 - 교차로안,승용,남,28세,상해없음,보행자,남,85세,사망
1676,2018112400100498,2018년 11월 24일 17시,토요일,인천광역시 연수구 옥련동,중상사고,0,1,0,0,차대사람 - 횡단중,보행자보호의무위반,포장 - 건조,맑음,단일로 - 기타,승용,남,29세,상해없음,보행자,남,69세,중상
1677,2018112400100579,2018년 11월 24일 19시,토요일,인천광역시 중구 항동7가,중상사고,0,1,0,0,차대사람 - 차도통행중,안전운전불이행,포장 - 건조,맑음,단일로 - 기타,승용,남,56세,상해없음,보행자,여,78세,중상
1678,2018112400100621,2018년 11월 24일 20시,토요일,인천광역시 남동구 논현동,경상사고,0,0,1,0,차대사람 - 기타,교차로운행방법위반,포장 - 건조,맑음,교차로 - 교차로부근,승용,남,48세,상해없음,보행자,여,25세,경상
1679,2018112400100652,2018년 11월 24일 21시,토요일,인천광역시 연수구 옥련동,중상사고,0,1,0,0,차대사람 - 기타,안전운전불이행,포장 - 건조,맑음,단일로 - 기타,승용,남,40세,상해없음,보행자,여,41세,중상
1680,2018112500100210,2018년 11월 25일 14시,일요일,인천광역시 미추홀구 문학동,경상사고,0,0,1,0,차대사람 - 차도통행중,안전운전불이행,포장 - 건조,맑음,단일로 - 기타,승용,남,54세,상해없음,보행자,남,34세,경상
1681,2018112500100368,2018년 11월 25일 19시,일요일,인천광역시 남동구 만수동,경상사고,0,0,1,0,차대사람 - 차도통행중,안전운전불이행,포장 - 건조,흐림,단일로 - 기타,기타불명,기타불명,미분류,기타불명,보행자,여,21세,경상
1682,2018112500100409,2018년 11월 25일 21시,일요일,인천광역시 서구 검암동,경상사고,0,0,1,0,차대사람 - 기타,안전운전불이행,포장 - 건조,맑음,단일로 - 기타,승합,남,57세,상해없음,보행자,여,43세,경상
1683,2018112600100142,2018년 11월 26일 08시,월요일,인천광역시 서구 신현동,부상신고사고,0,0,0,1,차대사람 - 길가장자리구역통행중,안전운전불이행,포장 - 건조,맑음,단일로 - 기타,승용,남,58세,상해없음,보행자,남,7세,부상신고
1684,2018112600100143,2018년 11월 26일 08시,월요일,인천광역시 계양구 계산동,경상사고,0,0,1,0,차대사람 - 길가장자리구역통행중,안전운전불이행,포장 - 건조,맑음,교차로 - 교차로부근,승용,여,44세,상해없음,보행자,남,10세,경상
1685,2018112600100238,2018년 11월 26일 11시,월요일,인천광역시 부평구 부개동,중상사고,0,1,0,0,차대사람 - 기타,안전운전불이행,포장 - 건조,맑음,교차로 - 교차로안,승용,여,53세,상해없음,보행자,여,79세,중상
1686,2018112600100310,2018년 11월 26일 13시,월요일,인천광역시 부평구 부평동,중상사고,0,1,0,0,차대사람 - 횡단중,중앙선침범,포장 - 건조,맑음,단일로 - 기타,화물,남,65세,상해없음,보행자,여,43세,중상
1687,2018112700100171,2018년 11월 27일 09시,화요일,인천광역시 부평구 부평동,경상사고,0,0,1,0,차대사람 - 차도통행중,안전운전불이행,포장 - 건조,맑음,단일로 - 기타,화물,남,43세,상해없음,보행자,남,26세,경상
1688,2018112700100273,2018년 11월 27일 13시,화요일,인천광역시 미추홀구 주안동,경상사고,0,0,1,0,차대사람 - 차도통행중,안전운전불이행,포장 - 건조,맑음,단일로 - 기타,승용,남,29세,상해없음,보행자,여,39세,경상