,사고번호,사고일시,요일,시군구,사고내용,사망자수,중상자수,경상자수,부상신고자수,사고유형,법규위반,노면상태,기상상태,도로형태,가해운전자 차종,가해운전자 성별,가해운전자 연령,가해운전자 상해정도,피해운전자 차종,피해운전자 성별,피해운전자 연령,피해운전자 상해정도
1689,2018112700100329,2018년 11월 27일 15시,화요일,인천광역시 남동구 간석동,경상사고,0,0,1,0,차대사람 - 기타,안전운전불이행,포장 - 건조,맑음,기타 - 기타,승용,여,49세,상해없음,보행자,남,10세,경상
1690,2018112700100332,2018년 11월 27일 15시,화요일,인천광역시 서구 석남동,경상사고,0,0,1,0,차대사람 - 횡단중,보행자보호의무위반,포장 - 건조,맑음,교차로 - 교차로안,승합,남,60세,상해없음,보행자,남,8세,경상
1691,2018112700100466,2018년 11월 27일 18시,화요일,인천광역시 남동구 구월동,중상사고,0,1,0,0,차대사람 - 보도통행중,보행자보호의무위반,포장 - 건조,맑음,교차로 - 교차로횡단보도내,승용,여,33세,상해없음,보행자,남,31세,중상
1692,2018112700100513,2018년 11월 27일 19시,화요일,인천광역시 동구 만석동,중상사고,0,1,0,0,차대사람 - 횡단중,보행자보호의무위반,포장 - 건조,맑음,교차로 - 교차로횡단보도내,승합,여,57세,상해없음,보행자,여,53세,중상
1693,2018112800100440,2018년 11월 28일 17시,수요일,인천광역시 계양구 동양동,경상사고,0,0,1,0,차대사람 - 보도통행중,안전운전불이행,포장 - 건조,맑음,교차로 - 교차로부근,승용,여,51세,상해없음,보행자,여,14세,경상
1694,2018112800100441,2018년 11월 28일 17시,수요일,인천광역시 부평구 부평동,경상사고,0,0,1,0,차대사람 - 기타,안전운전불이행,포장 - 건조,맑음,단일로 - 기타,기타불명,기타불명,미분류,기타불명,보행자,여,67세,경상
1695,2018112800100489,2018년 11월 28일 18시,수요일,인천광역시 미추홀구 도화동,경상사고,0,0,1,0,차대사람 - 기타,안전운전불이행,포장 - 건조,맑음,단일로 - 기타,승용,남,71세,상해없음,보행자,여,50세,경상
1696,2018112800100490,2018년 11월 28일 18시,수요일,인천광역시 남동구 간석동,부상신고사고,0,0,0,1,차대사람 - 기타,안전운전불이행,포장 - 건조,맑음,단일로 - 기타,승용,여,40세,상해없음,보행자,남,50세,부상신고
1697,2018112900100052,2018년 11월 29일 05시,목요일,인천광역시 서구 당하동,중상사고,0,1,0,0,차대사람 - 길가장자리구역통행중,안전운전불이행,포장 - 건조,맑음,교차로 - 교차로부근,화물,남,50세,상해없음,보행자,남,54세,중상
1698,2018112900100345,2018년 11월 29일 16시,목요일,인천광역시 계양구 효성동,경상사고,0,0,1,0,차대사람 - 길가장자리구역통행중,안전운전불이행,포장 - 건조,맑음,단일로 - 기타,승용,남,36세,상해없음,보행자,남,26세,경상
1699,2018112900100384,2018년 11월 29일 17시,목요일,인천광역시 미추홀구 도화동,경상사고,0,0,1,0,차대사람 - 기타,안전운전불이행,포장 - 건조,맑음,기타 - 기타,승용,남,62세,상해없음,보행자,여,78세,경상
1700,2018112900100554,2018년 11월 29일 22시,목요일,인천광역시 강화군 강화읍,중상사고,0,1,0,0,차대사람 - 횡단중,안전운전불이행,포장 - 건조,맑음,교차로 - 교차로부근,승용,여,54세,상해없음,보행자,여,60세,중상
1701,2018113000100021,2018년 11월 30일 00시,금요일,인천광역시 남동구 구월동,경상사고,0,0,1,0,차대사람 - 횡단중,안전운전불이행,포장 - 건조,맑음,단일로 - 기타,승용,남,44세,상해없음,보행자,남,62세,경상
1702,2018113000100080,2018년 11월 30일 06시,금요일,인천광역시 남동구 구월동,경상사고,0,0,1,0,차대사람 - 횡단중,신호위반,포장 - 건조,맑음,단일로 - 기타,승용,남,64세,상해없음,보행자,여,60세,경상
1703,2018113000100202,2018년 11월 30일 10시,금요일,인천광역시 미추홀구 숭의동,중상사고,0,1,0,0,차대사람 - 횡단중,안전운전불이행,포장 - 건조,맑음,교차로 - 교차로안,화물,남,46세,상해없음,보행자,여,87세,중상
1704,2018113000100301,2018년 11월 30일 13시,금요일,인천광역시 미추홀구 도화동,경상사고,0,0,1,0,차대사람 - 횡단중,신호위반,포장 - 건조,맑음,단일로 - 기타,승용,여,45세,상해없음,보행자,남,9세,경상
1705,2018113000100302,2018년 11월 30일 13시,금요일,인천광역시 남동구 구월동,경상사고,0,0,1,0,차대사람 - 기타,안전운전불이행,포장 - 건조,맑음,기타 - 기타,승용,여,56세,상해없음,보행자,남,49세,경상
1706,2018113000100664,2018년 11월 30일 21시,금요일,인천광역시 미추홀구 용현동,경상사고,0,0,1,0,차대사람 - 기타,안전운전불이행,포장 - 건조,맑음,단일로 - 기타,승용,남,29세,상해없음,보행자,남,30세,경상
1707,2018120100100247,2018년 12월 1일 12시,토요일,인천광역시 계양구 작전동,경상사고,0,0,1,0,차대사람 - 기타,안전운전불이행,포장 - 건조,맑음,기타 - 기타,화물,남,22세,상해없음,보행자,남,34세,경상
1708,2018120100100595,2018년 12월 1일 22시,토요일,인천광역시 계양구 작전동,중상사고,0,1,0,0,차대사람 - 기타,안전운전불이행,포장 - 건조,맑음,단일로 - 기타,승용,남,62세,상해없음,보행자,여,67세,중상
1709,2018120200100023,2018년 12월 2일 01시,일요일,인천광역시 미추홀구 용현동,부상신고사고,0,0,0,2,차대사람 - 기타,안전운전불이행,포장 - 기타,기타,단일로 - 기타,승용,남,23세,상해없음,보행자,여,22세,부상신고
1710,2018120200100040,2018년 12월 2일 02시,일요일,인천광역시 강화군 강화읍,중상사고,0,1,1,0,차대사람 - 횡단중,안전운전불이행,포장 - 건조,맑음,교차로 - 교차로횡단보도내,승용,여,42세,상해없음,보행자,남,37세,중상
1711,2018120200100190,2018년 12월 2일 13시,일요일,인천광역시 미추홀구 용현동,부상신고사고,0,0,0,1,차대사람 - 기타,안전운전불이행,포장 - 건조,맑음,단일로 - 기타,승용,남,70세,상해없음,보행자,남,16세,부상신고
1712,2018120200100427,2018년 12월 2일 21시,일요일,인천광역시 서구 당하동,경상사고,0,0,1,0,차대사람 - 횡단중,안전운전불이행,포장 - 건조,맑음,단일로 - 기타,이륜,남,40세,상해없음,보행자,남,25세,경상
1713,2018120300100070,2018년 12월 3일 06시,월요일,인천광역시 남동구 만수동,중상사고,0,1,0,0,차대사람 - 횡단중,안전운전불이행,포장 - 젖음/습기,비,단일로 - 기타,승용,남,73세,상해없음,보행자,여,48세,중상
1714,2018120300100071,2018년 12월 3일 06시,월요일,인천광역시 남동구 구월동,부상신고사고,0,0,0,1,차대사람 - 보도통행중,안전운전불이행,포장 - 젖음/습기,비,교차로 - 교차로안,기타불명,기타불명,미분류,기타불명,보행자,남,37세,부상신고
1715,2018120300100170,2018년 12월 3일 09시,월요일,인천광역시 중구 사동,중상사고,0,1,0,0,차대사람 - 기타,안전운전불이행,포장 - 적설,비,단일로 - 기타,승용,남,61세,상해없음,보행자,남,78세,중상
1716,2018120300100454,2018년 12월 3일 17시,월요일,인천광역시 남동구 고잔동,중상사고,0,1,0,0,차대사람 - 횡단중,보행자보호의무위반,포장 - 젖음/습기,비,교차로 - 교차로안,승용,남,42세,상해없음,보행자,여,59세,중상
1717,2018120300100597,2018년 12월 3일 20시,월요일,인천광역시 미추홀구 용현동,경상사고,0,0,1,0,차대사람 - 기타,안전운전불이행,포장 - 젖음/습기,흐림,기타 - 기타,화물,남,60세,상해없음,보행자,여,68세,경상
1718,2018120400100236,2018년 12월 4일 10시,화요일,인천광역시 계양구 효성동,중상사고,0,1,0,0,차대사람 - 횡단중,보행자보호의무위반,포장 - 젖음/습기,흐림,교차로 - 교차로횡단보도내,승합,남,68세,상해없음,보행자,여,52세,중상
1719,2018120400100281,2018년 12월 4일 12시,화요일,인천광역시 부평구 부평동,중상사고,0,1,0,0,차대사람 - 기타,안전운전불이행,포장 - 건조,맑음,교차로 - 교차로안,화물,남,38세,상해없음,보행자,여,85세,중상
1720,2018120400100572,2018년 12월 4일 22시,화요일,인천광역시 계양구 동양동,경상사고,0,0,1,0,차대사람 - 길가장자리구역통행중,안전운전불이행,포장 - 건조,맑음,교차로 - 교차로안,승용,남,47세,상해없음,보행자,여,57세,경상
1721,2018120500100065,2018년 12월 5일 06시,수요일,인천광역시 남동구 구월동,사망사고,1,0,0,0,차대사람 - 횡단중,과속,포장 - 건조,맑음,단일로 - 기타,승용,남,36세,상해없음,보행자,남,80세,사망
1722,2018120500100098,2018년 12월 5일 07시,수요일,인천광역시 부평구 산곡동,경상사고,0,0,1,0,차대사람 - 횡단중,보행자보호의무위반,포장 - 건조,맑음,교차로 - 교차로부근,기타불명,기타불명,미분류,기타불명,보행자,여,30세,경상
1723,2018120500100266,2018년 12월 5일 12시,수요일,인천광역시 부평구 삼산동,중상사고,0,1,0,0,차대사람 - 횡단중,보행자보호의무위반,포장 - 건조,맑음,단일로 - 기타,승용,남,47세,상해없음,보행자,여,61세,중상
1724,2018120500100267,2018년 12월 5일 12시,수요일,인천광역시 부평구 부평동,중상사고,0,1,0,0,차대사람 - 차도통행중,안전운전불이행,포장 - 건조,맑음,단일로 - 기타,승용,남,36세,상해없음,보행자,여,71세,중상
1725,2018120500100318,2018년 12월 5일 14시,수요일,인천광역시 남동구 구월동,중상사고,0,1,0,0,차대사람 - 횡단중,안전운전불이행,포장 - 건조,맑음,기타 - 기타,승용,남,20세,상해없음,보행자,남,73세,중상
1726,2018120500100319,2018년 12월 5일 14시,수요일,인천광역시 서구 마전동,경상사고,0,0,1,0,차대사람 - 기타,안전운전불이행,포장 - 건조,맑음,단일로 - 기타,화물,남,77세,상해없음,보행자,남,37세,경상
1727,2018120500100320,2018년 12월 5일 14시,수요일,인천광역시 부평구 부개동,경상사고,0,0,1,0,차대사람 - 기타,안전운전불이행,포장 - 건조,맑음,교차로 - 교차로부근,승합,남,53세,상해없음,보행자,남,53세,경상
1728,2018120500100422,2018년 12월 5일 17시,수요일,인천광역시 남동구 간석동,경상사고,0,0,1,0,차대사람 - 기타,신호위반,포장 - 건조,맑음,기타 - 기타,이륜,남,17세,상해없음,보행자,남,43세,경상
1729,2018120700100054,2018년 12월 7일 05시,금요일,인천광역시 미추홀구 숭의동,사망사고,1,0,0,0,차대사람 - 횡단중,안전운전불이행,포장 - 건조,맑음,단일로 - 기타,화물,남,47세,상해없음,보행자,남,84세,사망
1730,2018120700100080,2018년 12월 7일 06시,금요일,인천광역시 부평구 청천동,중상사고,0,1,0,0,차대사람 - 기타,보행자보호의무위반,포장 - 건조,맑음,교차로 - 교차로안,화물,남,39세,상해없음,보행자,남,54세,중상
1731,2018120700100142,2018년 12월 7일 08시,금요일,인천광역시 남동구 고잔동,경상사고,0,0,1,0,차대사람 - 차도통행중,안전운전불이행,포장 - 건조,맑음,단일로 - 기타,승용,남,28세,상해없음,보행자,남,56세,경상
1732,2018120700100256,2018년 12월 7일 11시,금요일,인천광역시 남동구 구월동,경상사고,0,0,1,0,차대사람 - 기타,안전운전불이행,포장 - 건조,맑음,단일로 - 기타,승용,여,72세,기타불명,보행자,남,15세,경상
1733,2018120700100433,2018년 12월 7일 16시,금요일,인천광역시 남동구 구월동,경상사고,0,0,1,0,차대사람 - 횡단중,안전운전불이행,포장 - 건조,맑음,교차로 - 교차로안,승합,남,76세,상해없음,보행자,남,9세,경상
1734,2018120700100581,2018년 12월 7일 19시,금요일,인천광역시 남동구 구월동,경상사고,0,0,1,0,차대사람 - 차도통행중,안전운전불이행,포장 - 건조,맑음,단일로 - 기타,승용,남,58세,상해없음,보행자,여,44세,경상
1735,2018120700100614,2018년 12월 7일 20시,금요일,인천광역시 계양구 작전동,중상사고,0,1,0,0,차대사람 - 기타,안전운전불이행,포장 - 건조,맑음,교차로 - 교차로횡단보도내,승용,남,58세,상해없음,보행자,여,55세,중상
1736,2018120700100650,2018년 12월 7일 21시,금요일,인천광역시 미추홀구 용현동,중상사고,0,1,0,0,차대사람 - 보도통행중,보행자보호의무위반,포장 - 건조,맑음,교차로 - 교차로안,화물,남,58세,상해없음,보행자,여,36세,중상
1737,2018120800100269,2018년 12월 8일 13시,토요일,인천광역시 남동구 간석동,중상사고,0,1,0,0,차대사람 - 기타,보행자보호의무위반,포장 - 건조,맑음,교차로 - 교차로안,승용,남,26세,상해없음,보행자,남,38세,중상
1738,2018120800100300,2018년 12월 8일 14시,토요일,인천광역시 부평구 산곡동,경상사고,0,0,1,0,차대사람 - 기타,보행자보호의무위반,포장 - 건조,맑음,단일로 - 기타,승용,남,54세,상해없음,보행자,남,7세,경상
1739,2018120800100374,2018년 12월 8일 16시,토요일,인천광역시 동구 송현동,경상사고,0,0,1,0,차대사람 - 기타,안전운전불이행,포장 - 건조,맑음,기타 - 기타,승용,여,47세,상해없음,보행자,남,22세,경상
1740,2018121000100130,2018년 12월 10일 09시,월요일,인천광역시 미추홀구 주안동,경상사고,0,0,1,0,차대사람 - 길가장자리구역통행중,안전운전불이행,포장 - 건조,맑음,단일로 - 기타,승용,여,53세,상해없음,보행자,여,77세,경상
1741,2018121000100239,2018년 12월 10일 12시,월요일,인천광역시 서구 석남동,중상사고,0,1,0,0,차대사람 - 횡단중,신호위반,포장 - 건조,맑음,교차로 - 교차로안,화물,남,41세,상해없음,보행자,여,74세,중상
1742,2018121000100270,2018년 12월 10일 13시,월요일,인천광역시 부평구 부평동,경상사고,0,0,1,0,차대사람 - 횡단중,신호위반,포장 - 건조,맑음,교차로 - 교차로안,승용,남,49세,상해없음,보행자,남,7세,경상
1743,2018121000100480,2018년 12월 10일 18시,월요일,인천광역시 계양구 계산동,중상사고,0,1,0,0,차대사람 - 기타,안전운전불이행,포장 - 건조,맑음,교차로 - 교차로안,승용,여,45세,상해없음,보행자,여,62세,중상
1744,2018121100100008,2018년 12월 11일 00시,화요일,인천광역시 계양구 계산동,경상사고,0,0,1,0,차대사람 - 기타,안전운전불이행,포장 - 건조,맑음,단일로 - 기타,기타불명,기타불명,미분류,기타불명,보행자,남,51세,경상
1745,2018121100100024,2018년 12월 11일 02시,화요일,인천광역시 부평구 부평동,경상사고,0,0,1,0,차대사람 - 횡단중,보행자보호의무위반,포장 - 건조,맑음,교차로 - 교차로횡단보도내,이륜,남,18세,상해없음,보행자,남,48세,경상
1746,2018121100100183,2018년 12월 11일 10시,화요일,인천광역시 중구 항동7가,중상사고,0,1,0,0,차대사람 - 횡단중,보행자보호의무위반,포장 - 건조,맑음,교차로 - 교차로횡단보도내,승합,남,37세,상해없음,보행자,남,75세,중상
1747,2018121100100250,2018년 12월 11일 12시,화요일,인천광역시 서구 심곡동,중상사고,0,1,0,0,차대사람 - 횡단중,보행자보호의무위반,포장 - 건조,맑음,교차로 - 교차로안,화물,남,55세,상해없음,보행자,남,13세,중상
1748,2018121100100251,2018년 12월 11일 12시,화요일,인천광역시 강화군 길상면,중상사고,0,1,0,0,차대사람 - 기타,안전운전불이행,포장 - 건조,맑음,기타 - 기타,승용,여,52세,상해없음,보행자,남,50세,중상
1749,2018121100100375,2018년 12월 11일 16시,화요일,인천광역시 부평구 청천동,중상사고,0,1,0,0,차대사람 - 기타,보행자보호의무위반,포장 - 건조,맑음,교차로 - 교차로안,화물,남,31세,상해없음,보행자,남,69세,중상
1750,2018121200100033,2018년 12월 12일 02시,수요일,인천광역시 남동구 만수동,부상신고사고,0,0,0,1,차대사람 - 기타,안전운전불이행,포장 - 건조,맑음,단일로 - 기타,기타불명,기타불명,미분류,기타불명,보행자,남,22세,부상신고
1751,2018121200100058,2018년 12월 12일 05시,수요일,인천광역시 연수구 옥련동,경상사고,0,0,1,0,차대사람 - 길가장자리구역통행중,안전운전불이행,포장 - 건조,맑음,단일로 - 기타,화물,남,55세,상해없음,보행자,남,40세,경상
1752,2018121200100263,2018년 12월 12일 12시,수요일,인천광역시 미추홀구 주안동,중상사고,0,1,0,0,차대사람 - 횡단중,안전운전불이행,포장 - 건조,맑음,단일로 - 기타,승용,여,23세,상해없음,보행자,남,88세,중상
1753,2018121200100292,2018년 12월 12일 13시,수요일,인천광역시 남동구 만수동,경상사고,0,0,1,0,차대사람 - 횡단중,보행자보호의무위반,포장 - 건조,맑음,단일로 - 기타,승합,남,69세,상해없음,보행자,여,50세,경상
1754,2018121200100407,2018년 12월 12일 16시,수요일,인천광역시 부평구 십정동,경상사고,0,0,1,0,차대사람 - 기타,안전운전불이행,포장 - 건조,맑음,단일로 - 기타,승용,남,57세,상해없음,보행자,여,22세,경상
1755,2018121300100137,2018년 12월 13일 08시,목요일,인천광역시 남동구 고잔동,경상사고,0,0,1,0,차대사람 - 횡단중,신호위반,포장 - 서리/결빙,눈,교차로 - 교차로횡단보도내,승용,남,65세,상해없음,보행자,여,47세,경상
1756,2018121300100190,2018년 12월 13일 09시,목요일,인천광역시 서구 가정동,경상사고,0,0,1,0,차대사람 - 횡단중,안전운전불이행,포장 - 젖음/습기,눈,교차로 - 교차로부근,화물,남,58세,상해없음,보행자,남,68세,경상
1757,2018121300100389,2018년 12월 13일 15시,목요일,인천광역시 미추홀구 도화동,중상사고,0,1,0,0,차대사람 - 기타,안전운전불이행,포장 - 건조,맑음,단일로 - 기타,승용,남,52세,상해없음,보행자,남,70세,중상
1758,2018121300100513,2018년 12월 13일 18시,목요일,인천광역시 미추홀구 숭의동,중상사고,0,1,0,0,차대사람 - 기타,신호위반,포장 - 건조,맑음,단일로 - 기타,승합,남,60세,상해없음,보행자,남,21세,중상
1759,2018121300100514,2018년 12월 13일 18시,목요일,인천광역시 부평구 부개동,부상신고사고,0,0,0,1,차대사람 - 기타,보행자보호의무위반,포장 - 건조,맑음,교차로 - 교차로횡단보도내,기타불명,기타불명,미분류,기타불명,보행자,남,13세,부상신고
1760,2018121400100028,2018년 12월 14일 01시,금요일,인천광역시 미추홀구 학익동,경상사고,0,0,1,0,차대사람 - 기타,안전운전불이행,포장 - 건조,맑음,교차로 - 교차로부근,승용,남,73세,상해없음,보행자,남,22세,경상
1761,2018121400100330,2018년 12월 14일 14시,금요일,인천광역시 서구 석남동,경상사고,0,0,1,0,차대사람 - 기타,안전운전불이행,포장 - 건조,맑음,기타 - 기타,승용,여,55세,상해없음,보행자,남,71세,경상
1762,2018121400100379,2018년 12월 14일 15시,금요일,인천광역시 부평구 산곡동,경상사고,0,0,1,0,차대사람 - 기타,보행자보호의무위반,포장 - 건조,맑음,교차로 - 교차로횡단보도내,승용,남,41세,상해없음,보행자,남,9세,경상
1763,2018121400100380,2018년 12월 14일 15시,금요일,인천광역시 연수구 청학동,중상사고,0,1,0,0,차대사람 - 횡단중,신호위반,포장 - 건조,맑음,교차로 - 교차로횡단보도내,화물,남,46세,상해없음,보행자,남,84세,중상
1764,2018121400100587,2018년 12월 14일 19시,금요일,인천광역시 연수구 송도동,경상사고,0,0,1,0,차대사람 - 보도통행중,안전운전불이행,포장 - 건조,맑음,단일로 - 기타,원동기,남,16세,상해없음,보행자,남,11세,경상
1765,2018121400100704,2018년 12월 14일 22시,금요일,인천광역시 부평구 부평동,경상사고,0,0,1,0,차대사람 - 길가장자리구역통행중,안전운전불이행,포장 - 건조,맑음,교차로 - 교차로부근,승용,남,22세,상해없음,보행자,남,49세,경상
1766,2018121400100726,2018년 12월 14일 23시,금요일,인천광역시 남동구 간석동,경상사고,0,0,1,0,차대사람 - 기타,신호위반,포장 - 건조,맑음,기타 - 기타,이륜,남,21세,상해없음,보행자,여,47세,경상
1767,2018121500100100,2018년 12월 15일 05시,토요일,인천광역시 연수구 선학동,중상사고,0,1,0,0,차대사람 - 횡단중,안전운전불이행,포장 - 건조,맑음,단일로 - 기타,승용,남,47세,상해없음,보행자,남,40세,중상
1768,2018121500100548,2018년 12월 15일 18시,토요일,인천광역시 부평구 부개동,경상사고,0,0,1,0,차대사람 - 기타,안전운전불이행,포장 - 건조,맑음,기타 - 기타,승용,여,39세,상해없음,보행자,여,82세,경상
1769,2018121500100585,2018년 12월 15일 19시,토요일,인천광역시 계양구 작전동,부상신고사고,0,0,0,1,차대사람 - 기타,안전운전불이행,포장 - 건조,맑음,단일로 - 기타,기타불명,기타불명,미분류,기타불명,보행자,여,61세,부상신고
1770,2018121600100347,2018년 12월 16일 19시,일요일,인천광역시 서구 심곡동,경상사고,0,0,1,0,차대사람 - 기타,안전운전불이행,포장 - 건조,맑음,단일로 - 기타,승용,여,22세,상해없음,보행자,여,5세,경상
1771,2018121700100283,2018년 12월 17일 10시,월요일,인천광역시 부평구 부평동,경상사고,0,0,1,0,차대사람 - 횡단중,보행자보호의무위반,포장 - 건조,맑음,교차로 - 교차로횡단보도내,승용,여,39세,상해없음,보행자,여,70세,경상
1772,2018121700100410,2018년 12월 17일 14시,월요일,인천광역시 계양구 효성동,경상사고,0,0,1,0,차대사람 - 횡단중,안전운전불이행,포장 - 건조,맑음,단일로 - 기타,승용,여,48세,상해없음,보행자,남,11세,경상
1773,2018121700100480,2018년 12월 17일 16시,월요일,인천광역시 남동구 만수동,경상사고,0,0,1,0,차대사람 - 기타,안전운전불이행,포장 - 건조,맑음,단일로 - 기타,기타불명,기타불명,미분류,기타불명,보행자,여,12세,경상
1774,2018121700100591,2018년 12월 17일 18시,월요일,인천광역시 서구 석남동,부상신고사고,0,0,0,1,차대사람 - 기타,신호위반,포장 - 건조,맑음,단일로 - 기타,기타불명,기타불명,미분류,기타불명,보행자,남,12세,부상신고
1775,2018121700100667,2018년 12월 17일 20시,월요일,인천광역시 계양구 효성동,경상사고,0,0,2,0,차대사람 - 기타,안전운전불이행,포장 - 건조,흐림,단일로 - 기타,승용,남,51세,상해없음,보행자,여,24세,경상
1776,2018121700100700,2018년 12월 17일 21시,월요일,인천광역시 남동구 구월동,중상사고,0,1,0,0,차대사람 - 기타,안전운전불이행,포장 - 건조,맑음,교차로 - 교차로안,승용,남,28세,상해없음,보행자,여,25세,중상
1777,2018121700100702,2018년 12월 17일 21시,월요일,인천광역시 서구 연희동,중상사고,0,1,0,0,차대사람 - 횡단중,신호위반,포장 - 건조,맑음,교차로 - 교차로횡단보도내,승용,남,58세,상해없음,보행자,여,54세,중상
1778,2018121800100014,2018년 12월 18일 00시,화요일,인천광역시 계양구 작전동,경상사고,0,0,1,0,차대사람 - 횡단중,안전운전불이행,포장 - 건조,맑음,교차로 - 교차로횡단보도내,승용,남,60세,상해없음,보행자,남,65세,경상
1779,2018121800100526,2018년 12월 18일 18시,화요일,인천광역시 연수구 연수동,경상사고,0,0,1,0,차대사람 - 기타,안전운전불이행,포장 - 건조,맑음,단일로 - 기타,승합,남,60세,상해없음,보행자,여,54세,경상
1780,2018121800100568,2018년 12월 18일 19시,화요일,인천광역시 중구 신흥동1가,사망사고,1,0,0,0,차대사람 - 횡단중,신호위반,포장 - 건조,맑음,교차로 - 교차로횡단보도내,승용,남,59세,상해없음,보행자,여,63세,사망
1781,2018121800100569,2018년 12월 18일 19시,화요일,인천광역시 부평구 삼산동,경상사고,0,0,1,0,차대사람 - 기타,안전운전불이행,포장 - 건조,맑음,단일로 - 기타,승용,남,41세,상해없음,보행자,남,22세,경상
1782,2018121900100115,2018년 12월 19일 07시,수요일,인천광역시 미추홀구 학익동,경상사고,0,0,1,0,차대사람 - 횡단중,안전운전불이행,포장 - 건조,맑음,교차로 - 교차로부근,화물,남,37세,상해없음,보행자,여,66세,경상
1783,2018121900100116,2018년 12월 19일 07시,수요일,인천광역시 남동구 고잔동,부상신고사고,0,0,0,1,차대사람 - 길가장자리구역통행중,안전운전불이행,포장 - 건조,맑음,단일로 - 기타,승용,남,59세,상해없음,보행자,여,35세,부상신고
1784,2018121900100155,2018년 12월 19일 08시,수요일,인천광역시 중구 운서동,부상신고사고,0,0,0,1,차대사람 - 기타,보행자보호의무위반,포장 - 건조,맑음,교차로 - 교차로안,화물,남,51세,상해없음,보행자,여,32세,부상신고
1785,2018121900100335,2018년 12월 19일 14시,수요일,인천광역시 계양구 병방동,중상사고,0,1,0,0,차대사람 - 횡단중,안전운전불이행,포장 - 건조,맑음,단일로 - 기타,승용,남,53세,상해없음,보행자,여,9세,중상
1786,2018121900100363,2018년 12월 19일 15시,수요일,인천광역시 미추홀구 주안동,부상신고사고,0,0,0,1,차대사람 - 횡단중,안전운전불이행,포장 - 건조,맑음,교차로 - 교차로안,화물,남,59세,상해없음,보행자,여,44세,부상신고
1787,2018121900100398,2018년 12월 19일 16시,수요일,인천광역시 중구 중산동,중상사고,0,1,0,0,차대사람 - 기타,안전운전불이행,포장 - 건조,맑음,주차장 - 주차장,승용,남,60세,상해없음,보행자,여,57세,중상
1788,2018121900100629,2018년 12월 19일 22시,수요일,인천광역시 연수구 연수동,중상사고,0,1,0,0,차대사람 - 기타,안전운전불이행,포장 - 건조,맑음,단일로 - 기타,승용,남,33세,상해없음,보행자,남,60세,중상
1789,2018122000100081,2018년 12월 20일 06시,목요일,인천광역시 부평구 부평동,경상사고,0,0,1,0,차대사람 - 기타,안전운전불이행,포장 - 건조,맑음,단일로 - 기타,승용,남,26세,상해없음,보행자,남,26세,경상
1790,2018122000100447,2018년 12월 20일 18시,목요일,인천광역시 중구 선린동,경상사고,0,0,1,0,차대사람 - 횡단중,보행자보호의무위반,포장 - 건조,맑음,단일로 - 기타,승용,남,63세,상해없음,보행자,여,55세,경상
1791,2018122000100449,2018년 12월 20일 18시,목요일,인천광역시 부평구 십정동,경상사고,0,0,1,0,차대사람 - 기타,신호위반,포장 - 건조,맑음,교차로 - 교차로안,화물,남,73세,상해없음,보행자,여,13세,경상
1792,2018122100100096,2018년 12월 21일 06시,금요일,인천광역시 서구 가좌동,경상사고,0,0,1,0,차대사람 - 보도통행중,보행자보호의무위반,포장 - 건조,맑음,교차로 - 교차로안,승용,남,58세,상해없음,보행자,남,61세,경상
1793,2018122100100218,2018년 12월 21일 10시,금요일,인천광역시 미추홀구 도화동,중상사고,0,1,0,0,차대사람 - 횡단중,보행자보호의무위반,포장 - 건조,맑음,교차로 - 교차로횡단보도내,승용,남,38세,상해없음,보행자,여,45세,중상
1794,2018122100100252,2018년 12월 21일 11시,금요일,인천광역시 동구 만석동,경상사고,0,0,1,0,차대사람 - 차도통행중,안전운전불이행,포장 - 건조,맑음,단일로 - 기타,승용,남,59세,상해없음,보행자,여,59세,경상
1795,2018122100100253,2018년 12월 21일 11시,금요일,인천광역시 부평구 십정동,중상사고,0,1,0,0,차대사람 - 기타,안전운전불이행,포장 - 건조,맑음,단일로 - 기타,승용,남,65세,상해없음,보행자,여,22세,중상
1796,2018122100100286,2018년 12월 21일 12시,금요일,인천광역시 부평구 부평동,경상사고,0,0,1,0,차대사람 - 기타,안전운전불이행,포장 - 건조,맑음,단일로 - 기타,화물,남,61세,상해없음,보행자,남,61세,경상
1797,2018122100100321,2018년 12월 21일 13시,금요일,인천광역시 남동구 구월동,중상사고,0,1,0,0,차대사람 - 기타,과속,포장 - 건조,흐림,기타 - 기타,화물,남,52세,상해없음,보행자,남,7세,중상
1798,2018122100100461,2018년 12월 21일 17시,금요일,인천광역시 남동구 만수동,사망사고,1,0,0,0,차대사람 - 횡단중,안전운전불이행,포장 - 건조,흐림,단일로 - 기타,승합,남,53세,상해없음,보행자,남,84세,사망
1799,2018122100100529,2018년 12월 21일 18시,금요일,인천광역시 부평구 부평동,경상사고,0,0,1,0,차대사람 - 횡단중,안전운전불이행,포장 - 건조,맑음,교차로 - 교차로부근,승용,여,55세,상해없음,보행자,여,61세,경상
1800,2018122200100044,2018년 12월 22일 01시,토요일,인천광역시 부평구 부개동,경상사고,0,0,1,0,차대사람 - 기타,안전운전불이행,포장 - 건조,맑음,교차로 - 교차로부근,기타불명,기타불명,미분류,기타불명,보행자,남,49세,경상