,사고번호,사고일시,요일,시군구,사고내용,사망자수,중상자수,경상자수,부상신고자수,사고유형,법규위반,노면상태,기상상태,도로형태,가해운전자 차종,가해운전자 성별,가해운전자 연령,가해운전자 상해정도,피해운전자 차종,피해운전자 성별,피해운전자 연령,피해운전자 상해정도
1801,2018122200100206,2018년 12월 22일 10시,토요일,인천광역시 계양구 오류동,중상사고,0,1,0,0,차대사람 - 횡단중,보행자보호의무위반,포장 - 건조,흐림,교차로 - 교차로횡단보도내,승용,여,61세,상해없음,보행자,여,86세,중상
1802,2018122200100243,2018년 12월 22일 11시,토요일,인천광역시 남동구 간석동,중상사고,0,1,0,0,차대사람 - 차도통행중,안전운전불이행,포장 - 건조,맑음,단일로 - 기타,승용,남,57세,상해없음,보행자,남,68세,중상
1803,2018122200100351,2018년 12월 22일 14시,토요일,인천광역시 남동구 간석동,중상사고,0,1,0,0,차대사람 - 기타,신호위반,포장 - 건조,맑음,교차로 - 교차로부근,승용,남,44세,상해없음,보행자,여,63세,중상
1804,2018122200100423,2018년 12월 22일 16시,토요일,인천광역시 미추홀구 용현동,경상사고,0,0,1,0,차대사람 - 횡단중,보행자보호의무위반,포장 - 건조,맑음,교차로 - 교차로횡단보도내,화물,남,37세,상해없음,보행자,여,77세,경상
1805,2018122200100583,2018년 12월 22일 21시,토요일,인천광역시 미추홀구 관교동,중상사고,0,1,0,0,차대사람 - 횡단중,안전운전불이행,포장 - 건조,맑음,교차로 - 교차로횡단보도내,승용,남,62세,상해없음,보행자,여,57세,중상
1806,2018122200100585,2018년 12월 22일 21시,토요일,인천광역시 남동구 간석동,중상사고,0,1,0,0,차대사람 - 기타,안전운전불이행,포장 - 건조,맑음,기타 - 기타,이륜,남,26세,상해없음,보행자,남,13세,중상
1807,2018122300100048,2018년 12월 23일 02시,일요일,인천광역시 미추홀구 숭의동,중상사고,0,1,0,0,차대사람 - 횡단중,안전운전불이행,포장 - 건조,맑음,기타 - 기타,승용,남,69세,상해없음,보행자,여,67세,중상
1808,2018122300100231,2018년 12월 23일 14시,일요일,인천광역시 강화군 삼산면,경상사고,0,0,1,0,차대사람 - 차도통행중,안전운전불이행,포장 - 건조,맑음,기타 - 기타,승용,남,69세,상해없음,보행자,여,32세,경상
1809,2018122400100031,2018년 12월 24일 04시,월요일,인천광역시 미추홀구 숭의동,사망사고,1,0,0,0,차대사람 - 기타,보행자보호의무위반,포장 - 건조,맑음,교차로 - 교차로횡단보도내,승합,남,44세,상해없음,보행자,남,72세,사망
1810,2018122400100064,2018년 12월 24일 06시,월요일,인천광역시 미추홀구 용현동,경상사고,0,0,1,0,차대사람 - 기타,안전운전불이행,포장 - 건조,맑음,기타 - 기타,화물,남,62세,상해없음,보행자,남,45세,경상
1811,2018122400100121,2018년 12월 24일 08시,월요일,인천광역시 남동구 간석동,중상사고,0,1,0,0,차대사람 - 횡단중,신호위반,포장 - 건조,맑음,단일로 - 기타,승용,남,37세,상해없음,보행자,여,16세,중상
1812,2018122400100291,2018년 12월 24일 13시,월요일,인천광역시 서구 마전동,중상사고,0,1,0,0,차대사람 - 횡단중,안전운전불이행,포장 - 건조,맑음,교차로 - 교차로부근,승용,여,36세,상해없음,보행자,여,68세,중상
1813,2018122400100437,2018년 12월 24일 17시,월요일,인천광역시 계양구 계산동,경상사고,0,0,1,0,차대사람 - 횡단중,보행자보호의무위반,포장 - 건조,맑음,단일로 - 기타,승용,남,63세,상해없음,보행자,여,47세,경상
1814,2018122400100590,2018년 12월 24일 20시,월요일,인천광역시 부평구 부평동,부상신고사고,0,0,0,1,차대사람 - 기타,안전운전불이행,포장 - 건조,맑음,단일로 - 기타,기타불명,기타불명,미분류,기타불명,보행자,여,56세,부상신고
1815,2018122400100610,2018년 12월 24일 21시,월요일,인천광역시 서구 심곡동,경상사고,0,0,1,0,차대사람 - 길가장자리구역통행중,안전운전불이행,포장 - 건조,맑음,교차로 - 교차로안,승용,남,42세,상해없음,보행자,여,57세,경상
1816,2018122400100611,2018년 12월 24일 21시,월요일,인천광역시 계양구 계산동,경상사고,0,0,1,0,차대사람 - 기타,안전운전불이행,포장 - 건조,맑음,단일로 - 기타,기타불명,기타불명,미분류,기타불명,보행자,여,18세,경상
1817,2018122500100136,2018년 12월 25일 11시,화요일,인천광역시 계양구 임학동,경상사고,0,0,1,0,차대사람 - 길가장자리구역통행중,안전운전불이행,포장 - 건조,맑음,단일로 - 기타,승용,남,47세,상해없음,보행자,여,52세,경상
1818,2018122600100191,2018년 12월 26일 11시,수요일,인천광역시 서구 당하동,중상사고,0,1,0,0,차대사람 - 횡단중,신호위반,포장 - 건조,맑음,단일로 - 기타,승합,남,75세,상해없음,보행자,여,38세,중상
1819,2018122700100036,2018년 12월 27일 01시,목요일,인천광역시 미추홀구 주안동,중상사고,0,1,0,0,차대사람 - 횡단중,안전운전불이행,포장 - 건조,맑음,교차로 - 교차로횡단보도내,승용,남,72세,상해없음,보행자,남,44세,중상
1820,2018122700100037,2018년 12월 27일 01시,목요일,인천광역시 서구 마전동,중상사고,0,1,0,0,차대사람 - 횡단중,안전운전불이행,포장 - 건조,맑음,교차로 - 교차로횡단보도내,이륜,남,16세,기타불명,보행자,여,51세,중상
1821,2018122700100039,2018년 12월 27일 01시,목요일,인천광역시 계양구 임학동,경상사고,0,0,1,0,차대사람 - 기타,안전운전불이행,포장 - 건조,맑음,교차로 - 교차로부근,승용,남,47세,상해없음,보행자,남,26세,경상
1822,2018122700100074,2018년 12월 27일 05시,목요일,인천광역시 서구 가정동,경상사고,0,0,1,0,차대사람 - 횡단중,보행자보호의무위반,포장 - 건조,맑음,교차로 - 교차로횡단보도내,화물,남,63세,상해없음,보행자,남,18세,경상
1823,2018122700100133,2018년 12월 27일 08시,목요일,인천광역시 부평구 부평동,중상사고,0,1,0,0,차대사람 - 횡단중,보행자보호의무위반,포장 - 건조,맑음,교차로 - 교차로부근,승용,남,59세,상해없음,보행자,여,60세,중상
1824,2018122700100134,2018년 12월 27일 08시,목요일,인천광역시 서구 불로동,경상사고,0,0,1,0,차대사람 - 횡단중,안전운전불이행,포장 - 건조,맑음,교차로 - 교차로부근,승용,여,33세,상해없음,보행자,여,17세,경상
1825,2018122700100514,2018년 12월 27일 19시,목요일,인천광역시 남동구 만수동,경상사고,0,0,1,0,차대사람 - 횡단중,안전운전불이행,포장 - 건조,맑음,교차로 - 교차로안,승용,남,43세,상해없음,보행자,여,13세,경상
1826,2018122800100026,2018년 12월 28일 01시,금요일,인천광역시 미추홀구 용현동,중상사고,0,1,0,0,차대사람 - 기타,보행자보호의무위반,포장 - 건조,맑음,교차로 - 교차로안,화물,남,54세,상해없음,보행자,남,58세,중상
1827,2018122800100034,2018년 12월 28일 02시,금요일,인천광역시 서구 왕길동,중상사고,0,1,0,0,차대사람 - 횡단중,안전운전불이행,포장 - 건조,맑음,교차로 - 교차로횡단보도내,승용,남,36세,상해없음,보행자,여,64세,중상
1828,2018122800100120,2018년 12월 28일 08시,금요일,인천광역시 미추홀구 주안동,부상신고사고,0,0,0,1,차대사람 - 기타,안전운전불이행,포장 - 건조,맑음,단일로 - 기타,승용,남,45세,상해없음,보행자,여,61세,부상신고
1829,2018122800100145,2018년 12월 28일 09시,금요일,인천광역시 중구 운남동,중상사고,0,1,0,0,차대사람 - 횡단중,신호위반,포장 - 건조,맑음,교차로 - 교차로횡단보도내,승용,여,65세,상해없음,보행자,여,71세,중상
1830,2018122800100357,2018년 12월 28일 15시,금요일,인천광역시 계양구 병방동,중상사고,0,1,0,0,차대사람 - 횡단중,신호위반,포장 - 건조,맑음,단일로 - 기타,승용,남,65세,상해없음,보행자,여,49세,중상
1831,2018122800100488,2018년 12월 28일 18시,금요일,인천광역시 남동구 서창동,경상사고,0,0,1,0,차대사람 - 보도통행중,보행자보호의무위반,포장 - 건조,맑음,교차로 - 교차로안,화물,남,57세,상해없음,보행자,여,29세,경상
1832,2018122900100110,2018년 12월 29일 09시,토요일,인천광역시 서구 석남동,중상사고,0,1,0,0,차대사람 - 횡단중,안전운전불이행,포장 - 건조,맑음,단일로 - 기타,이륜,남,39세,상해없음,보행자,남,29세,중상
1833,2018122900100133,2018년 12월 29일 10시,토요일,인천광역시 서구 마전동,중상사고,0,1,0,0,차대사람 - 횡단중,보행자보호의무위반,포장 - 건조,맑음,교차로 - 교차로안,승용,남,74세,상해없음,보행자,여,71세,중상
1834,2018122900100275,2018년 12월 29일 15시,토요일,인천광역시 미추홀구 학익동,부상신고사고,0,0,0,1,차대사람 - 기타,안전운전불이행,포장 - 건조,맑음,기타 - 기타,승용,여,64세,상해없음,보행자,여,39세,부상신고
1835,2018123000100053,2018년 12월 30일 02시,일요일,인천광역시 남동구 논현동,경상사고,0,0,1,0,차대사람 - 기타,안전운전불이행,포장 - 건조,맑음,단일로 - 기타,승용,남,23세,상해없음,보행자,남,32세,경상
1836,2018123000100101,2018년 12월 30일 08시,일요일,인천광역시 남동구 논현동,경상사고,0,0,1,0,차대사람 - 길가장자리구역통행중,안전운전불이행,포장 - 건조,맑음,단일로 - 기타,승용,남,47세,상해없음,보행자,남,54세,경상
1837,2018123000100245,2018년 12월 30일 16시,일요일,인천광역시 연수구 동춘동,경상사고,0,0,1,0,차대사람 - 기타,안전운전불이행,포장 - 건조,맑음,단일로 - 기타,승용,남,57세,상해없음,보행자,여,7세,경상
1838,2018123100100044,2018년 12월 31일 05시,월요일,인천광역시 계양구 작전동,경상사고,0,0,1,0,차대사람 - 기타,안전운전불이행,포장 - 건조,맑음,교차로 - 교차로안,승용,남,21세,상해없음,보행자,남,77세,경상
1839,2018123100100075,2018년 12월 31일 07시,월요일,인천광역시 동구 송현동,경상사고,0,0,1,0,차대사람 - 횡단중,안전운전불이행,포장 - 건조,맑음,단일로 - 기타,승용,여,37세,상해없음,보행자,남,37세,경상
1840,2018123100100286,2018년 12월 31일 14시,월요일,인천광역시 계양구 계산동,중상사고,0,1,0,0,차대사람 - 기타,보행자보호의무위반,포장 - 건조,맑음,단일로 - 기타,승용,남,41세,상해없음,보행자,남,84세,중상
1841,2018123100100466,2018년 12월 31일 18시,월요일,인천광역시 서구 신현동,중상사고,0,1,0,0,차대사람 - 횡단중,보행자보호의무위반,포장 - 건조,맑음,교차로 - 교차로횡단보도내,승용,남,44세,상해없음,보행자,여,27세,중상
1842,2019010100100013,2019년 1월 1일 00시,화요일,인천광역시 부평구 부평동,경상사고,0,0,1,0,차대사람 - 길가장자리구역통행중,안전운전불이행,포장 - 건조,맑음,교차로 - 교차로부근,기타불명,기타불명,미분류,기타불명,보행자,남,27세,경상
1843,2019010100100116,2019년 1월 1일 08시,화요일,인천광역시 서구 석남동,중상사고,0,1,0,0,차대사람 - 차도통행중,안전운전불이행,포장 - 건조,맑음,교차로 - 교차로안,승용,여,46세,상해없음,보행자,여,67세,중상
1844,2019010100100328,2019년 1월 1일 21시,화요일,인천광역시 서구 가정동,중상사고,0,1,0,0,차대사람 - 보도통행중,기타,포장 - 건조,맑음,교차로 - 교차로부근,승용,남,30세,상해없음,보행자,남,50세,중상
1845,2019010200100073,2019년 1월 2일 06시,수요일,인천광역시 중구 운서동,경상사고,0,0,1,0,차대사람 - 길가장자리구역통행중,안전운전불이행,포장 - 건조,맑음,단일로 - 고가도로위,승용,남,57세,상해없음,보행자,남,35세,경상
1846,2019010200100160,2019년 1월 2일 10시,수요일,인천광역시 연수구 연수동,중상사고,0,1,0,0,차대사람 - 기타,안전운전불이행,포장 - 건조,맑음,교차로 - 교차로안,승용,남,40세,상해없음,보행자,여,49세,중상
1847,2019010200100260,2019년 1월 2일 14시,수요일,인천광역시 계양구 계산동,경상사고,0,0,1,0,차대사람 - 기타,기타,포장 - 건조,맑음,단일로 - 기타,승합,남,57세,상해없음,보행자,여,67세,경상
1848,2019010200100414,2019년 1월 2일 18시,수요일,인천광역시 서구 가좌동,중상사고,0,1,0,0,차대사람 - 기타,안전운전불이행,포장 - 건조,맑음,단일로 - 기타,승용,남,53세,상해없음,보행자,여,49세,중상
1849,2019010200100415,2019년 1월 2일 18시,수요일,인천광역시 계양구 병방동,경상사고,0,0,1,0,차대사람 - 길가장자리구역통행중,안전운전불이행,포장 - 건조,맑음,단일로 - 기타,승용,여,35세,상해없음,보행자,남,35세,경상
1850,2019010300100308,2019년 1월 3일 15시,목요일,인천광역시 강화군 강화읍,중상사고,0,1,0,0,차대사람 - 횡단중,안전운전불이행,포장 - 건조,맑음,단일로 - 기타,승용,여,39세,상해없음,보행자,여,85세,중상
1851,2019010300100309,2019년 1월 3일 15시,목요일,인천광역시 부평구 갈산동,경상사고,0,0,1,0,차대사람 - 횡단중,신호위반,포장 - 건조,맑음,교차로 - 교차로안,승용,남,58세,상해없음,보행자,여,14세,경상
1852,2019010300100359,2019년 1월 3일 17시,목요일,인천광역시 계양구 계산동,중상사고,0,1,0,0,차대사람 - 횡단중,보행자보호의무위반,포장 - 건조,맑음,교차로 - 교차로횡단보도내,화물,여,56세,상해없음,보행자,남,45세,중상
1853,2019010300100415,2019년 1월 3일 18시,목요일,인천광역시 계양구 박촌동,경상사고,0,0,1,0,차대사람 - 기타,안전운전불이행,포장 - 건조,맑음,단일로 - 기타,이륜,남,18세,상해없음,보행자,여,47세,경상
1854,2019010400100033,2019년 1월 4일 01시,금요일,인천광역시 남동구 간석동,경상사고,0,0,1,0,차대사람 - 기타,안전운전불이행,포장 - 건조,맑음,단일로 - 기타,승용,남,39세,상해없음,보행자,남,55세,경상
1855,2019010400100057,2019년 1월 4일 05시,금요일,인천광역시 남동구 간석동,경상사고,0,0,1,0,차대사람 - 보도통행중,신호위반,포장 - 건조,맑음,교차로 - 교차로횡단보도내,화물,남,40세,상해없음,보행자,남,74세,경상
1856,2019010400100263,2019년 1월 4일 14시,금요일,인천광역시 계양구 효성동,경상사고,0,0,1,0,차대사람 - 기타,안전운전불이행,포장 - 건조,맑음,단일로 - 기타,화물,남,52세,상해없음,보행자,남,75세,경상
1857,2019010400100437,2019년 1월 4일 19시,금요일,인천광역시 부평구 산곡동,중상사고,0,1,0,0,차대사람 - 길가장자리구역통행중,안전운전불이행,포장 - 건조,흐림,교차로 - 교차로안,승용,남,52세,상해없음,보행자,남,48세,중상
1858,2019010400100477,2019년 1월 4일 20시,금요일,인천광역시 중구 신흥동1가,경상사고,0,0,1,0,차대사람 - 횡단중,안전운전불이행,포장 - 건조,맑음,기타 - 기타,승용,여,42세,상해없음,보행자,남,57세,경상
1859,2019010400100509,2019년 1월 4일 21시,금요일,인천광역시 남동구 구월동,중상사고,0,1,0,0,차대사람 - 기타,기타,포장 - 건조,흐림,단일로 - 기타,승합,남,47세,상해없음,보행자,여,61세,중상
1860,2019010400100526,2019년 1월 4일 22시,금요일,인천광역시 중구 중산동,중상사고,0,1,0,0,차대사람 - 차도통행중,안전운전불이행,포장 - 건조,맑음,단일로 - 기타,화물,남,42세,상해없음,보행자,남,44세,중상
1861,2019010500100115,2019년 1월 5일 06시,토요일,인천광역시 남동구 고잔동,중상사고,0,1,0,0,차대사람 - 횡단중,보행자보호의무위반,포장 - 건조,맑음,교차로 - 교차로부근,승용,남,62세,상해없음,보행자,남,63세,중상
1862,2019010500100142,2019년 1월 5일 08시,토요일,인천광역시 부평구 부개동,경상사고,0,0,1,0,차대사람 - 횡단중,신호위반,포장 - 건조,맑음,교차로 - 교차로횡단보도내,승용,남,62세,상해없음,보행자,여,33세,경상
1863,2019010500100195,2019년 1월 5일 11시,토요일,인천광역시 미추홀구 주안동,중상사고,0,1,0,0,차대사람 - 기타,신호위반,포장 - 건조,맑음,단일로 - 기타,특수,남,31세,상해없음,보행자,여,80세,중상
1864,2019010500100372,2019년 1월 5일 17시,토요일,인천광역시 미추홀구 도화동,경상사고,0,0,1,0,차대사람 - 차도통행중,안전운전불이행,포장 - 건조,맑음,단일로 - 기타,승용,남,64세,상해없음,보행자,여,11세,경상
1865,2019010500100514,2019년 1월 5일 23시,토요일,인천광역시 남동구 간석동,경상사고,0,0,1,0,차대사람 - 차도통행중,안전운전불이행,포장 - 건조,맑음,단일로 - 기타,승용,남,57세,상해없음,보행자,남,48세,경상
1866,2019010600100068,2019년 1월 6일 05시,일요일,인천광역시 남동구 만수동,사망사고,1,1,0,0,차대사람 - 기타,안전운전불이행,포장 - 건조,맑음,교차로 - 교차로부근,승용,남,60세,상해없음,보행자,여,83세,사망
1867,2019010600100332,2019년 1월 6일 20시,일요일,인천광역시 연수구 동춘동,사망사고,1,0,0,0,차대사람 - 횡단중,안전운전불이행,포장 - 건조,맑음,단일로 - 기타,승용,남,51세,상해없음,보행자,남,85세,사망
1868,2019010600100333,2019년 1월 6일 20시,일요일,인천광역시 부평구 부개동,경상사고,0,0,1,0,차대사람 - 횡단중,안전운전불이행,포장 - 건조,맑음,교차로 - 교차로부근,승용,남,70세,상해없음,보행자,여,48세,경상
1869,2019010700100073,2019년 1월 7일 06시,월요일,인천광역시 미추홀구 숭의동,경상사고,0,0,1,0,차대사람 - 기타,안전운전불이행,포장 - 건조,맑음,교차로 - 교차로횡단보도내,승용,남,46세,상해없음,보행자,남,50세,경상
1870,2019010700100074,2019년 1월 7일 06시,월요일,인천광역시 남동구 구월동,부상신고사고,0,0,0,1,차대사람 - 기타,안전운전불이행,포장 - 건조,맑음,교차로 - 교차로횡단보도내,기타불명,기타불명,미분류,기타불명,보행자,남,40세,부상신고
1871,2019010700100160,2019년 1월 7일 09시,월요일,인천광역시 중구 운서동,경상사고,0,0,3,0,차대사람 - 보도통행중,보행자보호의무위반,포장 - 건조,맑음,교차로 - 교차로횡단보도내,승용,여,44세,상해없음,보행자,남,39세,경상
1872,2019010700100161,2019년 1월 7일 09시,월요일,인천광역시 강화군 강화읍,중상사고,0,1,0,0,차대사람 - 보도통행중,기타,포장 - 건조,맑음,단일로 - 기타,화물,남,26세,상해없음,보행자,남,84세,중상
1873,2019010700100293,2019년 1월 7일 14시,월요일,인천광역시 남동구 구월동,부상신고사고,0,0,0,1,차대사람 - 기타,안전운전불이행,포장 - 건조,맑음,단일로 - 기타,기타불명,기타불명,미분류,기타불명,보행자,여,55세,부상신고
1874,2019010700100417,2019년 1월 7일 18시,월요일,인천광역시 남동구 논현동,중상사고,0,1,0,0,차대사람 - 횡단중,안전운전불이행,포장 - 건조,맑음,교차로 - 교차로부근,승용,여,57세,상해없음,보행자,남,39세,중상
1875,2019010700100456,2019년 1월 7일 19시,월요일,인천광역시 서구 가좌동,경상사고,0,0,1,0,차대사람 - 횡단중,신호위반,포장 - 건조,맑음,단일로 - 기타,승용,남,55세,상해없음,보행자,남,44세,경상
1876,2019010700100542,2019년 1월 7일 23시,월요일,인천광역시 미추홀구 용현동,경상사고,0,0,1,0,차대사람 - 기타,안전운전불이행,포장 - 건조,맑음,단일로 - 기타,승용,남,23세,상해없음,보행자,여,81세,경상
1877,2019010700100543,2019년 1월 7일 23시,월요일,인천광역시 서구 마전동,중상사고,0,1,0,0,차대사람 - 횡단중,신호위반,포장 - 건조,맑음,단일로 - 기타,승용,남,42세,상해없음,보행자,남,25세,중상
1878,2019010800100100,2019년 1월 8일 07시,화요일,인천광역시 연수구 선학동,경상사고,0,0,1,0,차대사람 - 횡단중,보행자보호의무위반,포장 - 건조,맑음,교차로 - 교차로안,승용,남,73세,상해없음,보행자,남,26세,경상
1879,2019010800100216,2019년 1월 8일 11시,화요일,인천광역시 부평구 십정동,경상사고,0,0,1,0,차대사람 - 횡단중,보행자보호의무위반,포장 - 건조,맑음,교차로 - 교차로횡단보도내,기타불명,기타불명,미분류,기타불명,보행자,여,14세,경상
1880,2019010800100381,2019년 1월 8일 17시,화요일,인천광역시 부평구 일신동,경상사고,0,0,2,0,차대사람 - 횡단중,신호위반,포장 - 건조,맑음,교차로 - 교차로안,승용,남,58세,상해없음,보행자,여,38세,경상
1881,2019010900100248,2019년 1월 9일 13시,수요일,인천광역시 부평구 부평동,경상사고,0,0,1,0,차대사람 - 보도통행중,안전운전불이행,포장 - 건조,맑음,교차로 - 교차로안,승용,여,35세,상해없음,보행자,남,11세,경상
1882,2019010900100277,2019년 1월 9일 14시,수요일,인천광역시 미추홀구 도화동,경상사고,0,0,1,0,차대사람 - 기타,안전운전불이행,포장 - 건조,맑음,단일로 - 기타,승용,여,49세,상해없음,보행자,여,57세,경상
1883,2019010900100432,2019년 1월 9일 18시,수요일,인천광역시 미추홀구 주안동,경상사고,0,0,1,0,차대사람 - 기타,기타,포장 - 건조,맑음,교차로 - 교차로부근,승용,남,25세,상해없음,보행자,여,57세,경상
1884,2019010900100433,2019년 1월 9일 18시,수요일,인천광역시 남동구 간석동,경상사고,0,0,1,0,차대사람 - 차도통행중,안전운전불이행,포장 - 건조,맑음,단일로 - 기타,승합,남,52세,상해없음,보행자,남,60세,경상
1885,2019010900100540,2019년 1월 9일 22시,수요일,인천광역시 서구 마전동,경상사고,0,0,1,0,차대사람 - 차도통행중,안전운전불이행,포장 - 건조,맑음,교차로 - 교차로부근,승용,여,44세,상해없음,보행자,남,30세,경상
1886,2019011000100138,2019년 1월 10일 09시,목요일,인천광역시 계양구 계산동,경상사고,0,0,1,0,차대사람 - 길가장자리구역통행중,안전운전불이행,포장 - 건조,맑음,단일로 - 기타,승용,남,31세,상해없음,보행자,여,8세,경상
1887,2019011000100189,2019년 1월 10일 11시,목요일,인천광역시 남동구 구월동,부상신고사고,0,0,0,1,차대사람 - 길가장자리구역통행중,안전운전불이행,포장 - 건조,맑음,단일로 - 기타,승용,남,61세,상해없음,보행자,여,60세,부상신고
1888,2019011100100135,2019년 1월 11일 07시,금요일,인천광역시 부평구 청천동,중상사고,0,1,0,0,차대사람 - 횡단중,보행자보호의무위반,포장 - 건조,맑음,교차로 - 교차로부근,승용,남,59세,상해없음,보행자,남,60세,중상
1889,2019011100100155,2019년 1월 11일 08시,금요일,인천광역시 서구 신현동,경상사고,0,0,1,0,차대사람 - 길가장자리구역통행중,안전운전불이행,포장 - 건조,맑음,단일로 - 기타,승용,남,46세,상해없음,보행자,남,26세,경상
1890,2019011100100207,2019년 1월 11일 10시,금요일,인천광역시 남동구 구월동,중상사고,0,1,0,0,차대사람 - 횡단중,안전운전불이행,포장 - 건조,맑음,단일로 - 기타,승용,남,57세,상해없음,보행자,여,76세,중상
1891,2019011100100272,2019년 1월 11일 12시,금요일,인천광역시 남동구 구월동,중상사고,0,1,0,0,차대사람 - 횡단중,안전운전불이행,포장 - 건조,맑음,단일로 - 기타,화물,남,32세,상해없음,보행자,여,87세,중상
1892,2019011100100352,2019년 1월 11일 15시,금요일,인천광역시 부평구 부개동,경상사고,0,0,1,0,차대사람 - 횡단중,보행자보호의무위반,포장 - 건조,맑음,단일로 - 기타,승용,남,64세,상해없음,보행자,남,10세,경상
1893,2019011200100112,2019년 1월 12일 05시,토요일,인천광역시 남동구 간석동,경상사고,0,0,1,0,차대사람 - 기타,안전운전불이행,포장 - 건조,맑음,교차로 - 교차로횡단보도내,승용,남,65세,상해없음,보행자,남,30세,경상
1894,2019011200100480,2019년 1월 12일 20시,토요일,인천광역시 미추홀구 주안동,부상신고사고,0,0,0,1,차대사람 - 기타,안전운전불이행,포장 - 건조,맑음,단일로 - 기타,승용,남,46세,상해없음,보행자,남,46세,부상신고
1895,2019011200100536,2019년 1월 12일 22시,토요일,인천광역시 남동구 논현동,사망사고,1,0,0,0,차대사람 - 횡단중,안전운전불이행,포장 - 건조,맑음,교차로 - 교차로안,승합,남,69세,상해없음,보행자,여,64세,사망
1896,2019011300100028,2019년 1월 13일 00시,일요일,인천광역시 연수구 청학동,경상사고,0,0,1,0,차대사람 - 기타,안전운전불이행,포장 - 건조,맑음,교차로 - 교차로부근,기타불명,기타불명,미분류,기타불명,보행자,남,55세,경상
1897,2019011300100046,2019년 1월 13일 01시,일요일,인천광역시 미추홀구 주안동,부상신고사고,0,0,0,1,차대사람 - 기타,안전운전불이행,포장 - 건조,맑음,기타 - 기타,승용,남,26세,상해없음,보행자,남,43세,부상신고
1898,2019011300100125,2019년 1월 13일 09시,일요일,인천광역시 서구 불로동,경상사고,0,0,1,0,차대사람 - 횡단중,안전운전불이행,포장 - 건조,맑음,교차로 - 교차로안,승용,남,40세,상해없음,보행자,여,23세,경상
1899,2019011300100287,2019년 1월 13일 17시,일요일,인천광역시 부평구 산곡동,사망사고,1,0,0,0,차대사람 - 횡단중,안전운전불이행,포장 - 건조,맑음,단일로 - 기타,승용,남,61세,상해없음,보행자,여,90세 이상,사망
1900,2019011400100126,2019년 1월 14일 07시,월요일,인천광역시 부평구 산곡동,중상사고,0,1,0,0,차대사람 - 횡단중,안전운전불이행,포장 - 건조,맑음,교차로 - 교차로횡단보도내,승용,여,61세,상해없음,보행자,여,80세,중상
1901,2019011400100158,2019년 1월 14일 08시,월요일,인천광역시 미추홀구 학익동,중상사고,0,1,0,0,차대사람 - 기타,안전운전불이행,포장 - 건조,흐림,단일로 - 기타,승합,남,59세,상해없음,보행자,여,73세,중상
1902,2019011400100159,2019년 1월 14일 08시,월요일,인천광역시 계양구 임학동,중상사고,0,1,0,0,차대사람 - 차도통행중,안전운전불이행,포장 - 젖음/습기,안개,교차로 - 교차로안,이륜,남,57세,상해없음,보행자,여,75세,중상
1903,2019011400100286,2019년 1월 14일 12시,월요일,인천광역시 부평구 십정동,중상사고,0,1,0,0,차대사람 - 기타,안전운전불이행,포장 - 건조,맑음,단일로 - 기타,승용,남,54세,상해없음,보행자,남,75세,중상
1904,2019011500100227,2019년 1월 15일 12시,화요일,인천광역시 계양구 작전동,경상사고,0,0,1,0,차대사람 - 횡단중,안전운전불이행,포장 - 건조,맑음,단일로 - 기타,승용,여,57세,상해없음,보행자,여,26세,경상
1905,2019011500100348,2019년 1월 15일 17시,화요일,인천광역시 미추홀구 주안동,경상사고,0,0,1,0,차대사람 - 횡단중,보행자보호의무위반,포장 - 건조,맑음,교차로 - 교차로횡단보도내,승합,남,54세,상해없음,보행자,남,27세,경상
1906,2019011600100278,2019년 1월 16일 14시,수요일,인천광역시 중구 항동7가,사망사고,1,0,0,0,차대사람 - 횡단중,안전운전불이행,포장 - 건조,맑음,교차로 - 교차로부근,화물,남,62세,상해없음,보행자,여,79세,사망
1907,2019011600100346,2019년 1월 16일 16시,수요일,인천광역시 미추홀구 주안동,중상사고,0,1,0,0,차대사람 - 차도통행중,안전운전불이행,포장 - 건조,맑음,단일로 - 기타,승용,남,74세,상해없음,보행자,남,78세,중상
1908,2019011600100482,2019년 1월 16일 19시,수요일,인천광역시 연수구 선학동,중상사고,0,1,0,0,차대사람 - 횡단중,보행자보호의무위반,포장 - 건조,맑음,교차로 - 교차로횡단보도내,승용,남,46세,상해없음,보행자,남,31세,중상
1909,2019011700100073,2019년 1월 17일 05시,목요일,인천광역시 남동구 구월동,사망사고,1,0,0,0,차대사람 - 차도통행중,안전운전불이행,포장 - 젖음/습기,맑음,단일로 - 기타,화물,남,69세,상해없음,보행자,여,60세,사망
1910,2019011700100398,2019년 1월 17일 17시,목요일,인천광역시 동구 송림동,중상사고,0,1,0,0,차대사람 - 횡단중,과속,포장 - 건조,맑음,단일로 - 기타,승용,남,42세,상해없음,보행자,여,71세,중상
1911,2019011700100459,2019년 1월 17일 18시,목요일,인천광역시 강화군 길상면,중상사고,0,1,0,0,차대사람 - 횡단중,보행자보호의무위반,포장 - 건조,맑음,교차로 - 교차로안,승용,여,58세,상해없음,보행자,여,88세,중상
1912,2019011800100049,2019년 1월 18일 04시,금요일,인천광역시 서구 연희동,중상사고,0,1,0,0,차대사람 - 횡단중,안전운전불이행,포장 - 건조,맑음,교차로 - 교차로안,승용,남,29세,상해없음,보행자,남,44세,중상