,사고번호,사고일시,요일,시군구,사고내용,사망자수,중상자수,경상자수,부상신고자수,사고유형,법규위반,노면상태,기상상태,도로형태,가해운전자 차종,가해운전자 성별,가해운전자 연령,가해운전자 상해정도,피해운전자 차종,피해운전자 성별,피해운전자 연령,피해운전자 상해정도
2360,2019042700100192,2019년 4월 27일 09시,토요일,인천광역시 계양구 오류동,중상사고,0,1,0,0,차대사람 - 차도통행중,안전운전불이행,포장 - 건조,맑음,교차로 - 교차로부근,건설기계,남,57세,상해없음,보행자,남,81세,중상
2361,2019042700100442,2019년 4월 27일 15시,토요일,인천광역시 남동구 장수동,중상사고,0,1,0,0,차대사람 - 기타,안전운전불이행,포장 - 건조,맑음,단일로 - 기타,승용,남,62세,상해없음,보행자,여,47세,중상
2362,2019042700100478,2019년 4월 27일 16시,토요일,인천광역시 남동구 간석동,경상사고,0,0,1,0,차대사람 - 횡단중,신호위반,포장 - 건조,맑음,교차로 - 교차로부근,승용,여,38세,상해없음,보행자,여,70세,경상
2363,2019042700100527,2019년 4월 27일 17시,토요일,인천광역시 중구 운남동,경상사고,0,0,1,0,차대사람 - 횡단중,보행자보호의무위반,포장 - 건조,맑음,교차로 - 교차로횡단보도내,승용,남,24세,상해없음,보행자,남,12세,경상
2364,2019042700100529,2019년 4월 27일 17시,토요일,인천광역시 서구 석남동,경상사고,0,0,1,0,차대사람 - 기타,안전운전불이행,포장 - 건조,맑음,단일로 - 기타,승용,남,68세,상해없음,보행자,남,10세,경상
2365,2019042700100628,2019년 4월 27일 20시,토요일,인천광역시 서구 석남동,중상사고,0,1,0,0,차대사람 - 기타,안전운전불이행,포장 - 건조,맑음,교차로 - 교차로부근,승용,남,54세,상해없음,보행자,남,58세,중상
2366,2019042700100660,2019년 4월 27일 21시,토요일,인천광역시 미추홀구 문학동,중상사고,0,1,0,0,차대사람 - 기타,안전운전불이행,포장 - 건조,맑음,단일로 - 기타,승용,남,57세,기타불명,보행자,남,29세,중상
2367,2019042700100661,2019년 4월 27일 21시,토요일,인천광역시 계양구 동양동,중상사고,0,1,0,0,차대사람 - 차도통행중,안전운전불이행,포장 - 건조,맑음,단일로 - 기타,승용,여,52세,상해없음,보행자,남,5세,중상
2368,2019042700100714,2019년 4월 27일 23시,토요일,인천광역시 연수구 송도동,중상사고,0,1,0,0,차대사람 - 횡단중,안전운전불이행,포장 - 건조,맑음,단일로 - 기타,승합,남,57세,상해없음,보행자,남,27세,중상
2369,2019042800100037,2019년 4월 28일 01시,일요일,인천광역시 중구 을왕동,경상사고,0,0,1,0,차대사람 - 차도통행중,안전운전불이행,포장 - 건조,맑음,단일로 - 기타,승용,여,23세,상해없음,보행자,여,21세,경상
2370,2019042800100063,2019년 4월 28일 03시,일요일,인천광역시 남동구 만수동,경상사고,0,0,1,0,차대사람 - 기타,안전운전불이행,포장 - 건조,맑음,단일로 - 기타,기타불명,기타불명,미분류,기타불명,보행자,남,52세,경상
2371,2019042800100258,2019년 4월 28일 14시,일요일,인천광역시 계양구 귤현동,중상사고,0,1,0,0,차대사람 - 길가장자리구역통행중,안전운전불이행,비포장 - 건조,맑음,교차로 - 교차로안,승용,남,60세,상해없음,보행자,남,64세,중상
2372,2019042800100319,2019년 4월 28일 16시,일요일,인천광역시 서구 청라동,중상사고,0,1,0,0,차대사람 - 횡단중,신호위반,포장 - 건조,맑음,단일로 - 지하차도(도로)내,이륜,남,16세,상해없음,보행자,여,66세,중상
2373,2019042800100355,2019년 4월 28일 17시,일요일,인천광역시 서구 연희동,경상사고,0,0,1,0,차대사람 - 길가장자리구역통행중,안전운전불이행,포장 - 건조,맑음,단일로 - 기타,승용,남,26세,상해없음,보행자,남,7세,경상
2374,2019042800100434,2019년 4월 28일 20시,일요일,인천광역시 미추홀구 주안동,중상사고,0,1,0,0,차대사람 - 횡단중,보행자보호의무위반,포장 - 건조,맑음,교차로 - 교차로횡단보도내,승용,남,37세,상해없음,보행자,남,14세,중상
2375,2019042900100064,2019년 4월 29일 05시,월요일,인천광역시 미추홀구 학익동,중상사고,0,1,0,0,차대사람 - 횡단중,보행자보호의무위반,포장 - 건조,맑음,교차로 - 교차로횡단보도내,화물,남,59세,상해없음,보행자,여,67세,중상
2376,2019042900100219,2019년 4월 29일 10시,월요일,인천광역시 부평구 산곡동,중상사고,0,1,0,0,차대사람 - 보도통행중,보행자보호의무위반,포장 - 건조,맑음,교차로 - 교차로부근,승용,여,42세,상해없음,보행자,여,60세,중상
2377,2019042900100325,2019년 4월 29일 13시,월요일,인천광역시 중구 운남동,중상사고,0,1,0,0,차대사람 - 횡단중,보행자보호의무위반,포장 - 건조,흐림,교차로 - 교차로부근,승용,남,68세,상해없음,보행자,여,40세,중상
2378,2019042900100431,2019년 4월 29일 16시,월요일,인천광역시 서구 석남동,중상사고,0,1,0,0,차대사람 - 기타,보행자보호의무위반,포장 - 건조,맑음,교차로 - 교차로안,승용,남,56세,상해없음,보행자,여,73세,중상
2379,2019042900100527,2019년 4월 29일 18시,월요일,인천광역시 서구 가좌동,중상사고,0,1,0,0,차대사람 - 기타,안전운전불이행,포장 - 건조,맑음,단일로 - 기타,화물,남,48세,상해없음,보행자,여,80세,중상
2380,2019042900100528,2019년 4월 29일 18시,월요일,인천광역시 서구 석남동,부상신고사고,0,0,0,1,차대사람 - 기타,안전운전불이행,포장 - 건조,맑음,단일로 - 기타,화물,남,23세,상해없음,보행자,여,83세,부상신고
2381,2019042900100584,2019년 4월 29일 20시,월요일,인천광역시 미추홀구 용현동,경상사고,0,0,1,0,차대사람 - 횡단중,안전운전불이행,포장 - 건조,맑음,교차로 - 교차로부근,기타불명,기타불명,미분류,기타불명,보행자,여,13세,경상
2382,2019042900100642,2019년 4월 29일 23시,월요일,인천광역시 미추홀구 주안동,경상사고,0,0,1,0,차대사람 - 기타,기타,포장 - 건조,맑음,단일로 - 기타,승용,남,38세,상해없음,보행자,남,54세,경상
2383,2019043000100103,2019년 4월 30일 07시,화요일,인천광역시 남동구 만수동,경상사고,0,0,1,0,차대사람 - 기타,안전운전불이행,포장 - 건조,맑음,단일로 - 지하차도(도로)내,이륜,남,29세,상해없음,보행자,남,59세,경상
2384,2019043000100142,2019년 4월 30일 08시,화요일,인천광역시 남동구 간석동,경상사고,0,0,1,0,차대사람 - 횡단중,보행자보호의무위반,포장 - 건조,맑음,교차로 - 교차로부근,화물,남,64세,상해없음,보행자,여,69세,경상
2385,2019043000100240,2019년 4월 30일 11시,화요일,인천광역시 미추홀구 숭의동,경상사고,0,0,1,0,차대사람 - 차도통행중,안전운전불이행,포장 - 건조,맑음,단일로 - 기타,화물,남,56세,상해없음,보행자,여,82세,경상
2386,2019043000100403,2019년 4월 30일 16시,화요일,인천광역시 부평구 부평동,중상사고,0,1,0,1,차대사람 - 기타,신호위반,포장 - 건조,맑음,단일로 - 기타,이륜,남,17세,부상신고,보행자,여,25세,중상
2387,2019043000100455,2019년 4월 30일 17시,화요일,인천광역시 부평구 산곡동,중상사고,0,1,0,0,차대사람 - 횡단중,보행자보호의무위반,포장 - 건조,맑음,교차로 - 교차로횡단보도내,승합,남,71세,상해없음,보행자,여,77세,중상
2388,2019043000100588,2019년 4월 30일 21시,화요일,인천광역시 연수구 연수동,중상사고,0,1,0,1,차대사람 - 횡단중,신호위반,포장 - 건조,맑음,단일로 - 기타,이륜,남,42세,부상신고,보행자,남,38세,중상
2389,2019050100100058,2019년 5월 1일 01시,수요일,인천광역시 부평구 삼산동,사망사고,1,0,0,0,차대사람 - 횡단중,안전운전불이행,포장 - 건조,맑음,단일로 - 기타,승용,남,66세,상해없음,보행자,남,42세,사망
2390,2019050100100127,2019년 5월 1일 07시,수요일,인천광역시 계양구 동양동,사망사고,1,0,0,0,차대사람 - 횡단중,안전운전불이행,포장 - 건조,맑음,단일로 - 기타,승용,남,41세,상해없음,보행자,남,87세,사망
2391,2019050100100473,2019년 5월 1일 18시,수요일,인천광역시 부평구 삼산동,경상사고,0,0,1,0,차대사람 - 기타,안전운전불이행,포장 - 건조,맑음,단일로 - 기타,승용,남,61세,상해없음,보행자,남,6세,경상
2392,2019050100100532,2019년 5월 1일 20시,수요일,인천광역시 미추홀구 주안동,중상사고,0,1,0,0,차대사람 - 횡단중,보행자보호의무위반,포장 - 건조,맑음,교차로 - 교차로횡단보도내,승용,남,63세,상해없음,보행자,여,55세,중상
2393,2019050100100572,2019년 5월 1일 22시,수요일,인천광역시 남동구 간석동,중상사고,0,1,0,0,차대사람 - 횡단중,보행자보호의무위반,포장 - 건조,맑음,교차로 - 교차로안,승용,남,51세,상해없음,보행자,여,61세,중상
2394,2019050200100152,2019년 5월 2일 08시,목요일,인천광역시 남동구 구월동,중상사고,0,1,0,0,차대사람 - 횡단중,보행자보호의무위반,포장 - 건조,맑음,교차로 - 교차로횡단보도내,승용,남,44세,상해없음,보행자,남,47세,중상
2395,2019050200100153,2019년 5월 2일 08시,목요일,인천광역시 연수구 옥련동,경상사고,0,0,2,0,차대사람 - 횡단중,보행자보호의무위반,포장 - 건조,맑음,교차로 - 교차로횡단보도내,승용,여,46세,상해없음,보행자,남,9세,경상
2396,2019050200100197,2019년 5월 2일 09시,목요일,인천광역시 미추홀구 학익동,중상사고,0,1,0,0,차대사람 - 횡단중,신호위반,포장 - 건조,맑음,교차로 - 교차로횡단보도내,승용,여,47세,상해없음,보행자,여,55세,중상
2397,2019050200100270,2019년 5월 2일 11시,목요일,인천광역시 미추홀구 용현동,경상사고,0,0,1,0,차대사람 - 길가장자리구역통행중,안전운전불이행,포장 - 건조,맑음,기타 - 기타,승용,남,70세,상해없음,보행자,남,53세,경상
2398,2019050200100300,2019년 5월 2일 12시,목요일,인천광역시 부평구 부평동,경상사고,0,0,1,0,차대사람 - 횡단중,안전운전불이행,포장 - 건조,맑음,교차로 - 교차로안,화물,남,43세,상해없음,보행자,남,49세,경상
2399,2019050200100450,2019년 5월 2일 16시,목요일,인천광역시 남동구 만수동,경상사고,0,0,1,0,차대사람 - 차도통행중,안전운전불이행,포장 - 건조,맑음,단일로 - 기타,승용,여,31세,상해없음,보행자,남,46세,경상
2400,2019050200100598,2019년 5월 2일 19시,목요일,인천광역시 중구 중산동,중상사고,0,1,0,0,차대사람 - 횡단중,신호위반,포장 - 건조,맑음,교차로 - 교차로안,승용,남,67세,상해없음,보행자,여,62세,중상
2401,2019050200100629,2019년 5월 2일 20시,목요일,인천광역시 계양구 계산동,경상사고,0,0,1,0,차대사람 - 횡단중,보행자보호의무위반,포장 - 건조,맑음,단일로 - 기타,이륜,남,33세,상해없음,보행자,여,69세,경상
2402,2019050200100658,2019년 5월 2일 21시,목요일,인천광역시 남동구 구월동,중상사고,0,1,0,0,차대사람 - 횡단중,안전운전불이행,포장 - 건조,맑음,단일로 - 기타,승용,여,62세,상해없음,보행자,남,22세,중상
2403,2019050200100717,2019년 5월 2일 23시,목요일,인천광역시 남동구 간석동,경상사고,0,0,1,0,차대사람 - 차도통행중,안전운전불이행,포장 - 건조,맑음,교차로 - 교차로안,승용,남,55세,상해없음,보행자,여,27세,경상
2404,2019050300100063,2019년 5월 3일 02시,금요일,인천광역시 계양구 작전동,경상사고,0,0,1,0,차대사람 - 횡단중,안전운전불이행,포장 - 건조,맑음,단일로 - 기타,승용,남,59세,상해없음,보행자,남,53세,경상
2405,2019050300100128,2019년 5월 3일 07시,금요일,인천광역시 서구 가좌동,경상사고,0,0,1,0,차대사람 - 길가장자리구역통행중,안전운전불이행,포장 - 건조,맑음,기타 - 기타,승용,남,62세,상해없음,보행자,남,24세,경상
2406,2019050300100173,2019년 5월 3일 08시,금요일,인천광역시 남동구 구월동,경상사고,0,0,1,0,차대사람 - 기타,안전운전불이행,포장 - 건조,맑음,단일로 - 기타,승용,여,50세,상해없음,보행자,여,27세,경상
2407,2019050300100174,2019년 5월 3일 08시,금요일,인천광역시 연수구 선학동,경상사고,0,0,1,0,차대사람 - 차도통행중,안전운전불이행,포장 - 건조,맑음,교차로 - 교차로부근,승용,여,50세,상해없음,보행자,남,8세,경상
2408,2019050300100213,2019년 5월 3일 09시,금요일,인천광역시 계양구 병방동,경상사고,0,0,1,0,차대사람 - 기타,안전운전불이행,포장 - 건조,맑음,단일로 - 기타,승합,남,59세,상해없음,보행자,여,36세,경상
2409,2019050300100487,2019년 5월 3일 16시,금요일,인천광역시 미추홀구 용현동,중상사고,0,1,0,0,차대사람 - 기타,안전운전불이행,포장 - 건조,맑음,단일로 - 기타,화물,여,67세,상해없음,보행자,여,72세,중상
2410,2019050300100488,2019년 5월 3일 16시,금요일,인천광역시 계양구 임학동,중상사고,0,1,0,0,차대사람 - 기타,안전운전불이행,포장 - 건조,맑음,단일로 - 기타,승용,남,45세,상해없음,보행자,여,53세,중상
2411,2019050300100672,2019년 5월 3일 20시,금요일,인천광역시 연수구 청학동,중상사고,0,1,0,0,차대사람 - 기타,안전운전불이행,포장 - 건조,맑음,단일로 - 기타,화물,남,56세,상해없음,보행자,남,47세,중상
2412,2019050300100735,2019년 5월 3일 22시,금요일,인천광역시 중구 중산동,경상사고,0,0,1,0,차대사람 - 길가장자리구역통행중,기타,포장 - 건조,맑음,단일로 - 기타,승합,남,58세,상해없음,보행자,여,66세,경상
2413,2019050300100763,2019년 5월 3일 23시,금요일,인천광역시 남동구 구월동,경상사고,0,0,1,0,차대사람 - 차도통행중,보행자보호의무위반,포장 - 건조,맑음,단일로 - 기타,승용,남,71세,상해없음,보행자,여,20세,경상
2414,2019050400100045,2019년 5월 4일 00시,토요일,인천광역시 미추홀구 주안동,부상신고사고,0,0,0,1,차대사람 - 기타,안전운전불이행,포장 - 건조,맑음,주차장 - 주차장,승용,남,54세,기타불명,보행자,여,28세,부상신고
2415,2019050400100064,2019년 5월 4일 01시,토요일,인천광역시 미추홀구 주안동,중상사고,0,1,0,0,차대사람 - 횡단중,신호위반,포장 - 건조,맑음,교차로 - 교차로횡단보도내,승용,남,21세,상해없음,보행자,여,53세,중상
2416,2019050400100106,2019년 5월 4일 05시,토요일,인천광역시 부평구 부평동,경상사고,0,0,1,0,차대사람 - 기타,안전운전불이행,포장 - 건조,맑음,기타 - 기타,승용,여,24세,상해없음,보행자,남,26세,경상
2417,2019050400100261,2019년 5월 4일 11시,토요일,인천광역시 미추홀구 숭의동,경상사고,0,0,1,0,차대사람 - 길가장자리구역통행중,안전운전불이행,포장 - 건조,맑음,기타 - 기타,승용,남,57세,상해없음,보행자,남,60세,경상
2418,2019050400100304,2019년 5월 4일 12시,토요일,인천광역시 남동구 만수동,중상사고,0,1,0,0,차대사람 - 횡단중,안전운전불이행,포장 - 건조,맑음,교차로 - 교차로안,화물,남,28세,상해없음,보행자,남,65세,중상
2419,2019050400100346,2019년 5월 4일 13시,토요일,인천광역시 부평구 부개동,경상사고,0,0,1,0,차대사람 - 길가장자리구역통행중,안전운전불이행,포장 - 건조,맑음,단일로 - 기타,승용,여,58세,상해없음,보행자,남,48세,경상
2420,2019050500100046,2019년 5월 5일 01시,일요일,인천광역시 미추홀구 주안동,중상사고,0,1,0,0,차대사람 - 길가장자리구역통행중,안전운전불이행,포장 - 건조,맑음,교차로 - 교차로안,승용,여,67세,상해없음,보행자,남,68세,중상
2421,2019050500100162,2019년 5월 5일 10시,일요일,인천광역시 연수구 옥련동,부상신고사고,0,0,0,1,차대사람 - 차도통행중,안전운전불이행,포장 - 건조,맑음,단일로 - 기타,기타불명,기타불명,미분류,기타불명,보행자,남,46세,부상신고
2422,2019050500100195,2019년 5월 5일 11시,일요일,인천광역시 강화군 하점면,경상사고,0,0,1,0,차대사람 - 기타,안전운전불이행,포장 - 기타,맑음,단일로 - 기타,승용,남,42세,상해없음,보행자,남,48세,경상
2423,2019050500100361,2019년 5월 5일 15시,일요일,인천광역시 계양구 박촌동,중상사고,0,1,0,0,차대사람 - 기타,안전운전불이행,포장 - 건조,맑음,단일로 - 기타,승용,남,53세,상해없음,보행자,여,50세,중상
2424,2019050500100502,2019년 5월 5일 19시,일요일,인천광역시 연수구 동춘동,경상사고,0,0,1,0,차대사람 - 횡단중,신호위반,포장 - 건조,맑음,교차로 - 교차로횡단보도내,이륜,남,17세,상해없음,보행자,남,13세,경상
2425,2019050600100030,2019년 5월 6일 00시,월요일,인천광역시 남동구 만수동,경상사고,0,0,1,0,차대사람 - 횡단중,안전운전불이행,포장 - 건조,맑음,단일로 - 기타,승용,남,57세,상해없음,보행자,여,51세,경상
2426,2019050600100186,2019년 5월 6일 11시,월요일,인천광역시 남동구 남촌동,중상사고,0,1,0,0,차대사람 - 기타,안전운전불이행,포장 - 건조,맑음,단일로 - 기타,승용,남,73세,상해없음,보행자,남,52세,중상
2427,2019050600100225,2019년 5월 6일 12시,월요일,인천광역시 남동구 구월동,경상사고,0,0,1,0,차대사람 - 기타,안전운전불이행,포장 - 건조,맑음,단일로 - 기타,승용,남,65세,기타불명,보행자,여,16세,경상
2428,2019050600100314,2019년 5월 6일 14시,월요일,인천광역시 미추홀구 숭의동,경상사고,0,0,1,0,차대사람 - 횡단중,신호위반,포장 - 건조,맑음,교차로 - 교차로부근,승용,남,45세,상해없음,보행자,여,9세,경상
2429,2019050600100315,2019년 5월 6일 14시,월요일,인천광역시 서구 가좌동,중상사고,0,1,0,0,차대사람 - 기타,보행자보호의무위반,포장 - 건조,맑음,교차로 - 교차로부근,승용,남,26세,상해없음,보행자,여,49세,중상
2430,2019050600100475,2019년 5월 6일 18시,월요일,인천광역시 부평구 부평동,경상사고,0,0,1,0,차대사람 - 기타,안전운전불이행,포장 - 건조,맑음,단일로 - 기타,승합,남,66세,상해없음,보행자,여,81세,경상
2431,2019050700100161,2019년 5월 7일 08시,화요일,인천광역시 중구 운남동,중상사고,0,1,0,0,차대사람 - 횡단중,안전운전불이행,포장 - 건조,맑음,교차로 - 교차로부근,승용,여,50세,상해없음,보행자,여,82세,중상
2432,2019050700100165,2019년 5월 7일 08시,화요일,인천광역시 연수구 동춘동,경상사고,0,0,1,0,차대사람 - 기타,신호위반,포장 - 건조,맑음,교차로 - 교차로횡단보도내,승합,남,61세,상해없음,보행자,남,8세,경상
2433,2019050700100212,2019년 5월 7일 09시,화요일,인천광역시 중구 운서동,경상사고,0,0,1,0,차대사람 - 횡단중,보행자보호의무위반,포장 - 건조,맑음,교차로 - 교차로횡단보도내,승합,남,65세,상해없음,보행자,남,66세,경상
2434,2019050700100213,2019년 5월 7일 09시,화요일,인천광역시 서구 가정동,중상사고,0,1,0,0,차대사람 - 횡단중,신호위반,포장 - 건조,맑음,교차로 - 교차로부근,승용,여,65세,상해없음,보행자,여,40세,중상
2435,2019050700100277,2019년 5월 7일 11시,화요일,인천광역시 미추홀구 주안동,경상사고,0,0,1,0,차대사람 - 횡단중,신호위반,포장 - 건조,맑음,교차로 - 교차로안,승용,여,58세,상해없음,보행자,남,46세,경상
2436,2019050700100322,2019년 5월 7일 12시,화요일,인천광역시 남동구 간석동,부상신고사고,0,0,0,1,차대사람 - 횡단중,안전운전불이행,포장 - 건조,맑음,단일로 - 기타,기타불명,기타불명,미분류,기타불명,보행자,남,65세,부상신고
2437,2019050700100695,2019년 5월 7일 21시,화요일,인천광역시 미추홀구 주안동,경상사고,0,0,1,0,차대사람 - 횡단중,안전운전불이행,포장 - 건조,맑음,교차로 - 교차로부근,승합,남,52세,상해없음,보행자,남,53세,경상
2438,2019050800100191,2019년 5월 8일 09시,수요일,인천광역시 서구 가좌동,경상사고,0,0,1,0,차대사람 - 보도통행중,기타,포장 - 건조,맑음,단일로 - 기타,승용,남,64세,상해없음,보행자,여,80세,경상
2439,2019050800100274,2019년 5월 8일 11시,수요일,인천광역시 남동구 구월동,경상사고,0,0,1,0,차대사람 - 기타,안전운전불이행,포장 - 건조,맑음,주차장 - 주차장,승용,남,54세,기타불명,보행자,남,51세,경상
2440,2019050800100301,2019년 5월 8일 12시,수요일,인천광역시 미추홀구 주안동,경상사고,0,0,1,0,차대사람 - 횡단중,신호위반,포장 - 건조,맑음,기타 - 기타,화물,남,65세,상해없음,보행자,남,27세,경상
2441,2019050800100595,2019년 5월 8일 19시,수요일,인천광역시 서구 가정동,중상사고,0,1,0,0,차대사람 - 횡단중,보행자보호의무위반,포장 - 건조,맑음,교차로 - 교차로안,승용,여,41세,상해없음,보행자,여,61세,중상
2442,2019050900100038,2019년 5월 9일 00시,목요일,인천광역시 계양구 계산동,중상사고,0,1,0,0,차대사람 - 횡단중,안전운전불이행,포장 - 건조,맑음,교차로 - 교차로안,승용,남,59세,상해없음,보행자,남,23세,중상
2443,2019050900100259,2019년 5월 9일 11시,목요일,인천광역시 부평구 십정동,중상사고,0,1,0,0,차대사람 - 기타,안전운전불이행,포장 - 건조,맑음,단일로 - 기타,화물,남,67세,상해없음,보행자,여,75세,중상
2444,2019050900100332,2019년 5월 9일 13시,목요일,인천광역시 중구 항동7가,중상사고,0,1,0,0,차대사람 - 차도통행중,안전운전불이행,포장 - 건조,맑음,단일로 - 기타,특수,여,57세,상해없음,보행자,남,68세,중상
2445,2019050900100367,2019년 5월 9일 14시,목요일,인천광역시 미추홀구 주안동,경상사고,0,0,1,0,차대사람 - 차도통행중,안전운전불이행,포장 - 건조,맑음,단일로 - 기타,승용,여,47세,상해없음,보행자,여,30세,경상
2446,2019050900100396,2019년 5월 9일 15시,목요일,인천광역시 부평구 십정동,중상사고,0,1,0,0,차대사람 - 차도통행중,보행자보호의무위반,포장 - 건조,맑음,단일로 - 기타,승용,남,64세,상해없음,보행자,여,78세,중상
2447,2019050900100443,2019년 5월 9일 16시,목요일,인천광역시 계양구 병방동,부상신고사고,0,0,0,1,차대사람 - 차도통행중,안전운전불이행,포장 - 건조,맑음,단일로 - 기타,승용,여,38세,상해없음,보행자,남,54세,부상신고
2448,2019050900100570,2019년 5월 9일 19시,목요일,인천광역시 남동구 간석동,경상사고,0,0,1,0,차대사람 - 기타,안전운전불이행,포장 - 건조,맑음,단일로 - 기타,기타불명,기타불명,미분류,기타불명,보행자,여,7세,경상
2449,2019050900100598,2019년 5월 9일 20시,목요일,인천광역시 남동구 구월동,경상사고,0,0,1,0,차대사람 - 횡단중,안전운전불이행,포장 - 건조,맑음,주차장 - 주차장,승용,남,52세,기타불명,보행자,여,12세,경상
2450,2019050900100600,2019년 5월 9일 20시,목요일,인천광역시 서구 검암동,경상사고,0,0,1,0,차대사람 - 기타,안전운전불이행,포장 - 건조,맑음,단일로 - 기타,승용,여,49세,상해없음,보행자,여,49세,경상
2451,2019050900100633,2019년 5월 9일 21시,목요일,인천광역시 남동구 만수동,경상사고,0,0,1,0,차대사람 - 길가장자리구역통행중,안전운전불이행,포장 - 건조,맑음,단일로 - 기타,기타불명,기타불명,미분류,기타불명,보행자,여,14세,경상
2452,2019051000100090,2019년 5월 10일 05시,금요일,인천광역시 부평구 부평동,부상신고사고,0,0,0,1,차대사람 - 횡단중,안전운전불이행,포장 - 건조,맑음,단일로 - 기타,승용,남,27세,상해없음,보행자,남,24세,부상신고
2453,2019051000100125,2019년 5월 10일 07시,금요일,인천광역시 남동구 구월동,경상사고,0,0,1,0,차대사람 - 기타,안전운전불이행,포장 - 건조,맑음,교차로 - 교차로안,화물,여,68세,상해없음,보행자,남,41세,경상
2454,2019051000100382,2019년 5월 10일 14시,금요일,인천광역시 남동구 구월동,중상사고,0,1,0,0,차대사람 - 횡단중,안전운전불이행,포장 - 건조,맑음,주차장 - 주차장,승용,여,56세,상해없음,보행자,여,58세,중상
2455,2019051000100477,2019년 5월 10일 16시,금요일,인천광역시 미추홀구 주안동,중상사고,0,1,0,0,차대사람 - 차도통행중,안전운전불이행,포장 - 건조,맑음,단일로 - 기타,승용,남,40세,상해없음,보행자,남,76세,중상
2456,2019051000100743,2019년 5월 10일 23시,금요일,인천광역시 연수구 연수동,경상사고,0,0,1,0,차대사람 - 횡단중,보행자보호의무위반,포장 - 건조,맑음,교차로 - 교차로횡단보도내,승용,남,60세,상해없음,보행자,남,39세,경상
2457,2019051100100107,2019년 5월 11일 05시,토요일,인천광역시 계양구 병방동,부상신고사고,0,0,0,1,차대사람 - 기타,안전운전불이행,포장 - 건조,맑음,단일로 - 기타,승용,남,60세,상해없음,보행자,남,29세,부상신고
2458,2019051100100122,2019년 5월 11일 06시,토요일,인천광역시 부평구 청천동,중상사고,0,1,0,0,차대사람 - 길가장자리구역통행중,안전운전불이행,포장 - 건조,맑음,교차로 - 교차로부근,승용,남,24세,상해없음,보행자,남,57세,중상
2459,2019051100100468,2019년 5월 11일 15시,토요일,인천광역시 부평구 십정동,중상사고,0,1,0,0,차대사람 - 횡단중,안전운전불이행,포장 - 건조,맑음,단일로 - 기타,승용,남,73세,상해없음,보행자,여,13세,중상
2460,2019051200100153,2019년 5월 12일 09시,일요일,인천광역시 옹진군 자월면,중상사고,0,1,0,0,차대사람 - 횡단중,안전운전불이행,포장 - 건조,맑음,교차로 - 교차로부근,화물,남,48세,상해없음,보행자,여,63세,중상
2461,2019051200100212,2019년 5월 12일 11시,일요일,인천광역시 부평구 일신동,경상사고,0,0,1,0,차대사람 - 차도통행중,안전운전불이행,포장 - 건조,맑음,단일로 - 기타,승용,남,79세,상해없음,보행자,남,43세,경상
2462,2019051200100250,2019년 5월 12일 12시,일요일,인천광역시 계양구 효성동,경상사고,0,0,1,0,차대사람 - 차도통행중,안전운전불이행,포장 - 건조,맑음,교차로 - 교차로안,승용,남,56세,상해없음,보행자,여,64세,경상
2463,2019051200100342,2019년 5월 12일 15시,일요일,인천광역시 서구 마전동,중상사고,0,1,0,0,차대사람 - 횡단중,안전운전불이행,포장 - 건조,맑음,단일로 - 기타,승용,여,37세,상해없음,보행자,남,7세,중상
2464,2019051200100343,2019년 5월 12일 15시,일요일,인천광역시 서구 가정동,경상사고,0,0,1,0,차대사람 - 기타,안전운전불이행,포장 - 건조,맑음,단일로 - 기타,승용,남,60세,상해없음,보행자,여,53세,경상
2465,2019051200100447,2019년 5월 12일 18시,일요일,인천광역시 미추홀구 주안동,경상사고,0,0,1,0,차대사람 - 길가장자리구역통행중,안전운전불이행,포장 - 건조,맑음,단일로 - 기타,승용,남,75세,상해없음,보행자,여,6세,경상
2466,2019051300100142,2019년 5월 13일 08시,월요일,인천광역시 서구 석남동,경상사고,0,0,1,0,차대사람 - 길가장자리구역통행중,안전운전불이행,포장 - 건조,맑음,기타 - 기타,화물,남,36세,상해없음,보행자,남,82세,경상
2467,2019051300100220,2019년 5월 13일 10시,월요일,인천광역시 서구 마전동,경상사고,0,0,1,0,차대사람 - 기타,안전운전불이행,포장 - 건조,맑음,단일로 - 기타,승용,여,44세,상해없음,보행자,남,67세,경상
2468,2019051300100221,2019년 5월 13일 10시,월요일,인천광역시 부평구 구산동,중상사고,0,1,0,0,차대사람 - 기타,안전운전불이행,포장 - 건조,맑음,교차로 - 교차로횡단보도내,승용,남,72세,상해없음,보행자,남,61세,중상
2469,2019051300100285,2019년 5월 13일 12시,월요일,인천광역시 부평구 청천동,경상사고,0,0,1,0,차대사람 - 횡단중,안전운전불이행,포장 - 건조,맑음,교차로 - 교차로안,화물,남,60세,상해없음,보행자,남,32세,경상
2470,2019051300100391,2019년 5월 13일 15시,월요일,인천광역시 강화군 강화읍,경상사고,0,0,1,0,차대사람 - 기타,안전운전불이행,포장 - 건조,맑음,기타 - 기타,승용,남,65세,상해없음,보행자,여,34세,경상
2471,2019051300100605,2019년 5월 13일 21시,월요일,인천광역시 서구 마전동,중상사고,0,1,0,0,차대사람 - 기타,신호위반,포장 - 건조,맑음,교차로 - 교차로안,이륜,남,22세,상해없음,보행자,여,32세,중상
2472,2019051400100495,2019년 5월 14일 17시,화요일,인천광역시 계양구 용종동,경상사고,0,0,1,0,차대사람 - 기타,안전운전불이행,포장 - 건조,맑음,교차로 - 교차로부근,승합,남,37세,상해없음,보행자,여,50세,경상