,사고번호,사고일시,요일,시군구,사고내용,사망자수,중상자수,경상자수,부상신고자수,사고유형,법규위반,노면상태,기상상태,도로형태,가해운전자 차종,가해운전자 성별,가해운전자 연령,가해운전자 상해정도,피해운전자 차종,피해운전자 성별,피해운전자 연령,피해운전자 상해정도
2473,2019051400100647,2019년 5월 14일 21시,화요일,인천광역시 계양구 용종동,경상사고,0,0,1,0,차대사람 - 횡단중,신호위반,포장 - 건조,맑음,단일로 - 기타,승용,남,54세,기타불명,보행자,남,16세,경상
2474,2019051400100669,2019년 5월 14일 22시,화요일,인천광역시 계양구 효성동,중상사고,0,1,0,0,차대사람 - 기타,기타,포장 - 건조,맑음,단일로 - 기타,승용,남,61세,상해없음,보행자,여,58세,중상
2475,2019051500100195,2019년 5월 15일 09시,수요일,인천광역시 미추홀구 주안동,경상사고,0,0,1,0,차대사람 - 기타,안전운전불이행,포장 - 건조,맑음,단일로 - 기타,승용,남,74세,상해없음,보행자,남,56세,경상
2476,2019051500100196,2019년 5월 15일 09시,수요일,인천광역시 서구 신현동,중상사고,0,1,0,0,차대사람 - 기타,기타,포장 - 건조,맑음,단일로 - 기타,승용,남,72세,상해없음,보행자,여,57세,중상
2477,2019051500100312,2019년 5월 15일 12시,수요일,인천광역시 연수구 선학동,경상사고,0,0,1,0,차대사람 - 보도통행중,신호위반,포장 - 건조,맑음,교차로 - 교차로안,승합,남,70세,상해없음,보행자,여,60세,경상
2478,2019051500100430,2019년 5월 15일 15시,수요일,인천광역시 서구 심곡동,중상사고,0,1,0,0,차대사람 - 기타,안전운전불이행,포장 - 건조,맑음,단일로 - 기타,승용,남,56세,상해없음,보행자,여,77세,중상
2479,2019051500100514,2019년 5월 15일 17시,수요일,인천광역시 미추홀구 용현동,경상사고,0,0,2,0,차대사람 - 기타,안전운전불이행,포장 - 기타,맑음,교차로 - 교차로안,화물,남,53세,상해없음,보행자,여,29세,경상
2480,2019051500100646,2019년 5월 15일 20시,수요일,인천광역시 서구 석남동,중상사고,0,1,0,0,차대사람 - 차도통행중,안전운전불이행,포장 - 건조,맑음,교차로 - 교차로안,승용,남,38세,상해없음,보행자,남,48세,중상
2481,2019051700100622,2019년 5월 17일 20시,금요일,인천광역시 남동구 논현동,중상사고,0,1,0,0,차대사람 - 횡단중,안전운전불이행,포장 - 건조,맑음,단일로 - 기타,승용,남,51세,상해없음,보행자,여,8세,중상
2482,2019051800100047,2019년 5월 18일 00시,토요일,인천광역시 서구 연희동,중상사고,0,1,0,0,차대사람 - 기타,안전운전불이행,포장 - 건조,맑음,단일로 - 기타,이륜,남,27세,상해없음,보행자,남,46세,중상
2483,2019051800100247,2019년 5월 18일 10시,토요일,인천광역시 남동구 간석동,경상사고,0,0,1,0,차대사람 - 기타,교차로운행방법위반,포장 - 건조,맑음,교차로 - 교차로부근,화물,남,71세,상해없음,보행자,남,28세,경상
2484,2019051800100287,2019년 5월 18일 11시,토요일,인천광역시 부평구 삼산동,중상사고,0,1,0,0,차대사람 - 기타,안전운전불이행,포장 - 건조,맑음,단일로 - 기타,승용,남,72세,상해없음,보행자,남,57세,중상
2485,2019051800100516,2019년 5월 18일 17시,토요일,인천광역시 중구 을왕동,경상사고,0,0,1,0,차대사람 - 기타,안전운전불이행,포장 - 건조,맑음,기타 - 기타,승용,남,38세,상해없음,보행자,남,36세,경상
2486,2019051800100518,2019년 5월 18일 17시,토요일,인천광역시 부평구 부개동,경상사고,0,0,1,0,차대사람 - 기타,안전운전불이행,포장 - 건조,맑음,단일로 - 기타,승용,남,60세,상해없음,보행자,남,73세,경상
2487,2019051800100642,2019년 5월 18일 21시,토요일,인천광역시 중구 북성동1가,경상사고,0,0,1,0,차대사람 - 횡단중,보행자보호의무위반,포장 - 젖음/습기,흐림,단일로 - 기타,승용,여,26세,상해없음,보행자,남,8세,경상
2488,2019051800100690,2019년 5월 18일 23시,토요일,인천광역시 미추홀구 용현동,중상사고,0,1,0,0,차대사람 - 기타,기타,포장 - 건조,맑음,기타 - 기타,이륜,남,33세,상해없음,보행자,여,63세,중상
2489,2019051800100691,2019년 5월 18일 23시,토요일,인천광역시 서구 신현동,중상사고,0,1,0,0,차대사람 - 횡단중,안전운전불이행,포장 - 건조,맑음,단일로 - 기타,이륜,남,18세,상해없음,보행자,여,50세,중상
2490,2019051900100077,2019년 5월 19일 03시,일요일,인천광역시 부평구 부평동,경상사고,0,0,1,0,차대사람 - 횡단중,신호위반,포장 - 건조,맑음,교차로 - 교차로횡단보도내,이륜,남,21세,상해없음,보행자,여,26세,경상
2491,2019051900100173,2019년 5월 19일 10시,일요일,인천광역시 미추홀구 주안동,중상사고,0,1,0,0,차대사람 - 횡단중,안전운전불이행,포장 - 건조,맑음,단일로 - 기타,승용,여,55세,상해없음,보행자,여,76세,중상
2492,2019051900100176,2019년 5월 19일 10시,일요일,인천광역시 남동구 논현동,경상사고,0,0,1,0,차대사람 - 기타,안전운전불이행,포장 - 건조,맑음,기타 - 기타,승용,남,51세,상해없음,보행자,남,62세,경상
2493,2019051900100198,2019년 5월 19일 11시,일요일,인천광역시 서구 신현동,중상사고,0,1,0,0,차대사람 - 횡단중,보행자보호의무위반,포장 - 건조,맑음,교차로 - 교차로안,승용,남,33세,상해없음,보행자,남,56세,중상
2494,2019051900100430,2019년 5월 19일 18시,일요일,인천광역시 서구 연희동,경상사고,0,0,1,0,차대사람 - 기타,안전운전불이행,포장 - 젖음/습기,비,단일로 - 기타,승용,남,40세,상해없음,보행자,남,28세,경상
2495,2019051900100509,2019년 5월 19일 20시,일요일,인천광역시 미추홀구 숭의동,중상사고,0,1,1,0,차대사람 - 횡단중,보행자보호의무위반,포장 - 젖음/습기,비,교차로 - 교차로안,승용,여,30세,상해없음,보행자,여,21세,중상
2496,2019051900100544,2019년 5월 19일 21시,일요일,인천광역시 중구 용동,경상사고,0,0,1,0,차대사람 - 차도통행중,안전운전불이행,포장 - 젖음/습기,비,단일로 - 기타,승용,남,23세,상해없음,보행자,남,42세,경상
2497,2019051900100574,2019년 5월 19일 22시,일요일,인천광역시 서구 금곡동,사망사고,1,0,0,0,차대사람 - 횡단중,신호위반,포장 - 젖음/습기,비,단일로 - 기타,승용,남,28세,상해없음,보행자,여,61세,사망
2498,2019052000100258,2019년 5월 20일 11시,월요일,인천광역시 중구 운서동,경상사고,0,0,1,0,차대사람 - 기타,안전운전불이행,포장 - 건조,맑음,단일로 - 기타,승합,남,65세,상해없음,보행자,여,36세,경상
2499,2019052000100259,2019년 5월 20일 11시,월요일,인천광역시 서구 가정동,경상사고,0,0,1,0,차대사람 - 기타,안전운전불이행,포장 - 건조,맑음,단일로 - 기타,승용,남,75세,상해없음,보행자,남,34세,경상
2500,2019052000100357,2019년 5월 20일 14시,월요일,인천광역시 서구 심곡동,경상사고,0,0,1,0,차대사람 - 횡단중,보행자보호의무위반,포장 - 건조,맑음,교차로 - 교차로횡단보도내,승용,남,64세,상해없음,보행자,남,21세,경상
2501,2019052000100358,2019년 5월 20일 14시,월요일,인천광역시 부평구 부평동,사망사고,1,0,0,0,차대사람 - 기타,안전운전불이행,포장 - 건조,맑음,미분류 - 미분류,건설기계,남,61세,상해없음,보행자,여,76세,사망
2502,2019052000100515,2019년 5월 20일 17시,월요일,인천광역시 미추홀구 숭의동,중상사고,0,1,0,0,차대사람 - 기타,안전운전불이행,포장 - 건조,맑음,단일로 - 기타,승용,남,53세,상해없음,보행자,남,70세,중상
2503,2019052000100565,2019년 5월 20일 18시,월요일,인천광역시 중구 중산동,중상사고,0,1,0,0,차대사람 - 횡단중,보행자보호의무위반,포장 - 건조,맑음,교차로 - 교차로횡단보도내,승용,여,64세,상해없음,보행자,남,23세,중상
2504,2019052000100631,2019년 5월 20일 20시,월요일,인천광역시 미추홀구 주안동,중상사고,0,1,0,0,차대사람 - 기타,안전운전불이행,포장 - 건조,맑음,교차로 - 교차로안,승용,남,51세,상해없음,보행자,남,55세,중상
2505,2019052000100632,2019년 5월 20일 20시,월요일,인천광역시 남동구 간석동,부상신고사고,0,0,0,1,차대사람 - 기타,안전운전불이행,포장 - 건조,맑음,단일로 - 기타,기타불명,기타불명,미분류,기타불명,보행자,남,65세,부상신고
2506,2019052000100633,2019년 5월 20일 20시,월요일,인천광역시 연수구 연수동,경상사고,0,0,1,0,차대사람 - 보도통행중,보행자보호의무위반,포장 - 건조,맑음,교차로 - 교차로안,승용,남,55세,상해없음,보행자,남,38세,경상
2507,2019052100100053,2019년 5월 21일 00시,화요일,인천광역시 서구 가좌동,경상사고,0,0,1,0,차대사람 - 기타,안전운전불이행,포장 - 건조,맑음,단일로 - 기타,승용,남,67세,상해없음,보행자,여,62세,경상
2508,2019052100100267,2019년 5월 21일 10시,화요일,인천광역시 중구 중산동,부상신고사고,0,0,0,1,차대사람 - 횡단중,신호위반,포장 - 건조,맑음,단일로 - 기타,건설기계,남,55세,상해없음,보행자,여,50세,부상신고
2509,2019052100100299,2019년 5월 21일 11시,화요일,인천광역시 강화군 길상면,경상사고,0,0,1,0,차대사람 - 기타,안전운전불이행,포장 - 건조,맑음,단일로 - 기타,승용,여,51세,상해없음,보행자,여,89세,경상
2510,2019052100100428,2019년 5월 21일 15시,화요일,인천광역시 부평구 부평동,경상사고,0,0,1,0,차대사람 - 기타,안전운전불이행,포장 - 건조,맑음,단일로 - 기타,승합,남,55세,상해없음,보행자,여,56세,경상
2511,2019052100100461,2019년 5월 21일 16시,화요일,인천광역시 남동구 간석동,경상사고,0,0,1,0,차대사람 - 보도통행중,신호위반,포장 - 건조,맑음,단일로 - 기타,승용,남,51세,상해없음,보행자,남,7세,경상
2512,2019052100100656,2019년 5월 21일 20시,화요일,인천광역시 부평구 부평동,중상사고,0,1,0,0,차대사람 - 기타,안전운전불이행,포장 - 건조,맑음,교차로 - 교차로안,승합,남,46세,상해없음,보행자,남,69세,중상
2513,2019052100100686,2019년 5월 21일 21시,화요일,인천광역시 미추홀구 도화동,중상사고,0,2,0,0,차대사람 - 횡단중,신호위반,포장 - 건조,맑음,교차로 - 교차로부근,화물,남,69세,상해없음,보행자,여,59세,중상
2514,2019052200100072,2019년 5월 22일 05시,수요일,인천광역시 연수구 선학동,중상사고,0,1,0,0,차대사람 - 차도통행중,안전운전불이행,포장 - 건조,맑음,단일로 - 기타,승용,남,59세,상해없음,보행자,남,58세,중상
2515,2019052200100230,2019년 5월 22일 09시,수요일,인천광역시 연수구 옥련동,경상사고,0,0,1,0,차대사람 - 기타,안전운전불이행,포장 - 건조,맑음,단일로 - 기타,승용,남,61세,상해없음,보행자,남,50세,경상
2516,2019052200100425,2019년 5월 22일 15시,수요일,인천광역시 부평구 십정동,경상사고,0,0,1,0,차대사람 - 길가장자리구역통행중,안전운전불이행,포장 - 건조,맑음,단일로 - 기타,기타불명,기타불명,미분류,기타불명,보행자,여,72세,경상
2517,2019052200100482,2019년 5월 22일 16시,수요일,인천광역시 계양구 방축동,경상사고,0,0,1,0,차대사람 - 보도통행중,보행자보호의무위반,포장 - 건조,맑음,기타 - 기타,승용,남,70세,상해없음,보행자,여,74세,경상
2518,2019052200100648,2019년 5월 22일 20시,수요일,인천광역시 미추홀구 주안동,경상사고,0,0,1,0,차대사람 - 기타,안전운전불이행,포장 - 건조,맑음,단일로 - 기타,승용,남,23세,상해없음,보행자,남,55세,경상
2519,2019052300100211,2019년 5월 23일 09시,목요일,인천광역시 서구 가정동,경상사고,0,0,1,0,차대사람 - 기타,안전운전불이행,포장 - 건조,맑음,단일로 - 기타,승용,남,40세,상해없음,보행자,여,59세,경상
2520,2019052300100422,2019년 5월 23일 15시,목요일,인천광역시 강화군 내가면,경상사고,0,0,1,0,차대사람 - 기타,기타,포장 - 건조,맑음,기타 - 기타,승용,남,56세,상해없음,보행자,여,66세,경상
2521,2019052300100559,2019년 5월 23일 18시,목요일,인천광역시 남동구 만수동,경상사고,0,0,1,0,차대사람 - 차도통행중,안전운전불이행,포장 - 건조,맑음,단일로 - 기타,승용,남,35세,상해없음,보행자,남,57세,경상
2522,2019052400100239,2019년 5월 24일 10시,금요일,인천광역시 서구 가좌동,중상사고,0,1,0,0,차대사람 - 길가장자리구역통행중,안전운전불이행,포장 - 건조,맑음,교차로 - 교차로안,승용,여,52세,상해없음,보행자,여,75세,중상
2523,2019052400100314,2019년 5월 24일 12시,금요일,인천광역시 미추홀구 용현동,경상사고,0,0,1,0,차대사람 - 횡단중,보행자보호의무위반,포장 - 건조,맑음,교차로 - 교차로횡단보도내,승용,여,44세,상해없음,보행자,여,79세,경상
2524,2019052400100443,2019년 5월 24일 15시,금요일,인천광역시 남동구 논현동,경상사고,0,0,1,0,차대사람 - 횡단중,안전운전불이행,포장 - 건조,맑음,단일로 - 기타,승용,여,36세,상해없음,보행자,남,7세,경상
2525,2019052400100558,2019년 5월 24일 17시,금요일,인천광역시 서구 검암동,부상신고사고,0,0,0,1,차대사람 - 기타,안전운전불이행,포장 - 건조,맑음,기타 - 기타,승용,남,69세,상해없음,보행자,남,51세,부상신고
2526,2019052400100685,2019년 5월 24일 20시,금요일,인천광역시 서구 가좌동,중상사고,0,1,0,0,차대사람 - 길가장자리구역통행중,안전운전불이행,포장 - 건조,맑음,단일로 - 기타,승용,남,54세,상해없음,보행자,남,46세,중상
2527,2019052400100749,2019년 5월 24일 22시,금요일,인천광역시 계양구 작전동,중상사고,0,1,0,0,차대사람 - 횡단중,보행자보호의무위반,포장 - 건조,맑음,교차로 - 교차로횡단보도내,승합,남,56세,상해없음,보행자,남,66세,중상
2528,2019052400100781,2019년 5월 24일 23시,금요일,인천광역시 계양구 계산동,중상사고,0,1,0,0,차대사람 - 횡단중,안전운전불이행,포장 - 건조,맑음,단일로 - 기타,승용,남,58세,상해없음,보행자,남,41세,중상
2529,2019052400100782,2019년 5월 24일 23시,금요일,인천광역시 부평구 부평동,경상사고,0,0,1,0,차대사람 - 길가장자리구역통행중,안전운전불이행,포장 - 건조,맑음,교차로 - 교차로안,승용,남,57세,상해없음,보행자,여,20세,경상
2530,2019052500100073,2019년 5월 25일 03시,토요일,인천광역시 계양구 효성동,경상사고,0,0,1,0,차대사람 - 길가장자리구역통행중,안전운전불이행,포장 - 건조,맑음,단일로 - 기타,승용,남,21세,상해없음,보행자,남,44세,경상
2531,2019052500100273,2019년 5월 25일 11시,토요일,인천광역시 부평구 산곡동,경상사고,0,0,1,0,차대사람 - 길가장자리구역통행중,안전운전불이행,포장 - 건조,맑음,단일로 - 기타,승용,남,48세,상해없음,보행자,여,56세,경상
2532,2019052500100388,2019년 5월 25일 14시,토요일,인천광역시 강화군 강화읍,경상사고,0,0,1,0,차대사람 - 길가장자리구역통행중,안전운전불이행,포장 - 건조,맑음,단일로 - 기타,승용,남,55세,상해없음,보행자,여,66세,경상
2533,2019052500100537,2019년 5월 25일 18시,토요일,인천광역시 미추홀구 숭의동,경상사고,0,0,1,0,차대사람 - 기타,안전운전불이행,포장 - 건조,맑음,단일로 - 기타,승용,남,40세,기타불명,보행자,남,9세,경상
2534,2019052500100574,2019년 5월 25일 19시,토요일,인천광역시 남동구 간석동,경상사고,0,0,1,0,차대사람 - 기타,기타,포장 - 건조,맑음,단일로 - 기타,승용,여,48세,상해없음,보행자,남,38세,경상
2535,2019052500100608,2019년 5월 25일 20시,토요일,인천광역시 연수구 선학동,경상사고,0,0,1,0,차대사람 - 기타,안전운전불이행,포장 - 건조,맑음,단일로 - 기타,승용,남,47세,상해없음,보행자,남,51세,경상
2536,2019052600100139,2019년 5월 26일 09시,일요일,인천광역시 부평구 부평동,경상사고,0,0,1,0,차대사람 - 차도통행중,안전운전불이행,포장 - 건조,맑음,교차로 - 교차로부근,승용,남,49세,상해없음,보행자,남,71세,경상
2537,2019052600100200,2019년 5월 26일 11시,일요일,인천광역시 미추홀구 학익동,중상사고,0,1,0,0,차대사람 - 기타,안전운전불이행,포장 - 건조,맑음,교차로 - 교차로안,승용,남,56세,상해없음,보행자,남,61세,중상
2538,2019052600100346,2019년 5월 26일 15시,일요일,인천광역시 미추홀구 주안동,부상신고사고,0,0,0,1,차대사람 - 기타,안전운전불이행,포장 - 건조,맑음,기타 - 기타,자전거,기타불명,미분류,기타불명,보행자,남,43세,부상신고
2539,2019052600100347,2019년 5월 26일 15시,일요일,인천광역시 남동구 장수동,중상사고,0,1,0,0,차대사람 - 길가장자리구역통행중,안전운전불이행,포장 - 건조,맑음,단일로 - 기타,승용,남,63세,상해없음,보행자,남,63세,중상
2540,2019052700100253,2019년 5월 27일 10시,월요일,인천광역시 서구 가좌동,경상사고,0,0,1,0,차대사람 - 기타,기타,포장 - 건조,맑음,기타 - 기타,승합,남,64세,상해없음,보행자,여,48세,경상
2541,2019052700100321,2019년 5월 27일 12시,월요일,인천광역시 남동구 만수동,경상사고,0,0,1,0,차대사람 - 기타,안전운전불이행,포장 - 젖음/습기,비,교차로 - 교차로안,화물,남,60세,상해없음,보행자,여,69세,경상
2542,2019052700100421,2019년 5월 27일 15시,월요일,인천광역시 남동구 만수동,경상사고,0,0,2,0,차대사람 - 기타,안전운전불이행,포장 - 건조,맑음,교차로 - 교차로안,승용,여,46세,상해없음,보행자,남,77세,경상
2543,2019052800100160,2019년 5월 28일 08시,화요일,인천광역시 중구 운서동,경상사고,0,0,1,0,차대사람 - 길가장자리구역통행중,안전운전불이행,포장 - 건조,맑음,단일로 - 기타,승용,여,29세,상해없음,보행자,남,48세,경상
2544,2019052800100161,2019년 5월 28일 08시,화요일,인천광역시 서구 가좌동,중상사고,0,1,0,0,차대사람 - 횡단중,신호위반,포장 - 건조,맑음,교차로 - 교차로부근,승용,남,76세,상해없음,보행자,여,53세,중상
2545,2019052800100380,2019년 5월 28일 14시,화요일,인천광역시 서구 석남동,중상사고,0,1,0,0,차대사람 - 횡단중,보행자보호의무위반,포장 - 건조,맑음,교차로 - 교차로횡단보도내,화물,남,49세,상해없음,보행자,여,51세,중상
2546,2019052800100428,2019년 5월 28일 15시,화요일,인천광역시 남동구 간석동,경상사고,0,0,1,0,차대사람 - 기타,안전운전불이행,포장 - 건조,맑음,단일로 - 기타,승용,남,71세,상해없음,보행자,여,34세,경상
2547,2019052800100544,2019년 5월 28일 17시,화요일,인천광역시 중구 신흥동3가,중상사고,0,1,0,0,차대사람 - 길가장자리구역통행중,보행자보호의무위반,포장 - 건조,맑음,교차로 - 교차로횡단보도내,화물,남,48세,상해없음,보행자,여,80세,중상
2548,2019052800100546,2019년 5월 28일 17시,화요일,인천광역시 서구 불로동,경상사고,0,0,1,0,차대사람 - 차도통행중,신호위반,포장 - 건조,맑음,교차로 - 교차로안,승용,여,34세,상해없음,보행자,남,15세,경상
2549,2019052800100547,2019년 5월 28일 17시,화요일,인천광역시 부평구 삼산동,경상사고,0,0,1,0,차대사람 - 기타,안전운전불이행,포장 - 건조,맑음,단일로 - 기타,승용,남,39세,상해없음,보행자,남,12세,경상
2550,2019052800100685,2019년 5월 28일 20시,화요일,인천광역시 부평구 청천동,경상사고,0,0,1,0,차대사람 - 기타,안전운전불이행,포장 - 건조,맑음,교차로 - 교차로횡단보도내,승합,남,43세,상해없음,보행자,남,54세,경상
2551,2019052800100715,2019년 5월 28일 21시,화요일,인천광역시 미추홀구 주안동,중상사고,0,1,0,0,차대사람 - 횡단중,보행자보호의무위반,포장 - 건조,맑음,교차로 - 교차로횡단보도내,승용,여,24세,상해없음,보행자,여,21세,중상
2552,2019052900100266,2019년 5월 29일 11시,수요일,인천광역시 미추홀구 용현동,경상사고,0,0,1,0,차대사람 - 기타,안전운전불이행,포장 - 건조,맑음,교차로 - 교차로안,특수,남,32세,상해없음,보행자,남,54세,경상
2553,2019052900100467,2019년 5월 29일 16시,수요일,인천광역시 남동구 구월동,경상사고,0,0,1,0,차대사람 - 기타,안전운전불이행,포장 - 건조,맑음,기타 - 기타,자전거,남,81세,상해없음,보행자,남,40세,경상
2554,2019052900100586,2019년 5월 29일 18시,수요일,인천광역시 남동구 논현동,경상사고,0,0,1,0,차대사람 - 횡단중,신호위반,포장 - 건조,맑음,교차로 - 교차로횡단보도내,승용,여,38세,상해없음,보행자,여,9세,경상
2555,2019053000100061,2019년 5월 30일 02시,목요일,인천광역시 연수구 연수동,경상사고,0,0,1,0,차대사람 - 기타,안전운전불이행,포장 - 건조,맑음,단일로 - 기타,승용,여,33세,상해없음,보행자,남,26세,경상
2556,2019053000100272,2019년 5월 30일 11시,목요일,인천광역시 남동구 만수동,경상사고,0,0,1,0,차대사람 - 차도통행중,안전운전불이행,포장 - 건조,맑음,교차로 - 교차로안,승용,여,26세,상해없음,보행자,여,75세,경상
2557,2019053000100356,2019년 5월 30일 14시,목요일,인천광역시 미추홀구 숭의동,중상사고,0,1,0,0,차대사람 - 횡단중,보행자보호의무위반,포장 - 건조,맑음,교차로 - 교차로부근,승합,남,53세,상해없음,보행자,남,47세,중상
2558,2019053000100537,2019년 5월 30일 19시,목요일,인천광역시 동구 송현동,경상사고,0,0,1,0,차대사람 - 횡단중,보행자보호의무위반,포장 - 건조,맑음,교차로 - 교차로안,이륜,남,18세,상해없음,보행자,남,72세,경상
2559,2019053000100564,2019년 5월 30일 20시,목요일,인천광역시 미추홀구 주안동,경상사고,0,0,1,0,차대사람 - 차도통행중,안전운전불이행,포장 - 건조,맑음,단일로 - 기타,기타불명,기타불명,미분류,기타불명,보행자,남,24세,경상
2560,2019053100100131,2019년 5월 31일 07시,금요일,인천광역시 계양구 작전동,경상사고,0,0,1,0,차대사람 - 보도통행중,안전운전불이행,포장 - 건조,맑음,교차로 - 교차로안,승용,남,52세,상해없음,보행자,여,18세,경상
2561,2019053100100169,2019년 5월 31일 08시,금요일,인천광역시 서구 연희동,중상사고,0,1,0,0,차대사람 - 기타,안전운전불이행,포장 - 건조,맑음,기타 - 기타,승합,남,47세,상해없음,보행자,여,59세,중상
2562,2019053100100265,2019년 5월 31일 11시,금요일,인천광역시 미추홀구 학익동,경상사고,0,0,1,0,차대사람 - 기타,안전운전불이행,포장 - 건조,맑음,기타 - 기타,승용,여,34세,상해없음,보행자,여,45세,경상
2563,2019053100100435,2019년 5월 31일 15시,금요일,인천광역시 미추홀구 학익동,경상사고,0,0,1,0,차대사람 - 횡단중,신호위반,포장 - 건조,맑음,교차로 - 교차로안,승용,남,43세,상해없음,보행자,여,9세,경상
2564,2019053100100600,2019년 5월 31일 18시,금요일,인천광역시 중구 운남동,경상사고,0,0,1,0,차대사람 - 횡단중,보행자보호의무위반,포장 - 건조,맑음,교차로 - 교차로안,이륜,남,17세,상해없음,보행자,여,37세,경상
2565,2019053100100602,2019년 5월 31일 18시,금요일,인천광역시 서구 가좌동,경상사고,0,0,1,0,차대사람 - 기타,안전운전불이행,포장 - 건조,맑음,기타 - 기타,기타불명,기타불명,미분류,기타불명,보행자,여,44세,경상
2566,2019053100100655,2019년 5월 31일 19시,금요일,인천광역시 부평구 부개동,중상사고,0,1,0,0,차대사람 - 횡단중,보행자보호의무위반,포장 - 건조,맑음,교차로 - 교차로횡단보도내,승용,남,26세,상해없음,보행자,여,6세,중상
2567,2019053100100683,2019년 5월 31일 20시,금요일,인천광역시 남동구 논현동,중상사고,0,1,0,0,차대사람 - 횡단중,안전운전불이행,포장 - 건조,맑음,교차로 - 교차로부근,승용,여,31세,상해없음,보행자,여,50세,중상
2568,2019053100100728,2019년 5월 31일 21시,금요일,인천광역시 부평구 부개동,경상사고,0,0,1,0,차대사람 - 차도통행중,기타,포장 - 건조,맑음,단일로 - 기타,화물,남,57세,상해없음,보행자,남,40세,경상
2569,2019053100100762,2019년 5월 31일 22시,금요일,인천광역시 남동구 구월동,경상사고,0,0,1,0,차대사람 - 횡단중,신호위반,포장 - 건조,맑음,교차로 - 교차로횡단보도내,승용,남,67세,상해없음,보행자,남,5세,경상
2570,2019060100100050,2019년 6월 1일 01시,토요일,인천광역시 동구 송현동,경상사고,0,0,1,0,차대사람 - 횡단중,안전운전불이행,포장 - 건조,맑음,교차로 - 교차로부근,승용,남,62세,상해없음,보행자,남,57세,경상
2571,2019060200100355,2019년 6월 2일 17시,일요일,인천광역시 강화군 선원면,중상사고,0,1,0,0,차대사람 - 횡단중,보행자보호의무위반,포장 - 건조,맑음,기타 - 기타,승용,남,53세,상해없음,보행자,남,6세,중상
2572,2019060200100382,2019년 6월 2일 18시,일요일,인천광역시 부평구 십정동,경상사고,0,0,1,0,차대사람 - 길가장자리구역통행중,안전운전불이행,포장 - 건조,맑음,교차로 - 교차로부근,승용,여,67세,상해없음,보행자,여,70세,경상
2573,2019060200100467,2019년 6월 2일 21시,일요일,인천광역시 부평구 부평동,중상사고,0,1,0,0,차대사람 - 기타,보행자보호의무위반,포장 - 건조,맑음,교차로 - 교차로안,승용,여,42세,상해없음,보행자,여,64세,중상
2574,2019060300100158,2019년 6월 3일 08시,월요일,인천광역시 동구 송림동,경상사고,0,0,2,0,차대사람 - 횡단중,신호위반,포장 - 건조,맑음,단일로 - 기타,승용,여,38세,상해없음,보행자,남,7세,경상
2575,2019060300100200,2019년 6월 3일 09시,월요일,인천광역시 서구 마전동,경상사고,0,0,1,0,차대사람 - 횡단중,안전운전불이행,포장 - 건조,맑음,단일로 - 기타,승용,남,45세,상해없음,보행자,남,32세,경상
2576,2019060300100405,2019년 6월 3일 15시,월요일,인천광역시 남동구 구월동,경상사고,0,0,1,0,차대사람 - 기타,안전운전불이행,포장 - 건조,맑음,단일로 - 기타,승합,남,54세,상해없음,보행자,남,57세,경상
2577,2019060300100476,2019년 6월 3일 17시,월요일,인천광역시 서구 석남동,중상사고,0,1,0,0,차대사람 - 횡단중,안전운전불이행,포장 - 건조,맑음,단일로 - 기타,승용,남,64세,상해없음,보행자,여,6세,중상
2578,2019060300100513,2019년 6월 3일 18시,월요일,인천광역시 남동구 논현동,중상사고,0,1,0,0,차대사람 - 횡단중,신호위반,포장 - 건조,맑음,교차로 - 교차로안,화물,남,69세,상해없음,보행자,남,59세,중상
2579,2019060400100078,2019년 6월 4일 06시,화요일,인천광역시 연수구 연수동,중상사고,0,1,0,0,차대사람 - 횡단중,보행자보호의무위반,포장 - 건조,맑음,단일로 - 기타,자전거,남,55세,상해없음,보행자,여,77세,중상
2580,2019060400100150,2019년 6월 4일 08시,화요일,인천광역시 남동구 만수동,경상사고,0,0,1,0,차대사람 - 기타,안전운전불이행,포장 - 건조,맑음,교차로 - 교차로부근,승용,여,30세,상해없음,보행자,여,53세,경상
2581,2019060400100192,2019년 6월 4일 09시,화요일,인천광역시 계양구 임학동,중상사고,0,1,0,0,차대사람 - 길가장자리구역통행중,안전운전불이행,포장 - 건조,맑음,단일로 - 기타,승용,남,66세,상해없음,보행자,여,79세,중상
2582,2019060400100231,2019년 6월 4일 10시,화요일,인천광역시 서구 당하동,경상사고,0,0,1,0,차대사람 - 보도통행중,보행자보호의무위반,포장 - 건조,맑음,교차로 - 교차로횡단보도내,승용,여,51세,상해없음,보행자,여,32세,경상
2583,2019060400100438,2019년 6월 4일 16시,화요일,인천광역시 계양구 임학동,경상사고,0,0,1,0,차대사람 - 횡단중,보행자보호의무위반,포장 - 건조,맑음,교차로 - 교차로부근,승용,남,44세,상해없음,보행자,남,6세,경상
2584,2019060400100495,2019년 6월 4일 17시,화요일,인천광역시 미추홀구 주안동,부상신고사고,0,0,0,1,차대사람 - 보도통행중,안전운전불이행,포장 - 건조,맑음,단일로 - 기타,승합,남,63세,기타불명,보행자,여,55세,부상신고
2585,2019060400100587,2019년 6월 4일 19시,화요일,인천광역시 서구 검암동,중상사고,0,1,0,0,차대사람 - 기타,안전운전불이행,포장 - 건조,맑음,단일로 - 기타,승용,남,66세,상해없음,보행자,여,66세,중상