,사고번호,사고일시,요일,시군구,사고내용,사망자수,중상자수,경상자수,부상신고자수,사고유형,법규위반,노면상태,기상상태,도로형태,가해운전자 차종,가해운전자 성별,가해운전자 연령,가해운전자 상해정도,피해운전자 차종,피해운전자 성별,피해운전자 연령,피해운전자 상해정도
2586,2019060400100647,2019년 6월 4일 21시,화요일,인천광역시 서구 가좌동,중상사고,0,1,0,0,차대사람 - 보도통행중,보행자보호의무위반,포장 - 건조,맑음,교차로 - 교차로부근,승용,여,40세,상해없음,보행자,여,55세,중상
2587,2019060500100106,2019년 6월 5일 07시,수요일,인천광역시 서구 석남동,중상사고,0,1,0,0,차대사람 - 기타,안전운전불이행,포장 - 건조,맑음,교차로 - 교차로부근,승용,남,43세,상해없음,보행자,여,17세,중상
2588,2019060500100157,2019년 6월 5일 08시,수요일,인천광역시 남동구 논현동,경상사고,0,0,1,0,차대사람 - 횡단중,안전운전불이행,포장 - 건조,맑음,교차로 - 교차로안,승용,남,56세,상해없음,보행자,남,17세,경상
2589,2019060500100327,2019년 6월 5일 13시,수요일,인천광역시 연수구 동춘동,경상사고,0,0,1,0,차대사람 - 기타,안전운전불이행,포장 - 건조,맑음,단일로 - 기타,승합,남,59세,상해없음,보행자,여,43세,경상
2590,2019060500100374,2019년 6월 5일 14시,수요일,인천광역시 부평구 부평동,경상사고,0,0,1,0,차대사람 - 차도통행중,안전운전불이행,포장 - 건조,맑음,교차로 - 교차로안,승용,남,36세,상해없음,보행자,여,12세,경상
2591,2019060600100146,2019년 6월 6일 08시,목요일,인천광역시 부평구 부개동,중상사고,0,1,0,0,차대사람 - 차도통행중,안전운전불이행,포장 - 건조,맑음,단일로 - 기타,승합,남,40세,상해없음,보행자,여,60세,중상
2592,2019060600100236,2019년 6월 6일 12시,목요일,인천광역시 부평구 부평동,경상사고,0,0,1,0,차대사람 - 기타,안전운전불이행,포장 - 건조,맑음,단일로 - 기타,승합,남,60세,상해없음,보행자,여,62세,경상
2593,2019060600100237,2019년 6월 6일 12시,목요일,인천광역시 부평구 산곡동,경상사고,0,0,1,0,차대사람 - 횡단중,보행자보호의무위반,포장 - 건조,맑음,교차로 - 교차로횡단보도내,승용,남,79세,상해없음,보행자,남,15세,경상
2594,2019060600100481,2019년 6월 6일 19시,목요일,인천광역시 계양구 작전동,부상신고사고,0,0,0,1,차대사람 - 횡단중,안전운전불이행,포장 - 젖음/습기,비,단일로 - 기타,이륜,남,61세,상해없음,보행자,여,23세,부상신고
2595,2019060700100196,2019년 6월 7일 09시,금요일,인천광역시 남동구 간석동,중상사고,0,1,0,0,차대사람 - 횡단중,신호위반,포장 - 젖음/습기,비,교차로 - 교차로안,승용,남,55세,상해없음,보행자,남,10세,중상
2596,2019060700100228,2019년 6월 7일 10시,금요일,인천광역시 미추홀구 도화동,중상사고,0,1,0,0,차대사람 - 보도통행중,신호위반,포장 - 젖음/습기,비,교차로 - 교차로횡단보도내,승용,남,59세,상해없음,보행자,여,29세,중상
2597,2019060700100231,2019년 6월 7일 10시,금요일,인천광역시 강화군 내가면,중상사고,0,1,0,0,차대사람 - 횡단중,기타,포장 - 건조,흐림,교차로 - 교차로부근,화물,남,71세,상해없음,보행자,남,67세,중상
2598,2019060700100476,2019년 6월 7일 17시,금요일,인천광역시 남동구 구월동,중상사고,0,1,0,0,차대사람 - 횡단중,교차로운행방법위반,포장 - 건조,맑음,기타 - 기타,화물,남,71세,상해없음,보행자,여,57세,중상
2599,2019060700100516,2019년 6월 7일 18시,금요일,인천광역시 동구 금곡동,중상사고,0,1,0,0,차대사람 - 기타,안전운전불이행,포장 - 건조,맑음,단일로 - 기타,승합,남,49세,상해없음,보행자,남,56세,중상
2600,2019060700100620,2019년 6월 7일 21시,금요일,인천광역시 서구 원당동,중상사고,0,1,0,0,차대사람 - 횡단중,신호위반,포장 - 건조,맑음,교차로 - 교차로횡단보도내,승용,남,33세,상해없음,보행자,남,70세,중상
2601,2019060800100073,2019년 6월 8일 03시,토요일,인천광역시 남동구 간석동,중상사고,0,1,0,0,차대사람 - 횡단중,과속,포장 - 건조,맑음,교차로 - 교차로횡단보도내,화물,남,70세,상해없음,보행자,여,18세,중상
2602,2019060800100080,2019년 6월 8일 04시,토요일,인천광역시 서구 가정동,사망사고,1,0,0,0,차대사람 - 횡단중,과속,포장 - 건조,흐림,교차로 - 교차로횡단보도내,승용,남,40세,상해없음,보행자,남,20세,사망
2603,2019060800100095,2019년 6월 8일 05시,토요일,인천광역시 서구 석남동,중상사고,0,1,0,0,차대사람 - 기타,안전운전불이행,포장 - 건조,맑음,교차로 - 교차로부근,승용,남,14세,상해없음,보행자,남,40세,중상
2604,2019060800100168,2019년 6월 8일 09시,토요일,인천광역시 남동구 간석동,중상사고,0,1,0,0,차대사람 - 기타,안전운전불이행,포장 - 건조,흐림,교차로 - 교차로안,승용,남,45세,상해없음,보행자,남,77세,중상
2605,2019060800100237,2019년 6월 8일 11시,토요일,인천광역시 계양구 작전동,경상사고,0,0,1,0,차대사람 - 기타,안전운전불이행,포장 - 건조,맑음,주차장 - 주차장,승용,남,61세,상해없음,보행자,남,26세,경상
2606,2019060800100278,2019년 6월 8일 12시,토요일,인천광역시 남동구 만수동,경상사고,0,0,1,0,차대사람 - 횡단중,안전운전불이행,포장 - 건조,맑음,단일로 - 기타,승합,남,54세,상해없음,보행자,남,16세,경상
2607,2019060800100280,2019년 6월 8일 12시,토요일,인천광역시 부평구 부평동,중상사고,0,1,0,0,차대사람 - 횡단중,안전운전불이행,포장 - 건조,맑음,단일로 - 기타,승합,남,40세,상해없음,보행자,남,4세,중상
2608,2019060800100471,2019년 6월 8일 17시,토요일,인천광역시 서구 연희동,경상사고,0,0,1,0,차대사람 - 기타,안전운전불이행,포장 - 건조,맑음,단일로 - 기타,승합,여,49세,상해없음,보행자,남,5세,경상
2609,2019060800100472,2019년 6월 8일 17시,토요일,인천광역시 계양구 귤현동,경상사고,0,0,1,0,차대사람 - 기타,안전운전불이행,포장 - 건조,맑음,단일로 - 기타,자전거,남,50세,상해없음,보행자,여,39세,경상
2610,2019060800100604,2019년 6월 8일 21시,토요일,인천광역시 중구 을왕동,경상사고,0,0,1,0,차대사람 - 횡단중,안전운전불이행,포장 - 건조,맑음,단일로 - 기타,승용,남,19세,상해없음,보행자,여,55세,경상
2611,2019060800100605,2019년 6월 8일 21시,토요일,인천광역시 서구 시천동,경상사고,0,0,2,0,차대사람 - 기타,안전운전불이행,포장 - 건조,맑음,단일로 - 기타,자전거,남,51세,경상,보행자,남,41세,경상
2612,2019060900100454,2019년 6월 9일 22시,일요일,인천광역시 남동구 간석동,경상사고,0,0,2,0,차대사람 - 차도통행중,안전운전불이행,포장 - 건조,흐림,단일로 - 기타,승용,남,32세,상해없음,보행자,남,38세,경상
2613,2019061000100054,2019년 6월 10일 02시,월요일,인천광역시 남동구 장수동,사망사고,1,0,0,0,차대사람 - 기타,안전운전불이행,포장 - 젖음/습기,비,단일로 - 터널,승합,남,39세,상해없음,보행자,남,63세,사망
2614,2019061000100068,2019년 6월 10일 04시,월요일,인천광역시 미추홀구 숭의동,중상사고,0,1,0,0,차대사람 - 횡단중,보행자보호의무위반,포장 - 젖음/습기,비,교차로 - 교차로횡단보도내,승용,남,69세,상해없음,보행자,여,70세,중상
2615,2019061000100326,2019년 6월 10일 13시,월요일,인천광역시 계양구 계산동,경상사고,0,0,4,1,차대사람 - 기타,기타,포장 - 건조,맑음,단일로 - 기타,승합,남,56세,상해없음,보행자,여,53세,경상
2616,2019061000100540,2019년 6월 10일 18시,월요일,인천광역시 연수구 연수동,부상신고사고,0,0,0,1,차대사람 - 기타,안전운전불이행,포장 - 건조,맑음,기타 - 기타,자전거,남,61세,상해없음,보행자,여,39세,부상신고
2617,2019061000100646,2019년 6월 10일 22시,월요일,인천광역시 미추홀구 주안동,중상사고,0,1,0,0,차대사람 - 횡단중,보행자보호의무위반,포장 - 건조,맑음,교차로 - 교차로횡단보도내,승용,여,69세,상해없음,보행자,여,64세,중상
2618,2019061100100086,2019년 6월 11일 06시,화요일,인천광역시 계양구 작전동,중상사고,0,1,0,0,차대사람 - 횡단중,보행자보호의무위반,포장 - 건조,맑음,교차로 - 교차로횡단보도내,승합,남,60세,상해없음,보행자,여,73세,중상
2619,2019061100100119,2019년 6월 11일 07시,화요일,인천광역시 서구 가좌동,중상사고,0,1,0,0,차대사람 - 보도통행중,신호위반,포장 - 건조,맑음,단일로 - 기타,승합,남,57세,상해없음,보행자,여,51세,중상
2620,2019061100100230,2019년 6월 11일 10시,화요일,인천광역시 계양구 효성동,경상사고,0,0,1,0,차대사람 - 차도통행중,안전운전불이행,포장 - 건조,맑음,단일로 - 기타,승용,남,68세,상해없음,보행자,여,80세,경상
2621,2019061100100540,2019년 6월 11일 19시,화요일,인천광역시 부평구 부평동,중상사고,0,1,0,0,차대사람 - 횡단중,안전운전불이행,포장 - 건조,맑음,단일로 - 기타,승용,여,49세,상해없음,보행자,남,63세,중상
2622,2019061100100645,2019년 6월 11일 23시,화요일,인천광역시 남동구 구월동,중상사고,0,1,0,0,차대사람 - 보도통행중,안전운전불이행,포장 - 건조,맑음,단일로 - 기타,승용,남,67세,상해없음,보행자,남,22세,중상
2623,2019061200100046,2019년 6월 12일 01시,수요일,인천광역시 미추홀구 주안동,경상사고,0,0,1,0,차대사람 - 기타,안전운전불이행,포장 - 건조,맑음,단일로 - 기타,승용,남,54세,상해없음,보행자,여,31세,경상
2624,2019061200100279,2019년 6월 12일 12시,수요일,인천광역시 서구 가정동,중상사고,0,1,0,0,차대사람 - 횡단중,신호위반,포장 - 건조,맑음,기타 - 기타,화물,남,40세,상해없음,보행자,여,17세,중상
2625,2019061200100488,2019년 6월 12일 18시,수요일,인천광역시 동구 송현동,경상사고,0,0,1,0,차대사람 - 기타,안전운전불이행,포장 - 건조,맑음,단일로 - 기타,승합,남,54세,상해없음,보행자,남,64세,경상
2626,2019061200100490,2019년 6월 12일 18시,수요일,인천광역시 남동구 논현동,중상사고,0,1,0,0,차대사람 - 기타,보행자보호의무위반,포장 - 건조,맑음,기타 - 기타,자전거,남,11세,상해없음,보행자,여,84세,중상
2627,2019061200100491,2019년 6월 12일 18시,수요일,인천광역시 남동구 장수동,중상사고,0,1,0,0,차대사람 - 횡단중,신호위반,포장 - 건조,맑음,교차로 - 교차로횡단보도내,승용,남,55세,상해없음,보행자,여,51세,중상
2628,2019061200100580,2019년 6월 12일 21시,수요일,인천광역시 남동구 간석동,경상사고,0,0,1,0,차대사람 - 보도통행중,보행자보호의무위반,포장 - 건조,맑음,교차로 - 교차로부근,승용,여,62세,상해없음,보행자,남,51세,경상
2629,2019061300100032,2019년 6월 13일 00시,목요일,인천광역시 연수구 연수동,경상사고,0,0,1,0,차대사람 - 횡단중,안전운전불이행,포장 - 건조,맑음,교차로 - 교차로안,승용,남,28세,상해없음,보행자,남,43세,경상
2630,2019061300100187,2019년 6월 13일 09시,목요일,인천광역시 계양구 계산동,경상사고,0,0,1,0,차대사람 - 차도통행중,안전운전불이행,포장 - 건조,맑음,단일로 - 기타,기타불명,기타불명,미분류,기타불명,보행자,여,60세,경상
2631,2019061300100340,2019년 6월 13일 14시,목요일,인천광역시 서구 마전동,경상사고,0,0,1,0,차대사람 - 횡단중,보행자보호의무위반,포장 - 건조,맑음,교차로 - 교차로횡단보도내,승용,남,74세,상해없음,보행자,여,9세,경상
2632,2019061300100502,2019년 6월 13일 18시,목요일,인천광역시 계양구 작전동,경상사고,0,0,1,0,차대사람 - 보도통행중,안전운전불이행,포장 - 건조,맑음,기타 - 기타,승용,남,69세,상해없음,보행자,남,15세,경상
2633,2019061300100503,2019년 6월 13일 18시,목요일,인천광역시 계양구 작전동,경상사고,0,0,1,0,차대사람 - 길가장자리구역통행중,안전운전불이행,포장 - 건조,맑음,단일로 - 기타,이륜,여,46세,기타불명,보행자,남,51세,경상
2634,2019061400100040,2019년 6월 14일 00시,금요일,인천광역시 남동구 구월동,중상사고,0,1,0,0,차대사람 - 횡단중,안전운전불이행,포장 - 건조,흐림,교차로 - 교차로횡단보도내,승용,남,27세,상해없음,보행자,여,18세,중상
2635,2019061400100183,2019년 6월 14일 09시,금요일,인천광역시 서구 당하동,중상사고,0,1,0,0,차대사람 - 차도통행중,안전운전불이행,포장 - 건조,맑음,교차로 - 교차로횡단보도내,승용,여,39세,상해없음,보행자,여,59세,중상
2636,2019061400100546,2019년 6월 14일 18시,금요일,인천광역시 계양구 작전동,경상사고,0,0,1,0,차대사람 - 횡단중,보행자보호의무위반,포장 - 건조,맑음,교차로 - 교차로부근,승용,여,39세,상해없음,보행자,남,7세,경상
2637,2019061400100687,2019년 6월 14일 22시,금요일,인천광역시 미추홀구 용현동,중상사고,0,1,0,0,차대사람 - 횡단중,안전운전불이행,포장 - 건조,맑음,단일로 - 기타,승용,남,25세,상해없음,보행자,여,70세,중상
2638,2019061500100054,2019년 6월 15일 01시,토요일,인천광역시 서구 마전동,중상사고,0,1,0,0,차대사람 - 기타,안전운전불이행,포장 - 건조,맑음,교차로 - 교차로안,승용,남,33세,상해없음,보행자,남,24세,중상
2639,2019061500100075,2019년 6월 15일 03시,토요일,인천광역시 남동구 구월동,경상사고,0,0,1,0,차대사람 - 기타,안전운전불이행,포장 - 건조,맑음,기타 - 기타,승용,남,29세,상해없음,보행자,남,46세,경상
2640,2019061500100076,2019년 6월 15일 03시,토요일,인천광역시 계양구 작전동,경상사고,0,0,1,0,차대사람 - 횡단중,신호위반,포장 - 건조,맑음,단일로 - 기타,이륜,남,28세,상해없음,보행자,여,36세,경상
2641,2019061500100096,2019년 6월 15일 05시,토요일,인천광역시 미추홀구 주안동,경상사고,0,0,1,0,차대사람 - 기타,기타,포장 - 기타,기타,기타 - 기타,승용,남,65세,상해없음,보행자,여,49세,경상
2642,2019061500100678,2019년 6월 15일 21시,토요일,인천광역시 미추홀구 주안동,부상신고사고,0,0,0,1,차대사람 - 길가장자리구역통행중,안전운전불이행,포장 - 건조,맑음,기타 - 기타,승용,남,32세,상해없음,보행자,남,59세,부상신고
2643,2019061500100715,2019년 6월 15일 22시,토요일,인천광역시 서구 연희동,경상사고,0,0,1,0,차대사람 - 기타,안전운전불이행,포장 - 건조,맑음,단일로 - 기타,화물,남,56세,상해없음,보행자,여,18세,경상
2644,2019061600100178,2019년 6월 16일 10시,일요일,인천광역시 서구 청라동,경상사고,0,0,1,0,차대사람 - 기타,안전운전불이행,포장 - 건조,맑음,교차로 - 교차로부근,승용,여,25세,상해없음,보행자,여,64세,경상
2645,2019061600100323,2019년 6월 16일 15시,일요일,인천광역시 남동구 간석동,경상사고,0,0,1,0,차대사람 - 기타,보행자보호의무위반,포장 - 건조,맑음,교차로 - 교차로횡단보도내,승용,남,37세,상해없음,보행자,남,45세,경상
2646,2019061600100464,2019년 6월 16일 20시,일요일,인천광역시 남동구 간석동,경상사고,0,0,1,0,차대사람 - 기타,안전운전불이행,포장 - 건조,맑음,기타 - 기타,승용,남,59세,상해없음,보행자,남,31세,경상
2647,2019061700100138,2019년 6월 17일 08시,월요일,인천광역시 남동구 간석동,경상사고,0,0,1,0,차대사람 - 보도통행중,보행자보호의무위반,포장 - 건조,맑음,교차로 - 교차로횡단보도내,승용,여,47세,상해없음,보행자,남,46세,경상
2648,2019061700100321,2019년 6월 17일 13시,월요일,인천광역시 계양구 병방동,사망사고,1,0,0,0,차대사람 - 차도통행중,안전운전불이행,포장 - 건조,맑음,단일로 - 기타,화물,남,59세,상해없음,보행자,여,79세,사망
2649,2019061700100401,2019년 6월 17일 15시,월요일,인천광역시 부평구 부평동,경상사고,0,0,1,0,차대사람 - 횡단중,안전운전불이행,포장 - 건조,맑음,기타 - 기타,자전거,남,74세,상해없음,보행자,남,52세,경상
2650,2019061700100668,2019년 6월 17일 22시,월요일,인천광역시 서구 불로동,사망사고,1,0,0,0,차대사람 - 기타,안전운전불이행,포장 - 건조,맑음,교차로 - 교차로부근,화물,남,71세,상해없음,보행자,남,71세,사망
2651,2019061800100067,2019년 6월 18일 04시,화요일,인천광역시 중구 을왕동,중상사고,0,1,0,0,차대사람 - 기타,안전운전불이행,포장 - 건조,맑음,단일로 - 기타,승용,남,21세,상해없음,보행자,남,78세,중상
2652,2019061800100389,2019년 6월 18일 15시,화요일,인천광역시 미추홀구 관교동,중상사고,0,1,0,0,차대사람 - 횡단중,안전운전불이행,포장 - 건조,맑음,기타 - 기타,승용,남,58세,상해없음,보행자,여,58세,중상
2653,2019061800100448,2019년 6월 18일 17시,화요일,인천광역시 부평구 청천동,중상사고,0,1,0,0,차대사람 - 기타,신호위반,포장 - 건조,맑음,교차로 - 교차로안,화물,남,57세,상해없음,보행자,여,20세,중상
2654,2019061800100499,2019년 6월 18일 18시,화요일,인천광역시 미추홀구 주안동,부상신고사고,0,0,0,1,차대사람 - 길가장자리구역통행중,안전운전불이행,포장 - 젖음/습기,비,단일로 - 기타,기타불명,기타불명,미분류,기타불명,보행자,남,11세,부상신고
2655,2019061800100501,2019년 6월 18일 18시,화요일,인천광역시 남동구 서창동,경상사고,0,0,1,0,차대사람 - 횡단중,보행자보호의무위반,포장 - 젖음/습기,비,단일로 - 기타,승용,여,48세,상해없음,보행자,여,13세,경상
2656,2019061800100502,2019년 6월 18일 18시,화요일,인천광역시 남동구 만수동,중상사고,0,1,0,0,차대사람 - 횡단중,안전운전불이행,포장 - 젖음/습기,비,단일로 - 기타,승용,여,34세,상해없음,보행자,여,59세,중상
2657,2019061800100544,2019년 6월 18일 19시,화요일,인천광역시 미추홀구 학익동,경상사고,0,0,1,0,차대사람 - 횡단중,안전운전불이행,포장 - 젖음/습기,비,단일로 - 기타,승용,남,26세,상해없음,보행자,여,13세,경상
2658,2019061800100612,2019년 6월 18일 21시,화요일,인천광역시 연수구 청학동,중상사고,0,1,0,0,차대사람 - 기타,안전운전불이행,포장 - 젖음/습기,비,교차로 - 교차로안,승용,여,38세,상해없음,보행자,남,55세,중상
2659,2019061900100074,2019년 6월 19일 04시,수요일,인천광역시 계양구 계산동,사망사고,1,0,0,0,차대사람 - 횡단중,안전운전불이행,포장 - 젖음/습기,흐림,단일로 - 기타,승용,남,63세,상해없음,보행자,여,83세,사망
2660,2019062000100093,2019년 6월 20일 06시,목요일,인천광역시 부평구 부평동,경상사고,0,0,1,0,차대사람 - 길가장자리구역통행중,불법유턴,포장 - 건조,맑음,교차로 - 교차로부근,화물,남,36세,상해없음,보행자,남,56세,경상
2661,2019062000100164,2019년 6월 20일 08시,목요일,인천광역시 서구 오류동,중상사고,0,1,0,0,차대사람 - 기타,안전운전불이행,포장 - 건조,맑음,단일로 - 기타,승용,남,32세,상해없음,보행자,여,20세,중상
2662,2019062000100204,2019년 6월 20일 09시,목요일,인천광역시 연수구 선학동,경상사고,0,0,1,0,차대사람 - 보도통행중,안전운전불이행,포장 - 건조,맑음,단일로 - 기타,이륜,기타불명,미분류,기타불명,보행자,남,50세,경상
2663,2019062000100326,2019년 6월 20일 13시,목요일,인천광역시 부평구 삼산동,경상사고,0,0,1,0,차대사람 - 횡단중,보행자보호의무위반,포장 - 건조,맑음,단일로 - 기타,화물,남,64세,상해없음,보행자,남,7세,경상
2664,2019062000100488,2019년 6월 20일 17시,목요일,인천광역시 계양구 작전동,중상사고,0,1,0,0,차대사람 - 횡단중,신호위반,포장 - 건조,맑음,교차로 - 교차로횡단보도내,승용,여,67세,상해없음,보행자,여,28세,중상
2665,2019062100100178,2019년 6월 21일 09시,금요일,인천광역시 중구 남북동,경상사고,0,0,1,0,차대사람 - 횡단중,안전운전불이행,포장 - 건조,맑음,단일로 - 기타,승용,여,71세,상해없음,보행자,여,63세,경상
2666,2019062100100306,2019년 6월 21일 13시,금요일,인천광역시 부평구 부평동,경상사고,0,0,1,0,차대사람 - 기타,안전운전불이행,포장 - 건조,맑음,단일로 - 기타,화물,남,38세,상해없음,보행자,여,75세,경상
2667,2019062100100336,2019년 6월 21일 14시,금요일,인천광역시 계양구 계산동,중상사고,0,1,0,0,차대사람 - 기타,안전운전불이행,포장 - 건조,맑음,단일로 - 기타,승합,남,55세,상해없음,보행자,여,58세,중상
2668,2019062100100483,2019년 6월 21일 17시,금요일,인천광역시 연수구 동춘동,경상사고,0,0,1,0,차대사람 - 횡단중,신호위반,포장 - 건조,맑음,교차로 - 교차로안,승용,여,57세,상해없음,보행자,남,8세,경상
2669,2019062100100630,2019년 6월 21일 20시,금요일,인천광역시 서구 석남동,부상신고사고,0,0,0,1,차대사람 - 기타,안전운전불이행,포장 - 건조,맑음,기타 - 기타,승용,여,62세,상해없음,보행자,남,55세,부상신고
2670,2019062200100226,2019년 6월 22일 10시,토요일,인천광역시 중구 인현동,부상신고사고,0,0,0,1,차대사람 - 차도통행중,안전운전불이행,포장 - 건조,맑음,단일로 - 기타,승용,여,56세,상해없음,보행자,남,36세,부상신고
2671,2019062200100274,2019년 6월 22일 11시,토요일,인천광역시 남동구 남촌동,경상사고,0,0,1,0,차대사람 - 횡단중,기타,포장 - 건조,맑음,단일로 - 기타,승용,남,49세,상해없음,보행자,남,36세,경상
2672,2019062200100322,2019년 6월 22일 12시,토요일,인천광역시 계양구 작전동,중상사고,0,1,0,0,차대사람 - 차도통행중,안전운전불이행,포장 - 건조,맑음,단일로 - 기타,화물,남,64세,상해없음,보행자,남,58세,중상
2673,2019062200100359,2019년 6월 22일 13시,토요일,인천광역시 미추홀구 숭의동,부상신고사고,0,0,0,1,차대사람 - 기타,안전운전불이행,포장 - 건조,맑음,기타 - 기타,승용,여,58세,상해없음,보행자,남,7세,부상신고
2674,2019062200100448,2019년 6월 22일 15시,토요일,인천광역시 남동구 만수동,경상사고,0,0,1,0,차대사람 - 보도통행중,보행자보호의무위반,포장 - 건조,맑음,단일로 - 기타,화물,남,61세,상해없음,보행자,여,70세,경상
2675,2019062300100506,2019년 6월 23일 19시,일요일,인천광역시 미추홀구 주안동,경상사고,0,0,1,0,차대사람 - 횡단중,신호위반,포장 - 건조,맑음,교차로 - 교차로횡단보도내,승용,남,23세,상해없음,보행자,여,6세,경상
2676,2019062400100105,2019년 6월 24일 07시,월요일,인천광역시 남동구 간석동,경상사고,0,0,1,0,차대사람 - 길가장자리구역통행중,안전운전불이행,포장 - 건조,맑음,단일로 - 기타,건설기계,남,52세,상해없음,보행자,여,24세,경상
2677,2019062400100156,2019년 6월 24일 08시,월요일,인천광역시 서구 검암동,경상사고,0,0,1,0,차대사람 - 기타,안전운전불이행,포장 - 건조,맑음,단일로 - 기타,승용,남,70세,상해없음,보행자,여,49세,경상
2678,2019062400100159,2019년 6월 24일 08시,월요일,인천광역시 부평구 부평동,경상사고,0,0,1,0,차대사람 - 차도통행중,안전운전불이행,포장 - 건조,맑음,단일로 - 기타,승용,남,25세,기타불명,보행자,여,11세,경상
2679,2019062400100340,2019년 6월 24일 13시,월요일,인천광역시 계양구 계산동,경상사고,0,0,1,0,차대사람 - 보도통행중,안전운전불이행,포장 - 건조,맑음,단일로 - 기타,기타불명,기타불명,미분류,기타불명,보행자,여,61세,경상
2680,2019062400100519,2019년 6월 24일 17시,월요일,인천광역시 계양구 박촌동,중상사고,0,1,0,0,차대사람 - 기타,안전운전불이행,포장 - 건조,맑음,단일로 - 기타,승용,여,60세,상해없음,보행자,남,16세,중상
2681,2019062400100583,2019년 6월 24일 18시,월요일,인천광역시 동구 송림동,경상사고,0,0,1,0,차대사람 - 횡단중,안전운전불이행,포장 - 건조,맑음,기타 - 기타,화물,남,41세,상해없음,보행자,여,72세,경상
2682,2019062500100057,2019년 6월 25일 04시,화요일,인천광역시 계양구 계산동,중상사고,0,1,0,0,차대사람 - 횡단중,안전운전불이행,포장 - 건조,맑음,교차로 - 교차로부근,승용,남,62세,상해없음,보행자,남,31세,중상
2683,2019062500100080,2019년 6월 25일 06시,화요일,인천광역시 미추홀구 주안동,경상사고,0,0,1,0,차대사람 - 횡단중,신호위반,포장 - 건조,맑음,교차로 - 교차로횡단보도내,자전거,남,47세,상해없음,보행자,남,31세,경상
2684,2019062500100081,2019년 6월 25일 06시,화요일,인천광역시 서구 가정동,경상사고,0,0,1,0,차대사람 - 기타,안전운전불이행,포장 - 건조,맑음,교차로 - 교차로부근,승합,여,44세,상해없음,보행자,남,44세,경상
2685,2019062500100159,2019년 6월 25일 08시,화요일,인천광역시 남동구 논현동,중상사고,0,1,0,0,차대사람 - 횡단중,안전운전불이행,포장 - 건조,맑음,단일로 - 기타,승용,여,25세,상해없음,보행자,여,85세,중상
2686,2019062500100197,2019년 6월 25일 09시,화요일,인천광역시 강화군 길상면,사망사고,1,0,0,0,차대사람 - 횡단중,과속,포장 - 건조,맑음,단일로 - 기타,승용,남,57세,상해없음,보행자,남,80세,사망
2687,2019062500100229,2019년 6월 25일 10시,화요일,인천광역시 부평구 부평동,경상사고,0,0,1,0,차대사람 - 횡단중,보행자보호의무위반,포장 - 건조,맑음,단일로 - 기타,이륜,남,42세,상해없음,보행자,여,50세,경상
2688,2019062500100465,2019년 6월 25일 16시,화요일,인천광역시 계양구 효성동,경상사고,0,0,1,0,차대사람 - 횡단중,보행자보호의무위반,포장 - 건조,맑음,단일로 - 기타,승용,남,36세,상해없음,보행자,남,15세,경상
2689,2019062500100524,2019년 6월 25일 17시,화요일,인천광역시 연수구 연수동,경상사고,0,0,1,0,차대사람 - 길가장자리구역통행중,안전운전불이행,포장 - 건조,맑음,교차로 - 교차로안,승용,남,25세,상해없음,보행자,여,15세,경상
2690,2019062500100626,2019년 6월 25일 19시,화요일,인천광역시 계양구 다남동,중상사고,0,1,0,0,차대사람 - 횡단중,신호위반,포장 - 건조,맑음,단일로 - 기타,승용,남,65세,상해없음,보행자,여,28세,중상
2691,2019062600100056,2019년 6월 26일 04시,수요일,인천광역시 남동구 구월동,부상신고사고,0,0,0,1,차대사람 - 기타,기타,포장 - 건조,맑음,단일로 - 기타,기타불명,기타불명,미분류,기타불명,보행자,남,37세,부상신고
2692,2019062600100063,2019년 6월 26일 05시,수요일,인천광역시 서구 원창동,경상사고,0,0,1,0,차대사람 - 기타,중앙선침범,포장 - 건조,맑음,단일로 - 기타,기타불명,남,61세,기타불명,보행자,여,27세,경상
2693,2019062600100356,2019년 6월 26일 14시,수요일,인천광역시 남동구 논현동,부상신고사고,0,0,0,1,차대사람 - 기타,신호위반,포장 - 건조,맑음,기타 - 기타,승용,남,49세,상해없음,보행자,남,65세,부상신고
2694,2019062600100451,2019년 6월 26일 16시,수요일,인천광역시 중구 북성동3가,경상사고,0,0,1,0,차대사람 - 기타,안전운전불이행,포장 - 건조,맑음,단일로 - 기타,승용,여,47세,상해없음,보행자,남,2세,경상
2695,2019062700100326,2019년 6월 27일 13시,목요일,인천광역시 연수구 송도동,부상신고사고,0,0,0,1,차대사람 - 기타,안전운전불이행,포장 - 건조,맑음,단일로 - 기타,승용,여,39세,기타불명,보행자,남,8세,부상신고
2696,2019062700100531,2019년 6월 27일 18시,목요일,인천광역시 남동구 간석동,경상사고,0,0,1,0,차대사람 - 횡단중,안전운전불이행,포장 - 건조,맑음,단일로 - 기타,승용,여,52세,상해없음,보행자,여,46세,경상
2697,2019062700100532,2019년 6월 27일 18시,목요일,인천광역시 서구 가정동,경상사고,0,0,1,0,차대사람 - 횡단중,안전운전불이행,포장 - 건조,맑음,단일로 - 기타,승용,여,48세,상해없음,보행자,여,61세,경상