,사고번호,사고일시,요일,시군구,사고내용,사망자수,중상자수,경상자수,부상신고자수,사고유형,법규위반,노면상태,기상상태,도로형태,가해운전자 차종,가해운전자 성별,가해운전자 연령,가해운전자 상해정도,피해운전자 차종,피해운전자 성별,피해운전자 연령,피해운전자 상해정도
3147,2019092600100274,2019년 9월 26일 12시,목요일,인천광역시 서구 가좌동,경상사고,0,0,1,0,차대사람 - 횡단중,안전운전불이행,포장 - 건조,맑음,단일로 - 기타,승용,남,62세,상해없음,보행자,여,57세,경상
3148,2019092600100275,2019년 9월 26일 12시,목요일,인천광역시 남동구 남촌동,중상사고,0,1,0,0,차대사람 - 길가장자리구역통행중,안전운전불이행,포장 - 건조,맑음,단일로 - 기타,화물,남,65세,상해없음,보행자,남,51세,중상
3149,2019092600100510,2019년 9월 26일 18시,목요일,인천광역시 서구 검암동,경상사고,0,0,1,0,차대사람 - 기타,안전운전불이행,포장 - 건조,맑음,단일로 - 기타,승용,여,30세,상해없음,보행자,남,57세,경상
3150,2019092600100564,2019년 9월 26일 19시,목요일,인천광역시 부평구 부평동,경상사고,0,0,1,0,차대사람 - 횡단중,신호위반,포장 - 건조,맑음,단일로 - 기타,이륜,남,29세,상해없음,보행자,남,77세,경상
3151,2019092600100592,2019년 9월 26일 20시,목요일,인천광역시 미추홀구 주안동,경상사고,0,0,1,0,차대사람 - 길가장자리구역통행중,안전운전불이행,포장 - 건조,맑음,단일로 - 기타,승용,남,38세,상해없음,보행자,남,43세,경상
3152,2019092700100051,2019년 9월 27일 01시,금요일,인천광역시 옹진군 영흥면,부상신고사고,0,0,0,1,차대사람 - 기타,안전운전불이행,포장 - 건조,맑음,단일로 - 교량,승용,남,50세,상해없음,보행자,여,31세,부상신고
3153,2019092700100135,2019년 9월 27일 07시,금요일,인천광역시 중구 북성동1가,중상사고,0,1,0,0,차대사람 - 횡단중,보행자보호의무위반,포장 - 건조,맑음,교차로 - 교차로횡단보도내,승합,남,66세,상해없음,보행자,남,51세,중상
3154,2019092700100176,2019년 9월 27일 08시,금요일,인천광역시 연수구 옥련동,중상사고,0,1,0,0,차대사람 - 횡단중,신호위반,포장 - 건조,맑음,교차로 - 교차로횡단보도내,자전거,남,12세,상해없음,보행자,여,7세,중상
3155,2019092700100220,2019년 9월 27일 09시,금요일,인천광역시 중구 신흥동3가,경상사고,0,0,1,0,차대사람 - 기타,안전운전불이행,포장 - 건조,맑음,단일로 - 기타,화물,남,60세,상해없음,보행자,여,57세,경상
3156,2019092700100402,2019년 9월 27일 14시,금요일,인천광역시 미추홀구 숭의동,부상신고사고,0,0,0,1,차대사람 - 기타,안전운전불이행,포장 - 건조,맑음,교차로 - 교차로횡단보도내,기타불명,기타불명,미분류,기타불명,보행자,남,64세,부상신고
3157,2019092700100403,2019년 9월 27일 14시,금요일,인천광역시 계양구 효성동,경상사고,0,0,2,0,차대사람 - 보도통행중,보행자보호의무위반,포장 - 건조,맑음,교차로 - 교차로횡단보도내,승용,남,60세,상해없음,보행자,남,10세,경상
3158,2019092700100530,2019년 9월 27일 17시,금요일,인천광역시 서구 왕길동,경상사고,0,0,1,0,차대사람 - 차도통행중,기타,포장 - 건조,맑음,교차로 - 교차로부근,승용,남,50세,상해없음,보행자,남,6세,경상
3159,2019092700100531,2019년 9월 27일 17시,금요일,인천광역시 연수구 동춘동,중상사고,0,1,0,0,차대사람 - 횡단중,신호위반,포장 - 건조,맑음,교차로 - 교차로횡단보도내,이륜,남,59세,상해없음,보행자,남,67세,중상
3160,2019092700100637,2019년 9월 27일 19시,금요일,인천광역시 중구 운남동,부상신고사고,0,0,0,1,차대사람 - 기타,신호위반,포장 - 건조,맑음,단일로 - 기타,원동기,남,24세,상해없음,보행자,남,58세,부상신고
3161,2019092800100055,2019년 9월 28일 00시,토요일,인천광역시 강화군 길상면,중상사고,0,1,0,0,차대사람 - 길가장자리구역통행중,안전운전불이행,포장 - 건조,맑음,단일로 - 기타,화물,남,42세,상해없음,보행자,남,51세,중상
3162,2019092800100248,2019년 9월 28일 10시,토요일,인천광역시 강화군 강화읍,중상사고,0,1,0,0,차대사람 - 차도통행중,안전운전불이행,포장 - 건조,맑음,단일로 - 기타,승용,여,61세,상해없음,보행자,여,69세,중상
3163,2019092800100288,2019년 9월 28일 11시,토요일,인천광역시 계양구 계산동,경상사고,0,0,1,0,차대사람 - 차도통행중,안전운전불이행,포장 - 건조,맑음,단일로 - 기타,승용,남,43세,상해없음,보행자,여,37세,경상
3164,2019092800100289,2019년 9월 28일 11시,토요일,인천광역시 부평구 부평동,경상사고,0,0,1,0,차대사람 - 기타,안전운전불이행,포장 - 건조,맑음,교차로 - 교차로횡단보도내,승용,여,40세,상해없음,보행자,여,68세,경상
3165,2019092800100479,2019년 9월 28일 15시,토요일,인천광역시 연수구 송도동,경상사고,0,0,1,0,차대사람 - 횡단중,보행자보호의무위반,포장 - 건조,맑음,교차로 - 교차로횡단보도내,승용,남,38세,상해없음,보행자,남,27세,경상
3166,2019092800100554,2019년 9월 28일 17시,토요일,인천광역시 미추홀구 학익동,부상신고사고,0,0,0,1,차대사람 - 기타,안전운전불이행,포장 - 건조,맑음,교차로 - 교차로안,승용,남,72세,상해없음,보행자,남,13세,부상신고
3167,2019092800100555,2019년 9월 28일 17시,토요일,인천광역시 남동구 장수동,중상사고,0,1,0,0,차대사람 - 횡단중,안전운전불이행,포장 - 건조,맑음,교차로 - 교차로부근,승용,남,54세,상해없음,보행자,여,54세,중상
3168,2019092800100720,2019년 9월 28일 21시,토요일,인천광역시 미추홀구 도화동,부상신고사고,0,0,0,1,차대사람 - 기타,안전운전불이행,포장 - 건조,맑음,단일로 - 기타,기타불명,기타불명,미분류,기타불명,보행자,남,50세,부상신고
3169,2019092800100780,2019년 9월 28일 23시,토요일,인천광역시 남동구 논현동,중상사고,0,1,0,0,차대사람 - 횡단중,보행자보호의무위반,포장 - 건조,맑음,교차로 - 교차로부근,승용,여,19세,상해없음,보행자,여,44세,중상
3170,2019092900100147,2019년 9월 29일 09시,일요일,인천광역시 연수구 옥련동,중상사고,0,1,0,0,차대사람 - 차도통행중,신호위반,포장 - 건조,맑음,단일로 - 기타,승용,남,50세,상해없음,보행자,여,60세,중상
3171,2019092900100230,2019년 9월 29일 12시,일요일,인천광역시 계양구 장기동,경상사고,0,0,1,0,차대사람 - 기타,안전운전불이행,포장 - 건조,맑음,주차장 - 주차장,승용,남,67세,상해없음,보행자,여,53세,경상
3172,2019092900100255,2019년 9월 29일 13시,일요일,인천광역시 미추홀구 주안동,경상사고,0,0,1,0,차대사람 - 기타,기타,포장 - 건조,맑음,단일로 - 기타,자전거,남,47세,상해없음,보행자,남,30세,경상
3173,2019092900100496,2019년 9월 29일 19시,일요일,인천광역시 서구 마전동,중상사고,0,1,0,0,차대사람 - 횡단중,안전운전불이행,포장 - 건조,맑음,단일로 - 기타,화물,남,55세,상해없음,보행자,여,78세,중상
3174,2019092900100576,2019년 9월 29일 22시,일요일,인천광역시 서구 연희동,중상사고,0,1,0,0,차대사람 - 차도통행중,안전운전불이행,포장 - 젖음/습기,비,단일로 - 기타,개인형이동수단(PM),남,38세,기타불명,보행자,남,53세,중상
3175,2019093000100035,2019년 9월 30일 01시,월요일,인천광역시 남동구 간석동,사망사고,1,0,0,0,차대사람 - 차도통행중,과속,포장 - 건조,맑음,단일로 - 기타,승용,남,48세,상해없음,보행자,남,62세,사망
3176,2019093000100229,2019년 9월 30일 10시,월요일,인천광역시 부평구 부개동,경상사고,0,0,1,0,차대사람 - 차도통행중,안전운전불이행,포장 - 건조,맑음,단일로 - 기타,화물,남,52세,상해없음,보행자,남,54세,경상
3177,2019093000100302,2019년 9월 30일 12시,월요일,인천광역시 부평구 산곡동,중상사고,0,1,0,0,차대사람 - 횡단중,보행자보호의무위반,포장 - 건조,맑음,교차로 - 교차로횡단보도내,승용,남,65세,상해없음,보행자,여,68세,중상
3178,2019093000100303,2019년 9월 30일 12시,월요일,인천광역시 연수구 연수동,부상신고사고,0,0,0,1,차대사람 - 횡단중,안전운전불이행,포장 - 건조,맑음,교차로 - 교차로횡단보도내,화물,남,61세,상해없음,보행자,여,71세,부상신고
3179,2019093000100340,2019년 9월 30일 13시,월요일,인천광역시 미추홀구 주안동,경상사고,0,0,1,0,차대사람 - 기타,안전운전불이행,포장 - 건조,맑음,교차로 - 교차로부근,승용,남,77세,상해없음,보행자,여,46세,경상
3180,2019093000100378,2019년 9월 30일 14시,월요일,인천광역시 서구 청라동,중상사고,0,1,0,0,차대사람 - 기타,안전운전불이행,포장 - 건조,맑음,단일로 - 기타,승합,남,58세,기타불명,보행자,여,86세,중상
3181,2019100100100077,2019년 10월 1일 05시,화요일,인천광역시 서구 신현동,중상사고,0,1,0,0,차대사람 - 기타,안전운전불이행,포장 - 건조,맑음,교차로 - 교차로부근,승용,여,49세,상해없음,보행자,여,58세,중상
3182,2019100100100118,2019년 10월 1일 07시,화요일,인천광역시 부평구 부평동,경상사고,0,0,1,0,차대사람 - 차도통행중,안전운전불이행,포장 - 건조,맑음,단일로 - 기타,승용,여,25세,상해없음,보행자,남,37세,경상
3183,2019100100100400,2019년 10월 1일 15시,화요일,인천광역시 서구 신현동,경상사고,0,0,1,0,차대사람 - 횡단중,기타,포장 - 건조,맑음,교차로 - 교차로안,승용,남,60세,상해없음,보행자,남,11세,경상
3184,2019100100100485,2019년 10월 1일 17시,화요일,인천광역시 남동구 구월동,경상사고,0,0,1,0,차대사람 - 기타,안전운전불이행,포장 - 건조,맑음,단일로 - 기타,승용,남,58세,상해없음,보행자,여,37세,경상
3185,2019100100100665,2019년 10월 1일 21시,화요일,인천광역시 옹진군 영흥면,경상사고,0,0,1,0,차대사람 - 차도통행중,안전운전불이행,포장 - 건조,맑음,단일로 - 기타,승용,여,61세,상해없음,보행자,여,37세,경상
3186,2019100100100668,2019년 10월 1일 21시,화요일,인천광역시 부평구 부평동,경상사고,0,0,1,0,차대사람 - 기타,안전운전불이행,포장 - 건조,맑음,교차로 - 교차로부근,승용,남,59세,상해없음,보행자,남,24세,경상
3187,2019100200100099,2019년 10월 2일 06시,수요일,인천광역시 중구 답동,경상사고,0,0,1,0,차대사람 - 횡단중,신호위반,포장 - 건조,맑음,교차로 - 교차로횡단보도내,승용,여,67세,상해없음,보행자,남,47세,경상
3188,2019100200100100,2019년 10월 2일 06시,수요일,인천광역시 중구 운서동,경상사고,0,0,1,0,차대사람 - 횡단중,신호위반,포장 - 건조,맑음,교차로 - 교차로안,승용,남,71세,상해없음,보행자,여,23세,경상
3189,2019100200100118,2019년 10월 2일 07시,수요일,인천광역시 미추홀구 주안동,경상사고,0,0,1,0,차대사람 - 보도통행중,기타,포장 - 건조,맑음,단일로 - 기타,승용,남,26세,상해없음,보행자,남,35세,경상
3190,2019100200100119,2019년 10월 2일 07시,수요일,인천광역시 부평구 부평동,경상사고,0,0,1,0,차대사람 - 기타,안전운전불이행,포장 - 건조,맑음,단일로 - 기타,승용,남,40세,상해없음,보행자,여,22세,경상
3191,2019100200100165,2019년 10월 2일 08시,수요일,인천광역시 미추홀구 용현동,중상사고,0,1,0,0,차대사람 - 횡단중,안전운전불이행,포장 - 건조,맑음,교차로 - 교차로안,승합,남,33세,상해없음,보행자,남,61세,중상
3192,2019100200100313,2019년 10월 2일 12시,수요일,인천광역시 남동구 간석동,경상사고,0,0,1,0,차대사람 - 기타,안전운전불이행,포장 - 건조,맑음,단일로 - 기타,승용,여,45세,상해없음,보행자,남,77세,경상
3193,2019100200100525,2019년 10월 2일 17시,수요일,인천광역시 미추홀구 용현동,부상신고사고,0,0,0,1,차대사람 - 횡단중,안전운전불이행,포장 - 젖음/습기,비,단일로 - 기타,기타불명,기타불명,미분류,기타불명,보행자,남,12세,부상신고
3194,2019100200100526,2019년 10월 2일 17시,수요일,인천광역시 연수구 송도동,경상사고,0,0,1,0,차대사람 - 차도통행중,안전운전불이행,포장 - 젖음/습기,비,단일로 - 기타,승용,남,48세,상해없음,보행자,남,14세,경상
3195,2019100200100615,2019년 10월 2일 18시,수요일,인천광역시 미추홀구 도화동,경상사고,0,0,1,0,차대사람 - 횡단중,안전운전불이행,포장 - 젖음/습기,비,단일로 - 기타,승용,남,66세,상해없음,보행자,남,13세,경상
3196,2019100200100699,2019년 10월 2일 19시,수요일,인천광역시 중구 중산동,경상사고,0,0,1,0,차대사람 - 보도통행중,보행자보호의무위반,포장 - 젖음/습기,비,단일로 - 기타,원동기,남,53세,상해없음,보행자,남,13세,경상
3197,2019100200100785,2019년 10월 2일 20시,수요일,인천광역시 계양구 하야동,중상사고,0,1,0,0,차대사람 - 횡단중,보행자보호의무위반,포장 - 젖음/습기,비,교차로 - 교차로안,승용,남,45세,상해없음,보행자,남,81세,중상
3198,2019100200100882,2019년 10월 2일 22시,수요일,인천광역시 남동구 논현동,경상사고,0,0,1,0,차대사람 - 기타,안전운전불이행,포장 - 건조,맑음,단일로 - 기타,승용,남,51세,상해없음,보행자,남,34세,경상
3199,2019100300100056,2019년 10월 3일 00시,목요일,인천광역시 남동구 구월동,사망사고,1,0,0,0,차대사람 - 횡단중,과속,포장 - 젖음/습기,비,단일로 - 기타,승용,남,54세,상해없음,보행자,남,52세,사망
3200,2019100300100059,2019년 10월 3일 00시,목요일,인천광역시 연수구 청학동,중상사고,0,1,0,0,차대사람 - 보도통행중,안전운전불이행,포장 - 젖음/습기,맑음,교차로 - 교차로부근,승용,남,39세,상해없음,보행자,남,49세,중상
3201,2019100300100119,2019년 10월 3일 02시,목요일,인천광역시 남동구 만수동,사망사고,1,0,0,0,차대사람 - 횡단중,과속,포장 - 젖음/습기,비,교차로 - 교차로부근,승용,남,60세,상해없음,보행자,여,23세,사망
3202,2019100300100193,2019년 10월 3일 07시,목요일,인천광역시 동구 송림동,중상사고,0,1,0,0,차대사람 - 횡단중,신호위반,포장 - 건조,맑음,단일로 - 기타,승용,남,52세,상해없음,보행자,남,65세,중상
3203,2019100300100295,2019년 10월 3일 12시,목요일,인천광역시 부평구 부평동,경상사고,0,0,1,0,차대사람 - 차도통행중,안전운전불이행,포장 - 건조,맑음,단일로 - 기타,승용,여,65세,상해없음,보행자,여,19세,경상
3204,2019100300100400,2019년 10월 3일 15시,목요일,인천광역시 남동구 구월동,경상사고,0,0,1,0,차대사람 - 기타,안전운전불이행,포장 - 건조,맑음,교차로 - 교차로안,기타불명,기타불명,미분류,기타불명,보행자,여,28세,경상
3205,2019100300100429,2019년 10월 3일 16시,목요일,인천광역시 남동구 구월동,중상사고,0,1,0,0,차대사람 - 횡단중,보행자보호의무위반,포장 - 건조,맑음,교차로 - 교차로횡단보도내,화물,남,25세,상해없음,보행자,여,77세,중상
3206,2019100300100469,2019년 10월 3일 17시,목요일,인천광역시 연수구 연수동,경상사고,0,0,1,0,차대사람 - 기타,안전운전불이행,포장 - 건조,맑음,단일로 - 기타,승용,남,49세,상해없음,보행자,남,60세,경상
3207,2019100300100553,2019년 10월 3일 20시,목요일,인천광역시 계양구 효성동,경상사고,0,0,1,0,차대사람 - 보도통행중,안전운전불이행,포장 - 건조,맑음,단일로 - 기타,승용,남,53세,상해없음,보행자,여,60세,경상
3208,2019100400100263,2019년 10월 4일 11시,금요일,인천광역시 중구 신흥동3가,중상사고,0,1,0,0,차대사람 - 횡단중,신호위반,포장 - 건조,맑음,교차로 - 교차로횡단보도내,승합,남,76세,상해없음,보행자,여,23세,중상
3209,2019100400100411,2019년 10월 4일 14시,금요일,인천광역시 부평구 산곡동,중상사고,0,1,0,0,차대사람 - 횡단중,보행자보호의무위반,포장 - 건조,맑음,교차로 - 교차로횡단보도내,이륜,남,28세,상해없음,보행자,여,88세,중상
3210,2019100400100596,2019년 10월 4일 18시,금요일,인천광역시 서구 석남동,중상사고,0,1,0,0,차대사람 - 기타,안전운전불이행,포장 - 건조,맑음,단일로 - 기타,승용,남,35세,상해없음,보행자,여,57세,중상
3211,2019100400100654,2019년 10월 4일 19시,금요일,인천광역시 미추홀구 관교동,중상사고,0,1,0,0,차대사람 - 기타,안전운전불이행,포장 - 건조,맑음,기타 - 기타,승합,남,51세,상해없음,보행자,여,55세,중상
3212,2019100400100656,2019년 10월 4일 19시,금요일,인천광역시 서구 왕길동,중상사고,0,1,0,0,차대사람 - 기타,안전운전불이행,포장 - 건조,맑음,단일로 - 기타,승용,여,48세,상해없음,보행자,남,39세,중상
3213,2019100400100657,2019년 10월 4일 19시,금요일,인천광역시 서구 왕길동,경상사고,0,0,1,0,차대사람 - 횡단중,안전운전불이행,포장 - 건조,맑음,교차로 - 교차로부근,기타불명,기타불명,미분류,기타불명,보행자,남,23세,경상
3214,2019100400100658,2019년 10월 4일 19시,금요일,인천광역시 남동구 고잔동,중상사고,0,1,0,0,차대사람 - 횡단중,보행자보호의무위반,포장 - 건조,맑음,교차로 - 교차로횡단보도내,화물,남,43세,상해없음,보행자,남,40세,중상
3215,2019100400100714,2019년 10월 4일 21시,금요일,인천광역시 서구 가정동,중상사고,0,1,0,0,차대사람 - 기타,안전운전불이행,포장 - 건조,맑음,교차로 - 교차로부근,승용,여,41세,상해없음,보행자,남,52세,중상
3216,2019100400100767,2019년 10월 4일 23시,금요일,인천광역시 미추홀구 도화동,중상사고,0,1,0,0,차대사람 - 횡단중,신호위반,포장 - 건조,맑음,교차로 - 교차로안,승용,남,49세,상해없음,보행자,여,38세,중상
3217,2019100500100031,2019년 10월 5일 00시,토요일,인천광역시 부평구 삼산동,경상사고,0,0,1,0,차대사람 - 횡단중,보행자보호의무위반,포장 - 건조,맑음,교차로 - 교차로횡단보도내,기타불명,기타불명,미분류,기타불명,보행자,남,35세,경상
3218,2019100500100334,2019년 10월 5일 14시,토요일,인천광역시 중구 운서동,경상사고,0,0,1,0,차대사람 - 차도통행중,안전운전불이행,포장 - 건조,맑음,단일로 - 기타,승용,여,45세,상해없음,보행자,남,7세,경상
3219,2019100500100365,2019년 10월 5일 15시,토요일,인천광역시 계양구 작전동,경상사고,0,0,1,0,차대사람 - 기타,안전운전불이행,포장 - 건조,맑음,기타 - 기타,화물,남,40세,상해없음,보행자,남,59세,경상
3220,2019100500100426,2019년 10월 5일 17시,토요일,인천광역시 남동구 구월동,경상사고,0,0,1,0,차대사람 - 기타,안전운전불이행,포장 - 건조,맑음,교차로 - 교차로안,기타불명,기타불명,미분류,기타불명,보행자,여,14세,경상
3221,2019100600100251,2019년 10월 6일 13시,일요일,인천광역시 미추홀구 주안동,경상사고,0,0,1,0,차대사람 - 길가장자리구역통행중,안전운전불이행,포장 - 건조,맑음,단일로 - 기타,승용,남,58세,상해없음,보행자,남,63세,경상
3222,2019100600100375,2019년 10월 6일 17시,일요일,인천광역시 미추홀구 주안동,중상사고,0,1,0,0,차대사람 - 차도통행중,안전운전불이행,포장 - 건조,맑음,단일로 - 기타,승용,남,46세,상해없음,보행자,남,59세,중상
3223,2019100600100419,2019년 10월 6일 18시,일요일,인천광역시 강화군 강화읍,경상사고,0,0,1,0,차대사람 - 길가장자리구역통행중,교차로운행방법위반,포장 - 건조,맑음,기타 - 기타,화물,남,60세,상해없음,보행자,남,74세,경상
3224,2019100600100446,2019년 10월 6일 19시,일요일,인천광역시 서구 연희동,중상사고,0,1,0,0,차대사람 - 길가장자리구역통행중,불법유턴,포장 - 건조,맑음,단일로 - 기타,승용,여,52세,기타불명,보행자,남,51세,중상
3225,2019100700100184,2019년 10월 7일 08시,월요일,인천광역시 미추홀구 용현동,중상사고,0,1,0,0,차대사람 - 기타,신호위반,포장 - 젖음/습기,비,교차로 - 교차로안,승용,남,37세,상해없음,보행자,남,88세,중상
3226,2019100700100218,2019년 10월 7일 09시,월요일,인천광역시 동구 송림동,경상사고,0,0,1,0,차대사람 - 기타,안전운전불이행,포장 - 건조,맑음,기타 - 기타,승합,남,40세,상해없음,보행자,남,54세,경상
3227,2019100700100703,2019년 10월 7일 22시,월요일,인천광역시 미추홀구 주안동,중상사고,0,1,0,0,차대사람 - 횡단중,보행자보호의무위반,포장 - 건조,맑음,교차로 - 교차로횡단보도내,승용,여,23세,상해없음,보행자,여,56세,중상
3228,2019100700100721,2019년 10월 7일 23시,월요일,인천광역시 서구 청라동,경상사고,0,0,1,0,차대사람 - 기타,안전운전불이행,포장 - 건조,맑음,기타 - 기타,승용,남,31세,상해없음,보행자,남,49세,경상
3229,2019100800100061,2019년 10월 8일 02시,화요일,인천광역시 미추홀구 주안동,부상신고사고,0,0,0,1,차대사람 - 기타,안전운전불이행,포장 - 건조,맑음,단일로 - 기타,기타불명,기타불명,미분류,기타불명,보행자,여,27세,부상신고
3230,2019100800100283,2019년 10월 8일 11시,화요일,인천광역시 남동구 논현동,중상사고,0,1,0,0,차대사람 - 횡단중,보행자보호의무위반,포장 - 건조,맑음,교차로 - 교차로횡단보도내,승용,남,62세,상해없음,보행자,남,85세,중상
3231,2019100800100388,2019년 10월 8일 14시,화요일,인천광역시 미추홀구 주안동,부상신고사고,0,0,0,1,차대사람 - 길가장자리구역통행중,안전운전불이행,포장 - 건조,맑음,단일로 - 기타,승합,남,62세,상해없음,보행자,여,12세,부상신고
3232,2019100800100475,2019년 10월 8일 16시,화요일,인천광역시 동구 화수동,경상사고,0,0,1,0,차대사람 - 횡단중,신호위반,포장 - 건조,맑음,교차로 - 교차로안,승용,여,48세,상해없음,보행자,남,13세,경상
3233,2019100800100698,2019년 10월 8일 20시,화요일,인천광역시 부평구 부평동,경상사고,0,0,1,0,차대사람 - 기타,안전운전불이행,포장 - 건조,맑음,단일로 - 기타,기타불명,기타불명,미분류,기타불명,보행자,여,46세,경상
3234,2019100800100764,2019년 10월 8일 22시,화요일,인천광역시 부평구 부평동,중상사고,0,1,0,0,차대사람 - 횡단중,보행자보호의무위반,포장 - 건조,맑음,교차로 - 교차로부근,승합,남,67세,상해없음,보행자,여,31세,중상
3235,2019100900100104,2019년 10월 9일 05시,수요일,인천광역시 미추홀구 주안동,부상신고사고,0,0,0,1,차대사람 - 기타,안전운전불이행,포장 - 건조,맑음,교차로 - 교차로안,기타불명,기타불명,미분류,기타불명,보행자,남,34세,부상신고
3236,2019100900100185,2019년 10월 9일 09시,수요일,인천광역시 미추홀구 용현동,경상사고,0,0,1,0,차대사람 - 기타,안전운전불이행,포장 - 건조,맑음,단일로 - 기타,승용,여,31세,상해없음,보행자,여,39세,경상
3237,2019100900100243,2019년 10월 9일 11시,수요일,인천광역시 서구 연희동,중상사고,0,1,0,0,차대사람 - 횡단중,기타,포장 - 건조,맑음,기타 - 기타,화물,남,27세,상해없음,보행자,남,71세,중상
3238,2019100900100384,2019년 10월 9일 15시,수요일,인천광역시 계양구 계산동,중상사고,0,1,0,0,차대사람 - 횡단중,안전운전불이행,포장 - 건조,맑음,단일로 - 기타,승용,남,54세,상해없음,보행자,여,46세,중상
3239,2019100900100462,2019년 10월 9일 17시,수요일,인천광역시 서구 석남동,중상사고,0,1,0,0,차대사람 - 차도통행중,안전운전불이행,포장 - 건조,맑음,교차로 - 교차로횡단보도내,승용,남,31세,상해없음,보행자,남,48세,중상
3240,2019100900100636,2019년 10월 9일 22시,수요일,인천광역시 강화군 강화읍,중상사고,0,1,0,0,차대사람 - 길가장자리구역통행중,안전운전불이행,포장 - 건조,맑음,교차로 - 교차로부근,승용,남,47세,상해없음,보행자,여,74세,중상
3241,2019100900100655,2019년 10월 9일 23시,수요일,인천광역시 부평구 부평동,경상사고,0,0,1,0,차대사람 - 차도통행중,안전운전불이행,포장 - 건조,맑음,단일로 - 기타,기타불명,기타불명,미분류,기타불명,보행자,남,40세,경상
3242,2019101000100224,2019년 10월 10일 10시,목요일,인천광역시 미추홀구 도화동,경상사고,0,0,1,0,차대사람 - 기타,안전운전불이행,포장 - 건조,맑음,단일로 - 기타,화물,남,52세,상해없음,보행자,남,75세,경상
3243,2019101000100378,2019년 10월 10일 14시,목요일,인천광역시 미추홀구 도화동,중상사고,0,1,0,0,차대사람 - 횡단중,보행자보호의무위반,포장 - 건조,맑음,교차로 - 교차로안,화물,남,45세,상해없음,보행자,남,66세,중상
3244,2019101000100379,2019년 10월 10일 14시,목요일,인천광역시 서구 가정동,경상사고,0,0,1,0,차대사람 - 기타,안전운전불이행,포장 - 건조,맑음,단일로 - 기타,승용,남,61세,상해없음,보행자,여,55세,경상
3245,2019101000100469,2019년 10월 10일 16시,목요일,인천광역시 서구 심곡동,사망사고,1,0,0,0,차대사람 - 횡단중,보행자보호의무위반,포장 - 건조,맑음,교차로 - 교차로횡단보도내,화물,남,49세,상해없음,보행자,여,84세,사망
3246,2019101000100618,2019년 10월 10일 19시,목요일,인천광역시 부평구 부평동,부상신고사고,0,0,0,1,차대사람 - 횡단중,안전운전불이행,포장 - 건조,흐림,교차로 - 교차로부근,기타불명,기타불명,미분류,기타불명,보행자,남,54세,부상신고
3247,2019101000100619,2019년 10월 10일 19시,목요일,인천광역시 남동구 간석동,중상사고,0,1,0,0,차대사람 - 횡단중,보행자보호의무위반,포장 - 건조,맑음,교차로 - 교차로횡단보도내,승용,여,43세,상해없음,보행자,남,64세,중상
3248,2019101000100689,2019년 10월 10일 21시,목요일,인천광역시 미추홀구 주안동,부상신고사고,0,0,0,1,차대사람 - 기타,안전운전불이행,포장 - 건조,맑음,단일로 - 기타,기타불명,기타불명,미분류,기타불명,보행자,남,51세,부상신고
3249,2019101100100073,2019년 10월 11일 03시,금요일,인천광역시 중구 운남동,부상신고사고,0,0,0,1,차대사람 - 기타,안전운전불이행,포장 - 건조,맑음,단일로 - 기타,기타불명,기타불명,미분류,기타불명,보행자,남,30세,부상신고
3250,2019101100100101,2019년 10월 11일 06시,금요일,인천광역시 옹진군 백령면,사망사고,1,1,0,0,차대사람 - 차도통행중,안전운전불이행,포장 - 건조,기타,단일로 - 기타,승용,남,65세,상해없음,보행자,남,72세,사망
3251,2019101100100379,2019년 10월 11일 14시,금요일,인천광역시 미추홀구 숭의동,경상사고,0,0,1,0,차대사람 - 횡단중,안전운전불이행,포장 - 건조,맑음,교차로 - 교차로안,승용,남,68세,상해없음,보행자,여,7세,경상
3252,2019101100100424,2019년 10월 11일 15시,금요일,인천광역시 연수구 동춘동,경상사고,0,0,1,0,차대사람 - 차도통행중,보행자보호의무위반,포장 - 건조,맑음,교차로 - 교차로안,화물,남,72세,상해없음,보행자,여,8세,경상
3253,2019101100100605,2019년 10월 11일 18시,금요일,인천광역시 계양구 작전동,부상신고사고,0,0,0,1,차대사람 - 기타,안전운전불이행,포장 - 건조,맑음,단일로 - 기타,승용,남,31세,상해없음,보행자,여,37세,부상신고
3254,2019101200100060,2019년 10월 12일 01시,토요일,인천광역시 계양구 계산동,경상사고,0,0,1,0,차대사람 - 차도통행중,안전운전불이행,포장 - 건조,맑음,단일로 - 기타,승용,남,38세,상해없음,보행자,남,60세,경상
3255,2019101200100277,2019년 10월 12일 11시,토요일,인천광역시 미추홀구 주안동,부상신고사고,0,0,0,1,차대사람 - 횡단중,안전운전불이행,포장 - 건조,맑음,단일로 - 기타,기타불명,기타불명,미분류,기타불명,보행자,여,51세,부상신고
3256,2019101200100378,2019년 10월 12일 13시,토요일,인천광역시 계양구 작전동,경상사고,0,0,1,0,차대사람 - 기타,안전운전불이행,포장 - 건조,맑음,단일로 - 기타,개인형이동수단(PM),남,44세,상해없음,보행자,여,35세,경상
3257,2019101200100424,2019년 10월 12일 14시,토요일,인천광역시 남동구 간석동,중상사고,0,1,0,0,차대사람 - 횡단중,신호위반,포장 - 건조,맑음,교차로 - 교차로횡단보도내,화물,남,62세,상해없음,보행자,남,17세,중상