,사고번호,사고일시,요일,시군구,사고내용,사망자수,중상자수,경상자수,부상신고자수,사고유형,법규위반,노면상태,기상상태,도로형태,가해운전자 차종,가해운전자 성별,가해운전자 연령,가해운전자 상해정도,피해운전자 차종,피해운전자 성별,피해운전자 연령,피해운전자 상해정도
3369,2019110200100054,2019년 11월 2일 01시,토요일,인천광역시 미추홀구 주안동,경상사고,0,0,1,0,차대사람 - 기타,안전운전불이행,포장 - 건조,맑음,기타 - 기타,승용,남,39세,상해없음,보행자,남,28세,경상
3370,2019110200100293,2019년 11월 2일 11시,토요일,인천광역시 서구 검암동,경상사고,0,0,1,0,차대사람 - 횡단중,안전운전불이행,포장 - 건조,맑음,교차로 - 교차로부근,자전거,기타불명,미분류,기타불명,보행자,남,25세,경상
3371,2019110200100453,2019년 11월 2일 15시,토요일,인천광역시 미추홀구 용현동,경상사고,0,0,1,0,차대사람 - 기타,안전운전불이행,포장 - 건조,맑음,단일로 - 기타,승용,남,35세,상해없음,보행자,남,50세,경상
3372,2019110200100759,2019년 11월 2일 23시,토요일,인천광역시 부평구 십정동,경상사고,0,0,1,0,차대사람 - 길가장자리구역통행중,안전운전불이행,포장 - 건조,맑음,단일로 - 기타,기타불명,기타불명,미분류,기타불명,보행자,남,22세,경상
3373,2019110300100043,2019년 11월 3일 00시,일요일,인천광역시 미추홀구 주안동,부상신고사고,0,0,0,1,차대사람 - 기타,안전운전불이행,포장 - 건조,맑음,단일로 - 기타,승용,남,32세,상해없음,보행자,남,28세,부상신고
3374,2019110300100054,2019년 11월 3일 01시,일요일,인천광역시 미추홀구 주안동,중상사고,0,1,0,0,차대사람 - 횡단중,안전운전불이행,포장 - 건조,맑음,기타 - 기타,승용,남,59세,상해없음,보행자,여,53세,중상
3375,2019110300100143,2019년 11월 3일 09시,일요일,인천광역시 계양구 계산동,중상사고,0,1,0,0,차대사람 - 보도통행중,안전운전불이행,포장 - 건조,맑음,단일로 - 기타,승용,남,58세,상해없음,보행자,여,80세,중상
3376,2019110300100325,2019년 11월 3일 15시,일요일,인천광역시 부평구 부평동,중상사고,0,1,0,0,차대사람 - 횡단중,안전운전불이행,포장 - 건조,맑음,단일로 - 기타,이륜,남,46세,기타불명,보행자,남,86세,중상
3377,2019110300100432,2019년 11월 3일 18시,일요일,인천광역시 남동구 만수동,경상사고,0,0,1,0,차대사람 - 기타,안전운전불이행,포장 - 건조,맑음,교차로 - 교차로부근,승용,남,41세,상해없음,보행자,남,26세,경상
3378,2019110300100467,2019년 11월 3일 19시,일요일,인천광역시 미추홀구 주안동,경상사고,0,0,1,0,차대사람 - 횡단중,보행자보호의무위반,포장 - 건조,맑음,교차로 - 교차로횡단보도내,승용,남,34세,상해없음,보행자,남,57세,경상
3379,2019110400100177,2019년 11월 4일 08시,월요일,인천광역시 남동구 만수동,중상사고,0,1,0,0,차대사람 - 기타,안전운전불이행,포장 - 건조,맑음,교차로 - 교차로안,승합,남,45세,상해없음,보행자,남,13세,중상
3380,2019110400100178,2019년 11월 4일 08시,월요일,인천광역시 강화군 강화읍,경상사고,0,0,1,0,차대사람 - 횡단중,신호위반,포장 - 건조,맑음,교차로 - 교차로횡단보도내,승용,남,72세,상해없음,보행자,여,30세,경상
3381,2019110400100259,2019년 11월 4일 10시,월요일,인천광역시 서구 석남동,경상사고,0,0,1,0,차대사람 - 보도통행중,안전운전불이행,포장 - 건조,맑음,교차로 - 교차로부근,승용,남,77세,상해없음,보행자,여,24세,경상
3382,2019110500100264,2019년 11월 5일 10시,화요일,인천광역시 미추홀구 주안동,경상사고,0,0,1,0,차대사람 - 길가장자리구역통행중,안전운전불이행,포장 - 건조,맑음,기타 - 기타,승용,여,45세,상해없음,보행자,여,57세,경상
3383,2019110500100655,2019년 11월 5일 19시,화요일,인천광역시 부평구 십정동,경상사고,0,0,1,0,차대사람 - 보도통행중,보행자보호의무위반,포장 - 건조,맑음,단일로 - 기타,승용,남,35세,상해없음,보행자,여,43세,경상
3384,2019110500100737,2019년 11월 5일 22시,화요일,인천광역시 남동구 만수동,중상사고,0,1,0,0,차대사람 - 기타,안전운전불이행,포장 - 건조,맑음,단일로 - 기타,승용,여,58세,상해없음,보행자,여,29세,중상
3385,2019110600100058,2019년 11월 6일 03시,수요일,인천광역시 남동구 구월동,경상사고,0,0,1,0,차대사람 - 기타,기타,포장 - 건조,맑음,단일로 - 기타,승용,남,64세,상해없음,보행자,여,22세,경상
3386,2019110600100156,2019년 11월 6일 08시,수요일,인천광역시 미추홀구 숭의동,경상사고,0,0,1,0,차대사람 - 보도통행중,기타,포장 - 건조,맑음,단일로 - 기타,승용,남,51세,상해없음,보행자,여,24세,경상
3387,2019110600100238,2019년 11월 6일 10시,수요일,인천광역시 연수구 옥련동,중상사고,0,1,0,0,차대사람 - 기타,안전운전불이행,포장 - 건조,맑음,주차장 - 주차장,승용,남,38세,상해없음,보행자,남,61세,중상
3388,2019110600100340,2019년 11월 6일 13시,수요일,인천광역시 남동구 고잔동,경상사고,0,0,1,0,차대사람 - 횡단중,보행자보호의무위반,포장 - 건조,맑음,교차로 - 교차로부근,화물,남,48세,상해없음,보행자,남,47세,경상
3389,2019110600100381,2019년 11월 6일 14시,수요일,인천광역시 중구 선린동,중상사고,0,1,0,0,차대사람 - 횡단중,안전운전불이행,포장 - 건조,맑음,교차로 - 교차로횡단보도내,승합,남,24세,상해없음,보행자,여,77세,중상
3390,2019110600100526,2019년 11월 6일 17시,수요일,인천광역시 부평구 부평동,중상사고,0,1,0,0,차대사람 - 차도통행중,안전운전불이행,포장 - 건조,맑음,교차로 - 교차로부근,승용,남,42세,상해없음,보행자,여,36세,중상
3391,2019110700100060,2019년 11월 7일 04시,목요일,인천광역시 부평구 부평동,중상사고,0,1,0,0,차대사람 - 보도통행중,기타,포장 - 건조,맑음,단일로 - 기타,화물,남,59세,상해없음,보행자,남,25세,중상
3392,2019110700100113,2019년 11월 7일 07시,목요일,인천광역시 남동구 간석동,경상사고,0,0,1,0,차대사람 - 횡단중,안전운전불이행,포장 - 건조,맑음,단일로 - 기타,승용,남,58세,상해없음,보행자,남,30세,경상
3393,2019110700100168,2019년 11월 7일 08시,목요일,인천광역시 중구 항동7가,경상사고,0,0,1,0,차대사람 - 기타,안전운전불이행,포장 - 건조,맑음,교차로 - 교차로안,화물,남,65세,상해없음,보행자,여,56세,경상
3394,2019110700100360,2019년 11월 7일 13시,목요일,인천광역시 서구 가좌동,경상사고,0,0,1,0,차대사람 - 기타,안전운전불이행,포장 - 건조,맑음,단일로 - 기타,승용,남,23세,상해없음,보행자,남,28세,경상
3395,2019110700100594,2019년 11월 7일 18시,목요일,인천광역시 미추홀구 문학동,경상사고,0,0,1,0,차대사람 - 길가장자리구역통행중,안전운전불이행,포장 - 건조,맑음,교차로 - 교차로안,승용,남,45세,상해없음,보행자,여,29세,경상
3396,2019110700100721,2019년 11월 7일 21시,목요일,인천광역시 미추홀구 주안동,중상사고,0,1,0,0,차대사람 - 차도통행중,안전운전불이행,포장 - 건조,맑음,단일로 - 기타,승용,여,44세,상해없음,보행자,남,55세,중상
3397,2019110800100045,2019년 11월 8일 01시,금요일,인천광역시 중구 신흥동3가,중상사고,0,1,0,0,차대사람 - 횡단중,안전운전불이행,포장 - 건조,맑음,교차로 - 교차로안,승용,남,46세,상해없음,보행자,남,50세,중상
3398,2019110800100190,2019년 11월 8일 08시,금요일,인천광역시 미추홀구 주안동,경상사고,0,0,1,0,차대사람 - 횡단중,보행자보호의무위반,포장 - 건조,맑음,교차로 - 교차로횡단보도내,승용,여,47세,상해없음,보행자,여,43세,경상
3399,2019110800100309,2019년 11월 8일 11시,금요일,인천광역시 계양구 계산동,중상사고,0,1,0,0,차대사람 - 차도통행중,안전운전불이행,포장 - 건조,맑음,교차로 - 교차로안,승용,남,47세,상해없음,보행자,여,80세,중상
3400,2019110800100310,2019년 11월 8일 11시,금요일,인천광역시 계양구 계산동,중상사고,0,1,0,0,차대사람 - 기타,안전운전불이행,포장 - 건조,맑음,단일로 - 기타,승용,여,56세,상해없음,보행자,여,80세,중상
3401,2019110800100656,2019년 11월 8일 18시,금요일,인천광역시 동구 송현동,중상사고,0,1,0,0,차대사람 - 보도통행중,안전운전불이행,포장 - 건조,맑음,단일로 - 기타,승합,남,48세,상해없음,보행자,남,56세,중상
3402,2019110800100824,2019년 11월 8일 22시,금요일,인천광역시 남동구 논현동,경상사고,0,0,1,0,차대사람 - 차도통행중,안전운전불이행,포장 - 건조,맑음,교차로 - 교차로부근,기타불명,기타불명,미분류,기타불명,보행자,남,48세,경상
3403,2019110900100080,2019년 11월 9일 03시,토요일,인천광역시 남동구 구월동,경상사고,0,0,1,0,차대사람 - 길가장자리구역통행중,안전운전불이행,포장 - 건조,맑음,기타 - 기타,승용,남,46세,상해없음,보행자,남,26세,경상
3404,2019110900100199,2019년 11월 9일 09시,토요일,인천광역시 중구 중앙동4가,중상사고,0,1,0,0,차대사람 - 횡단중,보행자보호의무위반,포장 - 건조,맑음,교차로 - 교차로안,승용,남,66세,상해없음,보행자,여,83세,중상
3405,2019110900100201,2019년 11월 9일 09시,토요일,인천광역시 남동구 간석동,중상사고,0,1,0,0,차대사람 - 횡단중,보행자보호의무위반,포장 - 건조,맑음,교차로 - 교차로횡단보도내,승용,남,60세,상해없음,보행자,여,62세,중상
3406,2019110900100331,2019년 11월 9일 12시,토요일,인천광역시 계양구 효성동,경상사고,0,0,1,0,차대사람 - 기타,안전운전불이행,포장 - 건조,맑음,단일로 - 기타,승용,여,23세,상해없음,보행자,여,30세,경상
3407,2019110900100724,2019년 11월 9일 22시,토요일,인천광역시 서구 오류동,중상사고,0,1,0,0,차대사람 - 기타,안전운전불이행,포장 - 건조,맑음,교차로 - 교차로안,승용,남,41세,상해없음,보행자,남,41세,중상
3408,2019110900100737,2019년 11월 9일 23시,토요일,인천광역시 부평구 청천동,부상신고사고,0,0,0,1,차대사람 - 기타,안전운전불이행,포장 - 건조,맑음,단일로 - 기타,승용,남,38세,기타불명,보행자,남,25세,부상신고
3409,2019110900100739,2019년 11월 9일 23시,토요일,인천광역시 부평구 부평동,경상사고,0,0,1,0,차대사람 - 기타,안전운전불이행,포장 - 건조,맑음,단일로 - 기타,기타불명,기타불명,미분류,기타불명,보행자,여,25세,경상
3410,2019111000100064,2019년 11월 10일 02시,일요일,인천광역시 서구 가좌동,경상사고,0,0,1,0,차대사람 - 기타,안전운전불이행,포장 - 건조,맑음,단일로 - 기타,승용,남,57세,상해없음,보행자,남,57세,경상
3411,2019111000100080,2019년 11월 10일 03시,일요일,인천광역시 미추홀구 주안동,경상사고,0,0,1,0,차대사람 - 기타,안전운전불이행,포장 - 건조,맑음,단일로 - 기타,승용,남,20세,상해없음,보행자,남,22세,경상
3412,2019111000100106,2019년 11월 10일 06시,일요일,인천광역시 미추홀구 숭의동,중상사고,0,1,0,0,차대사람 - 횡단중,보행자보호의무위반,포장 - 건조,맑음,교차로 - 교차로횡단보도내,화물,남,51세,상해없음,보행자,여,61세,중상
3413,2019111000100124,2019년 11월 10일 07시,일요일,인천광역시 부평구 부평동,경상사고,0,0,1,0,차대사람 - 횡단중,신호위반,포장 - 건조,맑음,단일로 - 기타,이륜,남,24세,상해없음,보행자,남,56세,경상
3414,2019111000100313,2019년 11월 10일 15시,일요일,인천광역시 중구 용동,경상사고,0,0,1,0,차대사람 - 기타,안전운전불이행,포장 - 건조,맑음,단일로 - 기타,화물,남,49세,상해없음,보행자,남,77세,경상
3415,2019111000100431,2019년 11월 10일 18시,일요일,인천광역시 부평구 부평동,중상사고,0,1,0,0,차대사람 - 보도통행중,보행자보호의무위반,포장 - 젖음/습기,비,교차로 - 교차로부근,승용,남,25세,상해없음,보행자,여,49세,중상
3416,2019111000100626,2019년 11월 10일 22시,일요일,인천광역시 서구 청라동,경상사고,0,0,1,0,차대사람 - 기타,안전운전불이행,포장 - 젖음/습기,비,기타 - 기타,이륜,남,27세,상해없음,보행자,남,23세,경상
3417,2019111100100039,2019년 11월 11일 00시,월요일,인천광역시 미추홀구 숭의동,중상사고,0,1,0,0,차대사람 - 횡단중,안전운전불이행,포장 - 젖음/습기,비,교차로 - 교차로횡단보도내,이륜,남,38세,상해없음,보행자,여,39세,중상
3418,2019111100100126,2019년 11월 11일 07시,월요일,인천광역시 계양구 작전동,중상사고,0,1,0,0,차대사람 - 횡단중,보행자보호의무위반,포장 - 건조,흐림,교차로 - 교차로부근,승합,남,66세,상해없음,보행자,남,66세,중상
3419,2019111100100127,2019년 11월 11일 07시,월요일,인천광역시 강화군 양사면,경상사고,0,0,1,0,차대사람 - 기타,안전운전불이행,포장 - 건조,흐림,단일로 - 기타,승합,남,48세,상해없음,보행자,남,70세,경상
3420,2019111100100216,2019년 11월 11일 09시,월요일,인천광역시 계양구 병방동,중상사고,0,1,0,0,차대사람 - 횡단중,보행자보호의무위반,포장 - 건조,맑음,단일로 - 기타,승용,여,72세,상해없음,보행자,남,45세,중상
3421,2019111100100342,2019년 11월 11일 12시,월요일,인천광역시 부평구 삼산동,경상사고,0,0,1,0,차대사람 - 횡단중,보행자보호의무위반,포장 - 건조,맑음,교차로 - 교차로안,승용,여,48세,상해없음,보행자,남,24세,경상
3422,2019111100100343,2019년 11월 11일 12시,월요일,인천광역시 부평구 부평동,중상사고,0,1,0,0,차대사람 - 횡단중,보행자보호의무위반,포장 - 건조,맑음,교차로 - 교차로횡단보도내,승용,여,62세,상해없음,보행자,여,80세,중상
3423,2019111200100048,2019년 11월 12일 01시,화요일,인천광역시 계양구 계산동,중상사고,0,1,0,0,차대사람 - 횡단중,안전운전불이행,포장 - 건조,맑음,단일로 - 기타,승합,남,63세,상해없음,보행자,여,81세,중상
3424,2019111200100155,2019년 11월 12일 08시,화요일,인천광역시 부평구 청천동,경상사고,0,0,1,0,차대사람 - 길가장자리구역통행중,안전운전불이행,포장 - 건조,맑음,단일로 - 기타,승용,여,35세,상해없음,보행자,여,44세,경상
3425,2019111200100225,2019년 11월 12일 10시,화요일,인천광역시 남동구 만수동,중상사고,0,1,0,0,차대사람 - 기타,안전운전불이행,포장 - 건조,맑음,교차로 - 교차로안,승용,여,53세,상해없음,보행자,여,53세,중상
3426,2019111200100286,2019년 11월 12일 12시,화요일,인천광역시 서구 심곡동,경상사고,0,0,1,0,차대사람 - 기타,안전운전불이행,포장 - 건조,맑음,단일로 - 기타,승용,남,62세,상해없음,보행자,남,21세,경상
3427,2019111200100594,2019년 11월 12일 20시,화요일,인천광역시 남동구 구월동,경상사고,0,0,1,0,차대사람 - 횡단중,기타,포장 - 건조,맑음,단일로 - 기타,이륜,여,61세,상해없음,보행자,남,22세,경상
3428,2019111300100366,2019년 11월 13일 15시,수요일,인천광역시 남동구 만수동,중상사고,0,1,0,0,차대사람 - 횡단중,보행자보호의무위반,포장 - 젖음/습기,비,교차로 - 교차로횡단보도내,화물,남,46세,상해없음,보행자,여,55세,중상
3429,2019111300100368,2019년 11월 13일 15시,수요일,인천광역시 연수구 송도동,경상사고,0,0,1,1,차대사람 - 차도통행중,안전운전불이행,포장 - 젖음/습기,맑음,교차로 - 교차로안,승용,남,68세,상해없음,보행자,여,15세,경상
3430,2019111300100533,2019년 11월 13일 18시,수요일,인천광역시 남동구 구월동,경상사고,0,0,1,0,차대사람 - 보도통행중,보행자보호의무위반,포장 - 건조,맑음,교차로 - 교차로횡단보도내,승용,여,40세,상해없음,보행자,여,73세,경상
3431,2019111300100535,2019년 11월 13일 18시,수요일,인천광역시 서구 마전동,경상사고,0,0,1,0,차대사람 - 기타,안전운전불이행,포장 - 젖음/습기,비,교차로 - 교차로안,화물,남,52세,상해없음,보행자,남,55세,경상
3432,2019111300100536,2019년 11월 13일 18시,수요일,인천광역시 강화군 선원면,경상사고,0,0,1,0,차대사람 - 횡단중,신호위반,포장 - 건조,흐림,교차로 - 교차로횡단보도내,승용,여,58세,상해없음,보행자,남,63세,경상
3433,2019111300100713,2019년 11월 13일 22시,수요일,인천광역시 남동구 구월동,중상사고,0,1,0,0,차대사람 - 횡단중,보행자보호의무위반,포장 - 건조,맑음,교차로 - 교차로횡단보도내,승용,남,64세,상해없음,보행자,여,61세,중상
3434,2019111400100062,2019년 11월 14일 04시,목요일,인천광역시 미추홀구 주안동,중상사고,0,1,0,0,차대사람 - 기타,안전운전불이행,포장 - 건조,맑음,단일로 - 기타,화물,남,41세,상해없음,보행자,남,67세,중상
3435,2019111400100162,2019년 11월 14일 08시,목요일,인천광역시 강화군 강화읍,중상사고,0,1,0,0,차대사람 - 횡단중,보행자보호의무위반,포장 - 건조,맑음,단일로 - 기타,승용,남,60세,상해없음,보행자,여,82세,중상
3436,2019111400100448,2019년 11월 14일 15시,목요일,인천광역시 서구 마전동,경상사고,0,0,1,0,차대사람 - 횡단중,보행자보호의무위반,포장 - 건조,맑음,교차로 - 교차로횡단보도내,승용,여,47세,상해없음,보행자,여,8세,경상
3437,2019111400100502,2019년 11월 14일 16시,목요일,인천광역시 남동구 간석동,중상사고,0,1,0,0,차대사람 - 횡단중,보행자보호의무위반,포장 - 건조,맑음,교차로 - 교차로횡단보도내,승용,남,73세,상해없음,보행자,여,75세,중상
3438,2019111400100503,2019년 11월 14일 16시,목요일,인천광역시 계양구 병방동,경상사고,0,0,1,0,차대사람 - 기타,신호위반,포장 - 건조,맑음,단일로 - 기타,승용,남,78세,상해없음,보행자,여,7세,경상
3439,2019111400100566,2019년 11월 14일 17시,목요일,인천광역시 부평구 청천동,중상사고,0,1,0,0,차대사람 - 횡단중,안전운전불이행,포장 - 건조,맑음,교차로 - 교차로횡단보도내,화물,남,47세,상해없음,보행자,여,69세,중상
3440,2019111500100055,2019년 11월 15일 02시,금요일,인천광역시 연수구 송도동,중상사고,0,1,0,0,차대사람 - 횡단중,신호위반,포장 - 젖음/습기,흐림,교차로 - 교차로안,이륜,남,24세,상해없음,보행자,남,40세,중상
3441,2019111500100179,2019년 11월 15일 08시,금요일,인천광역시 연수구 동춘동,경상사고,0,0,1,0,차대사람 - 횡단중,보행자보호의무위반,포장 - 젖음/습기,비,교차로 - 교차로안,승합,남,60세,상해없음,보행자,남,84세,경상
3442,2019111500100274,2019년 11월 15일 10시,금요일,인천광역시 미추홀구 주안동,경상사고,0,0,1,0,차대사람 - 횡단중,안전운전불이행,포장 - 젖음/습기,비,교차로 - 교차로안,화물,남,66세,상해없음,보행자,남,28세,경상
3443,2019111500100455,2019년 11월 15일 14시,금요일,인천광역시 부평구 부평동,경상사고,0,0,1,0,차대사람 - 차도통행중,안전운전불이행,포장 - 젖음/습기,비,단일로 - 기타,이륜,남,57세,상해없음,보행자,남,25세,경상
3444,2019111500100498,2019년 11월 15일 15시,금요일,인천광역시 계양구 동양동,중상사고,0,1,0,0,차대사람 - 횡단중,보행자보호의무위반,포장 - 젖음/습기,흐림,교차로 - 교차로횡단보도내,승합,남,66세,상해없음,보행자,여,21세,중상
3445,2019111500100538,2019년 11월 15일 16시,금요일,인천광역시 남동구 구월동,경상사고,0,0,1,0,차대사람 - 보도통행중,기타,포장 - 젖음/습기,비,단일로 - 기타,승용,남,55세,상해없음,보행자,남,57세,경상
3446,2019111500100693,2019년 11월 15일 18시,금요일,인천광역시 미추홀구 도화동,경상사고,0,0,1,0,차대사람 - 횡단중,보행자보호의무위반,포장 - 건조,맑음,단일로 - 기타,승용,남,54세,상해없음,보행자,남,18세,경상
3447,2019111500100696,2019년 11월 15일 18시,금요일,인천광역시 서구 석남동,경상사고,0,0,1,0,차대사람 - 횡단중,보행자보호의무위반,포장 - 건조,맑음,교차로 - 교차로횡단보도내,승용,남,59세,상해없음,보행자,여,48세,경상
3448,2019111500100927,2019년 11월 15일 23시,금요일,인천광역시 남동구 간석동,경상사고,0,0,1,0,차대사람 - 횡단중,안전운전불이행,포장 - 건조,맑음,교차로 - 교차로부근,승용,남,28세,상해없음,보행자,여,26세,경상
3449,2019111600100161,2019년 11월 16일 08시,토요일,인천광역시 부평구 부평동,경상사고,0,0,1,0,차대사람 - 기타,안전운전불이행,포장 - 건조,맑음,단일로 - 기타,승용,남,26세,상해없음,보행자,여,39세,경상
3450,2019111600100426,2019년 11월 16일 15시,토요일,인천광역시 미추홀구 숭의동,부상신고사고,0,0,0,1,차대사람 - 기타,안전운전불이행,포장 - 건조,맑음,기타 - 기타,기타불명,기타불명,미분류,기타불명,보행자,남,45세,부상신고
3451,2019111600100569,2019년 11월 16일 18시,토요일,인천광역시 남동구 수산동,중상사고,0,1,0,0,차대사람 - 횡단중,보행자보호의무위반,포장 - 건조,맑음,교차로 - 교차로안,승용,남,58세,상해없음,보행자,남,46세,중상
3452,2019111600100723,2019년 11월 16일 23시,토요일,인천광역시 계양구 계산동,경상사고,0,0,1,0,차대사람 - 보도통행중,보행자보호의무위반,포장 - 젖음/습기,기타,단일로 - 기타,이륜,남,19세,상해없음,보행자,남,57세,경상
3453,2019111700100078,2019년 11월 17일 02시,일요일,인천광역시 미추홀구 주안동,경상사고,0,0,1,0,차대사람 - 기타,안전운전불이행,포장 - 건조,맑음,교차로 - 교차로부근,승용,남,22세,상해없음,보행자,남,33세,경상
3454,2019111700100368,2019년 11월 17일 17시,일요일,인천광역시 남동구 남촌동,경상사고,0,0,1,0,차대사람 - 횡단중,신호위반,포장 - 젖음/습기,비,교차로 - 교차로안,승용,남,62세,상해없음,보행자,여,60세,경상
3455,2019111700100369,2019년 11월 17일 17시,일요일,인천광역시 남동구 서창동,경상사고,0,0,1,0,차대사람 - 횡단중,중앙선침범,포장 - 젖음/습기,비,교차로 - 교차로안,승용,남,47세,상해없음,보행자,남,70세,경상
3456,2019111700100425,2019년 11월 17일 18시,일요일,인천광역시 연수구 동춘동,경상사고,0,0,1,0,차대사람 - 보도통행중,기타,포장 - 젖음/습기,맑음,단일로 - 기타,원동기,남,41세,상해없음,보행자,여,20세,경상
3457,2019111700100581,2019년 11월 17일 22시,일요일,인천광역시 계양구 용종동,중상사고,0,1,0,0,차대사람 - 기타,안전운전불이행,포장 - 젖음/습기,비,단일로 - 기타,승용,남,44세,상해없음,보행자,남,81세,중상
3458,2019111800100178,2019년 11월 18일 08시,월요일,인천광역시 남동구 구월동,경상사고,0,0,1,0,차대사람 - 기타,안전운전불이행,포장 - 건조,맑음,교차로 - 교차로안,승용,남,48세,상해없음,보행자,여,24세,경상
3459,2019111800100277,2019년 11월 18일 11시,월요일,인천광역시 부평구 부평동,중상사고,0,1,0,0,차대사람 - 횡단중,안전운전불이행,포장 - 건조,맑음,교차로 - 교차로횡단보도내,승용,남,60세,기타불명,보행자,여,65세,중상
3460,2019111800100458,2019년 11월 18일 16시,월요일,인천광역시 계양구 효성동,경상사고,0,0,1,0,차대사람 - 기타,안전운전불이행,포장 - 건조,맑음,기타 - 기타,승합,남,63세,상해없음,보행자,여,74세,경상
3461,2019111800100459,2019년 11월 18일 16시,월요일,인천광역시 계양구 상야동,경상사고,0,0,1,0,차대사람 - 횡단중,보행자보호의무위반,포장 - 건조,맑음,교차로 - 교차로안,승용,남,53세,상해없음,보행자,여,48세,경상
3462,2019111800100581,2019년 11월 18일 18시,월요일,인천광역시 부평구 부평동,경상사고,0,0,1,0,차대사람 - 횡단중,안전운전불이행,포장 - 건조,맑음,교차로 - 교차로부근,승합,남,63세,상해없음,보행자,남,48세,경상
3463,2019111800100582,2019년 11월 18일 18시,월요일,인천광역시 부평구 산곡동,중상사고,0,1,0,0,차대사람 - 차도통행중,안전운전불이행,포장 - 건조,흐림,단일로 - 기타,승용,여,57세,상해없음,보행자,여,43세,중상
3464,2019111800100583,2019년 11월 18일 18시,월요일,인천광역시 계양구 효성동,중상사고,0,1,1,0,차대사람 - 횡단중,보행자보호의무위반,포장 - 건조,맑음,교차로 - 교차로부근,승합,남,72세,상해없음,보행자,남,43세,중상
3465,2019111900100067,2019년 11월 19일 03시,화요일,인천광역시 남동구 간석동,경상사고,0,0,1,0,차대사람 - 횡단중,보행자보호의무위반,포장 - 건조,맑음,교차로 - 교차로횡단보도내,승용,남,66세,상해없음,보행자,남,30세,경상
3466,2019111900100182,2019년 11월 19일 08시,화요일,인천광역시 미추홀구 도화동,경상사고,0,0,1,0,차대사람 - 기타,안전운전불이행,포장 - 건조,맑음,단일로 - 기타,승용,여,67세,상해없음,보행자,여,10세,경상
3467,2019111900100183,2019년 11월 19일 08시,화요일,인천광역시 남동구 만수동,경상사고,0,0,1,0,차대사람 - 보도통행중,보행자보호의무위반,포장 - 건조,맑음,교차로 - 교차로횡단보도내,승용,여,24세,상해없음,보행자,남,14세,경상
3468,2019111900100389,2019년 11월 19일 13시,화요일,인천광역시 부평구 부평동,경상사고,0,0,1,0,차대사람 - 횡단중,안전운전불이행,포장 - 건조,맑음,단일로 - 기타,승용,남,45세,상해없음,보행자,남,45세,경상
3469,2019111900100545,2019년 11월 19일 17시,화요일,인천광역시 남동구 간석동,경상사고,0,0,1,0,차대사람 - 횡단중,안전운전불이행,포장 - 건조,흐림,교차로 - 교차로안,승용,남,34세,상해없음,보행자,남,32세,경상
3470,2019111900100672,2019년 11월 19일 19시,화요일,인천광역시 부평구 부평동,경상사고,0,0,1,0,차대사람 - 횡단중,안전운전불이행,포장 - 건조,맑음,교차로 - 교차로안,승용,남,30세,상해없음,보행자,여,33세,경상
3471,2019112000100082,2019년 11월 20일 05시,수요일,인천광역시 부평구 갈산동,중상사고,0,1,0,0,차대사람 - 횡단중,보행자보호의무위반,포장 - 건조,맑음,교차로 - 교차로횡단보도내,승용,남,39세,기타불명,보행자,남,62세,중상
3472,2019112000100423,2019년 11월 20일 14시,수요일,인천광역시 남동구 간석동,중상사고,0,1,0,0,차대사람 - 기타,안전운전불이행,포장 - 건조,맑음,단일로 - 기타,승용,남,74세,상해없음,보행자,여,19세,중상
3473,2019112000100515,2019년 11월 20일 16시,수요일,인천광역시 서구 원당동,중상사고,0,1,0,0,차대사람 - 횡단중,신호위반,포장 - 건조,맑음,교차로 - 교차로횡단보도내,승합,여,38세,상해없음,보행자,남,7세,중상
3474,2019112000100516,2019년 11월 20일 16시,수요일,인천광역시 부평구 부평동,중상사고,0,1,0,0,차대사람 - 기타,안전운전불이행,포장 - 건조,맑음,교차로 - 교차로안,화물,남,33세,상해없음,보행자,여,5세,중상
3475,2019112000100636,2019년 11월 20일 18시,수요일,인천광역시 미추홀구 용현동,부상신고사고,0,0,0,1,차대사람 - 기타,안전운전불이행,포장 - 건조,맑음,단일로 - 기타,승용,남,57세,상해없음,보행자,여,28세,부상신고
3476,2019112000100693,2019년 11월 20일 19시,수요일,인천광역시 계양구 계산동,중상사고,0,1,0,0,차대사람 - 차도통행중,안전운전불이행,포장 - 건조,맑음,교차로 - 교차로부근,승용,남,30세,상해없음,보행자,남,58세,중상
3477,2019112100100040,2019년 11월 21일 01시,목요일,인천광역시 서구 석남동,경상사고,0,0,1,0,차대사람 - 차도통행중,안전운전불이행,포장 - 건조,맑음,단일로 - 기타,승용,여,43세,상해없음,보행자,남,75세,경상
3478,2019112100100068,2019년 11월 21일 05시,목요일,인천광역시 계양구 계산동,중상사고,0,1,0,0,차대사람 - 차도통행중,안전운전불이행,포장 - 건조,맑음,교차로 - 교차로안,화물,남,54세,상해없음,보행자,여,65세,중상
3479,2019112100100116,2019년 11월 21일 07시,목요일,인천광역시 부평구 청천동,경상사고,0,0,1,0,차대사람 - 길가장자리구역통행중,안전운전불이행,포장 - 건조,맑음,단일로 - 기타,승용,여,42세,상해없음,보행자,여,42세,경상