,사고번호,사고일시,요일,시군구,사고내용,사망자수,중상자수,경상자수,부상신고자수,사고유형,법규위반,노면상태,기상상태,도로형태,가해운전자 차종,가해운전자 성별,가해운전자 연령,가해운전자 상해정도,피해운전자 차종,피해운전자 성별,피해운전자 연령,피해운전자 상해정도
4486,2020070200100222,2020년 7월 2일 11시,목요일,인천광역시 강화군 강화읍,경상사고,0,0,1,0,차대사람 - 기타,안전운전불이행,포장 - 건조,맑음,단일로 - 기타,승용,남,69세,상해없음,보행자,여,81세,경상
4487,2020070200100358,2020년 7월 2일 15시,목요일,인천광역시 미추홀구 용현동,경상사고,0,0,1,0,차대사람 - 길가장자리구역통행중,안전운전불이행,포장 - 건조,맑음,단일로 - 기타,승용,여,52세,상해없음,보행자,남,80세,경상
4488,2020070200100359,2020년 7월 2일 15시,목요일,인천광역시 남동구 구월동,경상사고,0,0,1,0,차대사람 - 보도통행중,기타,포장 - 건조,맑음,단일로 - 기타,원동기,남,69세,상해없음,보행자,여,36세,경상
4489,2020070200100400,2020년 7월 2일 16시,목요일,인천광역시 미추홀구 도화동,중상사고,0,1,0,0,차대사람 - 횡단중,신호위반,포장 - 건조,맑음,단일로 - 기타,승합,남,64세,상해없음,보행자,여,6세,중상
4490,2020070200100594,2020년 7월 2일 22시,목요일,인천광역시 남동구 구월동,경상사고,0,0,1,0,차대사람 - 보도통행중,안전운전불이행,포장 - 건조,맑음,단일로 - 기타,승용,여,24세,상해없음,보행자,남,36세,경상
4491,2020070300100049,2020년 7월 3일 03시,금요일,인천광역시 계양구 병방동,중상사고,0,1,1,0,차대사람 - 횡단중,신호위반,포장 - 건조,맑음,교차로 - 교차로횡단보도내,이륜,남,18세,상해없음,보행자,여,18세,중상
4492,2020070300100323,2020년 7월 3일 14시,금요일,인천광역시 서구 심곡동,경상사고,0,0,1,0,차대사람 - 기타,안전운전불이행,포장 - 건조,맑음,교차로 - 교차로부근,기타불명,기타불명,미분류,기타불명,보행자,여,13세,경상
4493,2020070300100397,2020년 7월 3일 16시,금요일,인천광역시 중구 을왕동,중상사고,0,1,0,0,차대사람 - 횡단중,기타,포장 - 건조,맑음,단일로 - 기타,승용,남,52세,상해없음,보행자,여,59세,중상
4494,2020070400100035,2020년 7월 4일 00시,토요일,인천광역시 중구 운남동,중상사고,0,1,0,0,차대사람 - 횡단중,보행자보호의무위반,포장 - 젖음/습기,흐림,교차로 - 교차로부근,화물,남,61세,상해없음,보행자,여,35세,중상
4495,2020070400100278,2020년 7월 4일 12시,토요일,인천광역시 부평구 산곡동,중상사고,0,1,0,0,차대사람 - 기타,안전운전불이행,포장 - 건조,맑음,단일로 - 기타,승용,여,35세,상해없음,보행자,남,68세,중상
4496,2020070400100433,2020년 7월 4일 16시,토요일,인천광역시 연수구 선학동,경상사고,0,0,1,0,차대사람 - 횡단중,보행자보호의무위반,포장 - 건조,맑음,교차로 - 교차로부근,승용,여,46세,상해없음,보행자,여,50세,경상
4497,2020070400100569,2020년 7월 4일 20시,토요일,인천광역시 서구 심곡동,중상사고,0,1,0,0,차대사람 - 보도통행중,안전운전불이행,포장 - 건조,맑음,단일로 - 기타,승용,남,29세,상해없음,보행자,남,72세,중상
4498,2020070400100648,2020년 7월 4일 23시,토요일,인천광역시 남동구 논현동,경상사고,0,0,1,0,차대사람 - 기타,안전운전불이행,포장 - 건조,맑음,단일로 - 기타,승용,남,23세,상해없음,보행자,남,10세,경상
4499,2020070500100207,2020년 7월 5일 13시,일요일,인천광역시 서구 연희동,경상사고,0,0,1,0,차대사람 - 기타,안전운전불이행,포장 - 건조,맑음,단일로 - 기타,승용,남,26세,상해없음,보행자,남,44세,경상
4500,2020070600100548,2020년 7월 6일 21시,월요일,인천광역시 계양구 작전동,경상사고,0,0,1,0,차대사람 - 횡단중,안전운전불이행,포장 - 건조,맑음,단일로 - 기타,기타불명,기타불명,미분류,기타불명,보행자,여,27세,경상
4501,2020070600100577,2020년 7월 6일 23시,월요일,인천광역시 서구 청라동,경상사고,0,0,1,0,차대사람 - 기타,안전운전불이행,포장 - 건조,맑음,교차로 - 교차로부근,승용,남,45세,상해없음,보행자,남,44세,경상
4502,2020070700100009,2020년 7월 7일 00시,화요일,인천광역시 남동구 구월동,중상사고,0,1,1,0,차대사람 - 횡단중,보행자보호의무위반,포장 - 건조,맑음,교차로 - 교차로횡단보도내,승용,남,61세,상해없음,보행자,여,23세,경상
4503,2020070700100229,2020년 7월 7일 12시,화요일,인천광역시 남동구 구월동,경상사고,0,0,1,0,차대사람 - 횡단중,안전운전불이행,포장 - 건조,흐림,단일로 - 기타,승용,남,72세,상해없음,보행자,여,56세,경상
4504,2020070700100230,2020년 7월 7일 12시,화요일,인천광역시 서구 가좌동,경상사고,0,0,1,0,차대사람 - 길가장자리구역통행중,안전운전불이행,포장 - 건조,맑음,단일로 - 기타,승용,남,29세,상해없음,보행자,남,60세,경상
4505,2020070800100021,2020년 7월 8일 02시,수요일,인천광역시 연수구 옥련동,경상사고,0,0,1,0,차대사람 - 보도통행중,신호위반,포장 - 건조,맑음,단일로 - 기타,승합,남,32세,상해없음,보행자,여,19세,경상
4506,2020070800100041,2020년 7월 8일 05시,수요일,인천광역시 남동구 구월동,중상사고,0,1,0,0,차대사람 - 기타,안전운전불이행,포장 - 건조,맑음,단일로 - 기타,승용,남,53세,상해없음,보행자,남,60세,중상
4507,2020070800100053,2020년 7월 8일 06시,수요일,인천광역시 남동구 논현동,경상사고,0,0,1,0,차대사람 - 횡단중,안전운전불이행,포장 - 건조,맑음,단일로 - 기타,승용,남,54세,상해없음,보행자,여,21세,경상
4508,2020070800100218,2020년 7월 8일 11시,수요일,인천광역시 남동구 간석동,경상사고,0,0,1,0,차대사람 - 횡단중,신호위반,포장 - 건조,맑음,단일로 - 기타,승용,여,70세,상해없음,보행자,여,65세,경상
4509,2020070800100361,2020년 7월 8일 15시,수요일,인천광역시 부평구 구산동,경상사고,0,0,1,0,차대사람 - 횡단중,신호위반,포장 - 건조,맑음,교차로 - 교차로횡단보도내,승용,여,57세,상해없음,보행자,남,19세,경상
4510,2020070800100402,2020년 7월 8일 16시,수요일,인천광역시 미추홀구 학익동,경상사고,0,0,1,0,차대사람 - 기타,안전운전불이행,포장 - 건조,맑음,주차장 - 주차장,화물,남,56세,상해없음,보행자,여,26세,경상
4511,2020070800100568,2020년 7월 8일 20시,수요일,인천광역시 부평구 갈산동,경상사고,0,0,1,0,차대사람 - 기타,안전운전불이행,포장 - 건조,맑음,기타 - 기타,자전거,남,28세,상해없음,보행자,여,72세,경상
4512,2020070800100593,2020년 7월 8일 21시,수요일,인천광역시 부평구 부평동,부상신고사고,0,0,0,1,차대사람 - 차도통행중,안전운전불이행,포장 - 건조,맑음,교차로 - 교차로부근,승용,남,39세,상해없음,보행자,남,19세,부상신고
4513,2020070900100613,2020년 7월 9일 20시,목요일,인천광역시 중구 중산동,경상사고,0,0,1,0,차대사람 - 횡단중,신호위반,포장 - 건조,맑음,교차로 - 교차로안,승합,여,43세,상해없음,보행자,여,66세,경상
4514,2020070900100639,2020년 7월 9일 21시,목요일,인천광역시 남동구 논현동,부상신고사고,0,0,0,1,차대사람 - 길가장자리구역통행중,안전운전불이행,포장 - 건조,맑음,단일로 - 기타,기타불명,기타불명,미분류,기타불명,보행자,남,31세,부상신고
4515,2020071000100316,2020년 7월 10일 14시,금요일,인천광역시 남동구 간석동,경상사고,0,0,1,0,차대사람 - 기타,안전운전불이행,포장 - 건조,맑음,단일로 - 기타,승용,남,79세,상해없음,보행자,남,31세,경상
4516,2020071000100362,2020년 7월 10일 15시,금요일,인천광역시 계양구 병방동,경상사고,0,0,2,0,차대사람 - 기타,안전운전불이행,포장 - 건조,맑음,주차장 - 주차장,승용,여,31세,경상,보행자,여,30세,경상
4517,2020071000100519,2020년 7월 10일 18시,금요일,인천광역시 서구 당하동,경상사고,0,0,1,0,차대사람 - 횡단중,보행자보호의무위반,포장 - 건조,맑음,교차로 - 교차로횡단보도내,승용,여,42세,상해없음,보행자,남,3세,경상
4518,2020071100100071,2020년 7월 11일 04시,토요일,인천광역시 미추홀구 주안동,경상사고,0,0,1,0,차대사람 - 횡단중,신호위반,포장 - 건조,맑음,교차로 - 교차로횡단보도내,화물,남,42세,상해없음,보행자,남,43세,경상
4519,2020071100100465,2020년 7월 11일 17시,토요일,인천광역시 연수구 옥련동,중상사고,0,1,0,0,차대사람 - 횡단중,안전운전불이행,포장 - 건조,맑음,교차로 - 교차로부근,승용,여,34세,상해없음,보행자,남,6세,중상
4520,2020071100100640,2020년 7월 11일 23시,토요일,인천광역시 미추홀구 주안동,중상사고,0,1,0,0,차대사람 - 횡단중,안전운전불이행,포장 - 건조,맑음,단일로 - 기타,이륜,남,24세,기타불명,보행자,남,49세,중상
4521,2020071200100008,2020년 7월 12일 00시,일요일,인천광역시 연수구 연수동,중상사고,0,1,0,0,차대사람 - 보도통행중,안전운전불이행,포장 - 건조,맑음,단일로 - 고가도로위,승용,남,24세,상해없음,보행자,남,21세,중상
4522,2020071200100027,2020년 7월 12일 01시,일요일,인천광역시 연수구 연수동,경상사고,0,0,1,0,차대사람 - 차도통행중,안전운전불이행,포장 - 건조,맑음,교차로 - 교차로부근,승용,남,69세,상해없음,보행자,남,52세,경상
4523,2020071200100497,2020년 7월 12일 22시,일요일,인천광역시 남동구 간석동,경상사고,0,0,2,0,차대사람 - 차도통행중,안전운전불이행,포장 - 젖음/습기,흐림,교차로 - 교차로안,이륜,남,60세,상해없음,보행자,남,62세,경상
4524,2020071300100033,2020년 7월 13일 02시,월요일,인천광역시 계양구 박촌동,중상사고,0,1,0,0,차대사람 - 기타,안전운전불이행,포장 - 젖음/습기,비,단일로 - 기타,승용,여,51세,상해없음,보행자,남,50세,중상
4525,2020071300100154,2020년 7월 13일 09시,월요일,인천광역시 남동구 서창동,경상사고,0,0,1,0,차대사람 - 횡단중,안전운전불이행,포장 - 젖음/습기,맑음,단일로 - 기타,승용,남,43세,상해없음,보행자,여,87세,경상
4526,2020071300100352,2020년 7월 13일 15시,월요일,인천광역시 연수구 선학동,중상사고,0,1,0,0,차대사람 - 횡단중,보행자보호의무위반,포장 - 젖음/습기,비,교차로 - 교차로안,승용,여,60세,상해없음,보행자,여,75세,중상
4527,2020071300100482,2020년 7월 13일 19시,월요일,인천광역시 부평구 산곡동,경상사고,0,0,1,0,차대사람 - 보도통행중,보행자보호의무위반,포장 - 젖음/습기,비,교차로 - 교차로안,승용,여,51세,상해없음,보행자,여,38세,경상
4528,2020071300100553,2020년 7월 13일 21시,월요일,인천광역시 미추홀구 주안동,중상사고,0,1,0,0,차대사람 - 차도통행중,안전운전불이행,포장 - 젖음/습기,비,단일로 - 기타,승용,남,60세,상해없음,보행자,남,47세,중상
4529,2020071400100046,2020년 7월 14일 01시,화요일,인천광역시 남동구 만수동,중상사고,0,1,0,0,차대사람 - 횡단중,안전운전불이행,포장 - 젖음/습기,비,단일로 - 기타,승용,남,30세,상해없음,보행자,남,25세,중상
4530,2020071400100339,2020년 7월 14일 14시,화요일,인천광역시 부평구 일신동,경상사고,0,0,1,0,차대사람 - 기타,안전운전불이행,비포장 - 건조,맑음,단일로 - 기타,승용,남,65세,상해없음,보행자,남,26세,경상
4531,2020071400100493,2020년 7월 14일 18시,화요일,인천광역시 연수구 선학동,사망사고,1,0,0,0,차대사람 - 보도통행중,안전운전불이행,포장 - 건조,맑음,단일로 - 기타,화물,남,63세,상해없음,보행자,여,80세,사망
4532,2020071500100148,2020년 7월 15일 09시,수요일,인천광역시 미추홀구 숭의동,경상사고,0,0,1,0,차대사람 - 기타,안전운전불이행,포장 - 건조,기타,단일로 - 기타,승용,여,50세,기타불명,보행자,남,48세,경상
4533,2020071500100428,2020년 7월 15일 17시,수요일,인천광역시 서구 경서동,중상사고,0,2,0,0,차대사람 - 횡단중,보행자보호의무위반,포장 - 건조,맑음,교차로 - 교차로횡단보도내,승용,남,36세,상해없음,보행자,여,59세,중상
4534,2020071600100010,2020년 7월 16일 00시,목요일,인천광역시 미추홀구 학익동,경상사고,0,0,1,0,차대사람 - 횡단중,신호위반,포장 - 건조,맑음,교차로 - 교차로부근,승용,남,23세,상해없음,보행자,남,25세,경상
4535,2020071600100085,2020년 7월 16일 07시,목요일,인천광역시 계양구 효성동,중상사고,0,1,0,0,차대사람 - 기타,안전운전불이행,포장 - 건조,맑음,단일로 - 기타,승용,여,53세,상해없음,보행자,남,36세,중상
4536,2020071600100529,2020년 7월 16일 18시,목요일,인천광역시 서구 마전동,경상사고,0,0,1,0,차대사람 - 길가장자리구역통행중,안전운전불이행,포장 - 건조,맑음,단일로 - 기타,승용,여,46세,상해없음,보행자,남,47세,경상
4537,2020071600100613,2020년 7월 16일 21시,목요일,인천광역시 계양구 병방동,경상사고,0,0,1,0,차대사람 - 기타,신호위반,포장 - 건조,맑음,교차로 - 교차로안,승용,여,31세,상해없음,보행자,남,48세,경상
4538,2020071600100614,2020년 7월 16일 21시,목요일,인천광역시 연수구 송도동,경상사고,0,0,1,0,차대사람 - 기타,보행자보호의무위반,포장 - 건조,맑음,단일로 - 기타,자전거,남,13세,상해없음,보행자,여,51세,경상
4539,2020071600100615,2020년 7월 16일 21시,목요일,인천광역시 부평구 부평동,부상신고사고,0,0,0,1,차대사람 - 길가장자리구역통행중,안전운전불이행,포장 - 건조,기타,교차로 - 교차로부근,승용,남,53세,상해없음,보행자,남,60세,부상신고
4540,2020071700100010,2020년 7월 17일 00시,금요일,인천광역시 계양구 임학동,사망사고,1,0,0,0,차대사람 - 기타,안전운전불이행,포장 - 건조,맑음,교차로 - 교차로안,승용,남,49세,상해없음,보행자,남,53세,사망
4541,2020071700100239,2020년 7월 17일 12시,금요일,인천광역시 부평구 부평동,경상사고,0,0,1,0,차대사람 - 기타,안전운전불이행,포장 - 건조,맑음,단일로 - 기타,승용,여,48세,상해없음,보행자,여,24세,경상
4542,2020071700100528,2020년 7월 17일 18시,금요일,인천광역시 부평구 십정동,경상사고,0,0,1,0,차대사람 - 보도통행중,안전운전불이행,포장 - 건조,맑음,단일로 - 기타,승용,남,57세,상해없음,보행자,남,43세,경상
4543,2020071700100529,2020년 7월 17일 18시,금요일,인천광역시 연수구 연수동,경상사고,0,0,1,0,차대사람 - 횡단중,보행자보호의무위반,포장 - 건조,맑음,교차로 - 교차로횡단보도내,자전거,남,53세,상해없음,보행자,여,59세,경상
4544,2020071800100012,2020년 7월 18일 00시,토요일,인천광역시 미추홀구 숭의동,경상사고,0,0,1,0,차대사람 - 기타,안전운전불이행,포장 - 건조,맑음,단일로 - 기타,기타불명,기타불명,미분류,기타불명,보행자,남,56세,경상
4545,2020071800100051,2020년 7월 18일 03시,토요일,인천광역시 연수구 송도동,중상사고,0,1,0,0,차대사람 - 기타,기타,포장 - 건조,맑음,단일로 - 기타,승용,남,21세,상해없음,보행자,여,19세,중상
4546,2020071800100478,2020년 7월 18일 18시,토요일,인천광역시 부평구 십정동,경상사고,0,0,1,0,차대사람 - 기타,안전운전불이행,포장 - 건조,맑음,단일로 - 기타,승용,여,29세,기타불명,보행자,남,43세,경상
4547,2020071900100063,2020년 7월 19일 04시,일요일,인천광역시 부평구 부평동,경상사고,0,0,1,0,차대사람 - 횡단중,안전운전불이행,포장 - 건조,맑음,교차로 - 교차로안,승용,남,21세,상해없음,보행자,남,23세,경상
4548,2020071900100327,2020년 7월 19일 18시,일요일,인천광역시 미추홀구 숭의동,경상사고,0,0,1,0,차대사람 - 보도통행중,기타,포장 - 건조,맑음,교차로 - 교차로부근,승용,남,23세,상해없음,보행자,여,66세,경상
4549,2020072000100067,2020년 7월 20일 07시,월요일,인천광역시 서구 공촌동,경상사고,0,0,1,0,차대사람 - 기타,신호위반,포장 - 건조,맑음,단일로 - 지하차도(도로)내,이륜,남,29세,상해없음,보행자,여,44세,경상
4550,2020072000100117,2020년 7월 20일 08시,월요일,인천광역시 부평구 부평동,중상사고,0,1,0,0,차대사람 - 횡단중,기타,포장 - 젖음/습기,비,교차로 - 교차로부근,승용,남,81세,상해없음,보행자,여,35세,중상
4551,2020072000100297,2020년 7월 20일 14시,월요일,인천광역시 서구 가좌동,경상사고,0,0,1,0,차대사람 - 기타,기타,포장 - 건조,맑음,단일로 - 기타,화물,남,59세,상해없음,보행자,남,60세,경상
4552,2020072000100433,2020년 7월 20일 18시,월요일,인천광역시 부평구 부평동,경상사고,0,0,1,0,차대사람 - 횡단중,안전운전불이행,포장 - 건조,맑음,단일로 - 기타,이륜,남,18세,상해없음,보행자,남,62세,경상
4553,2020072000100513,2020년 7월 20일 21시,월요일,인천광역시 미추홀구 주안동,경상사고,0,0,1,0,차대사람 - 기타,안전운전불이행,포장 - 건조,맑음,기타 - 기타,승용,남,55세,상해없음,보행자,남,57세,경상
4554,2020072100100177,2020년 7월 21일 10시,화요일,인천광역시 미추홀구 관교동,경상사고,0,0,1,0,차대사람 - 횡단중,신호위반,포장 - 건조,맑음,교차로 - 교차로안,승용,남,70세,상해없음,보행자,여,38세,경상
4555,2020072100100295,2020년 7월 21일 13시,화요일,인천광역시 미추홀구 숭의동,중상사고,0,1,0,0,차대사람 - 차도통행중,안전운전불이행,포장 - 건조,맑음,단일로 - 기타,화물,남,61세,상해없음,보행자,여,89세,중상
4556,2020072100100492,2020년 7월 21일 18시,화요일,인천광역시 서구 석남동,경상사고,0,0,1,0,차대사람 - 차도통행중,안전운전불이행,포장 - 건조,맑음,단일로 - 기타,승용,여,51세,상해없음,보행자,여,59세,경상
4557,2020072100100493,2020년 7월 21일 18시,화요일,인천광역시 연수구 동춘동,중상사고,0,1,0,0,차대사람 - 횡단중,안전운전불이행,포장 - 건조,맑음,교차로 - 교차로횡단보도내,승용,남,24세,상해없음,보행자,여,7세,중상
4558,2020072200100079,2020년 7월 22일 06시,수요일,인천광역시 서구 가정동,경상사고,0,0,1,0,차대사람 - 횡단중,안전운전불이행,포장 - 건조,맑음,교차로 - 교차로안,승용,남,48세,상해없음,보행자,남,57세,경상
4559,2020072200100259,2020년 7월 22일 11시,수요일,인천광역시 계양구 작전동,중상사고,0,1,0,0,차대사람 - 횡단중,안전운전불이행,포장 - 젖음/습기,비,단일로 - 기타,화물,남,41세,상해없음,보행자,여,50세,중상
4560,2020072200100461,2020년 7월 22일 17시,수요일,인천광역시 남동구 논현동,부상신고사고,0,0,0,1,차대사람 - 길가장자리구역통행중,안전운전불이행,포장 - 건조,맑음,단일로 - 기타,승용,여,49세,상해없음,보행자,여,32세,부상신고
4561,2020072200100551,2020년 7월 22일 19시,수요일,인천광역시 계양구 계산동,경상사고,0,0,1,0,차대사람 - 차도통행중,안전운전불이행,포장 - 건조,맑음,교차로 - 교차로부근,승용,남,57세,상해없음,보행자,남,37세,경상
4562,2020072200100613,2020년 7월 22일 21시,수요일,인천광역시 계양구 효성동,경상사고,0,0,1,0,차대사람 - 횡단중,보행자보호의무위반,포장 - 젖음/습기,흐림,교차로 - 교차로횡단보도내,승용,남,49세,상해없음,보행자,남,50세,경상
4563,2020072200100639,2020년 7월 22일 22시,수요일,인천광역시 부평구 부개동,사망사고,1,0,0,0,차대사람 - 횡단중,안전운전불이행,포장 - 젖음/습기,흐림,단일로 - 기타,승용,남,53세,상해없음,보행자,여,52세,사망
4564,2020072300100452,2020년 7월 23일 18시,목요일,인천광역시 미추홀구 관교동,경상사고,0,0,1,0,차대사람 - 횡단중,신호위반,포장 - 젖음/습기,비,교차로 - 교차로횡단보도내,이륜,남,28세,상해없음,보행자,여,67세,경상
4565,2020072300100454,2020년 7월 23일 18시,목요일,인천광역시 계양구 계산동,중상사고,0,1,0,0,차대사람 - 횡단중,신호위반,포장 - 젖음/습기,비,단일로 - 기타,승용,남,78세,상해없음,보행자,여,42세,중상
4566,2020072300100559,2020년 7월 23일 20시,목요일,인천광역시 미추홀구 숭의동,중상사고,0,1,0,0,차대사람 - 횡단중,안전운전불이행,포장 - 젖음/습기,비,단일로 - 기타,승용,남,29세,상해없음,보행자,여,59세,중상
4567,2020072400100103,2020년 7월 24일 08시,금요일,인천광역시 서구 검암동,중상사고,0,1,0,0,차대사람 - 횡단중,안전운전불이행,포장 - 건조,맑음,단일로 - 지하차도(도로)내,승용,남,45세,상해없음,보행자,여,80세,중상
4568,2020072400100277,2020년 7월 24일 14시,금요일,인천광역시 부평구 십정동,경상사고,0,0,1,0,차대사람 - 길가장자리구역통행중,안전운전불이행,포장 - 건조,맑음,단일로 - 기타,화물,남,39세,상해없음,보행자,남,32세,경상
4569,2020072400100453,2020년 7월 24일 18시,금요일,인천광역시 계양구 계산동,경상사고,0,0,1,0,차대사람 - 기타,안전운전불이행,포장 - 건조,맑음,단일로 - 기타,이륜,남,42세,상해없음,보행자,남,58세,경상
4570,2020072400100489,2020년 7월 24일 19시,금요일,인천광역시 부평구 부평동,경상사고,0,0,1,0,차대사람 - 기타,기타,포장 - 젖음/습기,흐림,단일로 - 기타,승합,남,58세,상해없음,보행자,여,19세,경상
4571,2020072500100044,2020년 7월 25일 01시,토요일,인천광역시 계양구 효성동,경상사고,0,0,1,0,차대사람 - 기타,기타,포장 - 건조,맑음,단일로 - 기타,승용,남,37세,상해없음,보행자,여,56세,경상
4572,2020072500100079,2020년 7월 25일 03시,토요일,인천광역시 연수구 동춘동,경상사고,0,0,1,0,차대사람 - 기타,안전운전불이행,포장 - 건조,맑음,교차로 - 교차로부근,승용,여,38세,상해없음,보행자,남,75세,경상
4573,2020072500100375,2020년 7월 25일 15시,토요일,인천광역시 서구 가좌동,경상사고,0,0,1,0,차대사람 - 보도통행중,안전운전불이행,포장 - 건조,맑음,단일로 - 기타,승용,남,25세,상해없음,보행자,여,63세,경상
4574,2020072500100480,2020년 7월 25일 18시,토요일,인천광역시 계양구 계산동,중상사고,0,1,0,0,차대사람 - 횡단중,안전운전불이행,포장 - 건조,흐림,교차로 - 교차로안,승용,남,52세,상해없음,보행자,남,64세,중상
4575,2020072600100051,2020년 7월 26일 03시,일요일,인천광역시 남동구 간석동,중상사고,0,1,0,0,차대사람 - 횡단중,안전운전불이행,포장 - 건조,맑음,단일로 - 기타,승용,남,55세,상해없음,보행자,남,59세,중상
4576,2020072600100237,2020년 7월 26일 14시,일요일,인천광역시 남동구 구월동,경상사고,0,0,1,0,차대사람 - 보도통행중,안전운전불이행,포장 - 건조,맑음,단일로 - 기타,승용,남,24세,상해없음,보행자,남,27세,경상
4577,2020072600100387,2020년 7월 26일 19시,일요일,인천광역시 연수구 송도동,경상사고,0,0,2,0,차대사람 - 차도통행중,안전운전불이행,포장 - 건조,맑음,단일로 - 기타,자전거,남,61세,경상,보행자,남,52세,경상
4578,2020072700100181,2020년 7월 27일 10시,월요일,인천광역시 계양구 병방동,경상사고,0,0,1,0,차대사람 - 기타,안전운전불이행,포장 - 젖음/습기,비,교차로 - 교차로부근,승용,남,23세,상해없음,보행자,여,64세,경상
4579,2020072700100222,2020년 7월 27일 11시,월요일,인천광역시 서구 석남동,경상사고,0,0,1,0,차대사람 - 보도통행중,기타,포장 - 건조,맑음,단일로 - 기타,승용,남,48세,상해없음,보행자,여,61세,경상
4580,2020072700100333,2020년 7월 27일 14시,월요일,인천광역시 부평구 부평동,중상사고,0,1,0,0,차대사람 - 기타,안전운전불이행,포장 - 젖음/습기,비,단일로 - 기타,승용,여,49세,상해없음,보행자,여,63세,중상
4581,2020072700100484,2020년 7월 27일 18시,월요일,인천광역시 계양구 임학동,경상사고,0,0,1,0,차대사람 - 기타,안전운전불이행,포장 - 젖음/습기,비,교차로 - 교차로부근,이륜,남,52세,상해없음,보행자,여,20세,경상
4582,2020072800100420,2020년 7월 28일 18시,화요일,인천광역시 남동구 구월동,경상사고,0,0,1,0,차대사람 - 길가장자리구역통행중,보행자보호의무위반,포장 - 건조,맑음,단일로 - 기타,승용,여,43세,상해없음,보행자,남,12세,경상
4583,2020072800100540,2020년 7월 28일 21시,화요일,인천광역시 연수구 연수동,중상사고,0,1,0,0,차대사람 - 횡단중,보행자보호의무위반,포장 - 건조,맑음,교차로 - 교차로횡단보도내,승용,여,51세,상해없음,보행자,남,56세,중상
4584,2020072900100066,2020년 7월 29일 05시,수요일,인천광역시 미추홀구 숭의동,중상사고,0,1,0,0,차대사람 - 기타,안전운전불이행,포장 - 젖음/습기,흐림,교차로 - 교차로안,화물,남,56세,상해없음,보행자,여,87세,중상
4585,2020072900100211,2020년 7월 29일 11시,수요일,인천광역시 부평구 산곡동,경상사고,0,0,1,0,차대사람 - 기타,안전운전불이행,포장 - 건조,맑음,단일로 - 기타,승용,남,79세,상해없음,보행자,여,81세,경상
4586,2020072900100351,2020년 7월 29일 15시,수요일,인천광역시 계양구 동양동,경상사고,0,0,1,0,차대사람 - 기타,안전운전불이행,포장 - 젖음/습기,비,단일로 - 기타,승용,여,40세,상해없음,보행자,여,9세,경상
4587,2020072900100421,2020년 7월 29일 17시,수요일,인천광역시 부평구 삼산동,경상사고,0,0,1,0,차대사람 - 기타,보행자보호의무위반,포장 - 기타,흐림,기타 - 기타,승용,남,50세,상해없음,보행자,남,52세,경상
4588,2020072900100571,2020년 7월 29일 22시,수요일,인천광역시 부평구 부평동,중상사고,0,1,0,0,차대사람 - 기타,안전운전불이행,포장 - 젖음/습기,비,교차로 - 교차로안,화물,남,44세,상해없음,보행자,여,51세,중상
4589,2020073000100092,2020년 7월 30일 07시,목요일,인천광역시 연수구 송도동,경상사고,0,0,1,0,차대사람 - 횡단중,보행자보호의무위반,포장 - 건조,맑음,교차로 - 교차로횡단보도내,승용,남,43세,상해없음,보행자,여,36세,경상
4590,2020073000100372,2020년 7월 30일 16시,목요일,인천광역시 연수구 동춘동,경상사고,0,0,1,0,차대사람 - 길가장자리구역통행중,안전운전불이행,포장 - 건조,맑음,단일로 - 기타,승용,남,21세,상해없음,보행자,남,15세,경상
4591,2020073000100455,2020년 7월 30일 18시,목요일,인천광역시 서구 석남동,경상사고,0,0,1,0,차대사람 - 길가장자리구역통행중,안전운전불이행,포장 - 건조,맑음,단일로 - 기타,승용,여,33세,상해없음,보행자,남,23세,경상
4592,2020073100100311,2020년 7월 31일 14시,금요일,인천광역시 남동구 간석동,경상사고,0,0,1,0,차대사람 - 횡단중,보행자보호의무위반,포장 - 건조,맑음,단일로 - 기타,이륜,남,51세,상해없음,보행자,남,15세,경상
4593,2020073100100431,2020년 7월 31일 17시,금요일,인천광역시 계양구 효성동,중상사고,0,1,0,0,차대사람 - 기타,안전운전불이행,포장 - 건조,맑음,교차로 - 교차로부근,승용,남,30세,상해없음,보행자,여,45세,중상
4594,2020073100100492,2020년 7월 31일 18시,금요일,인천광역시 계양구 계산동,중상사고,0,1,0,0,차대사람 - 횡단중,안전운전불이행,포장 - 건조,맑음,단일로 - 기타,화물,여,26세,상해없음,보행자,여,73세,중상
4595,2020073100100493,2020년 7월 31일 18시,금요일,인천광역시 남동구 논현동,경상사고,0,0,1,0,차대사람 - 기타,안전운전불이행,포장 - 건조,맑음,교차로 - 교차로부근,화물,남,59세,상해없음,보행자,남,57세,경상
4596,2020080100100108,2020년 8월 1일 08시,토요일,인천광역시 부평구 부평동,경상사고,0,0,1,0,차대사람 - 보도통행중,안전운전불이행,포장 - 건조,맑음,단일로 - 기타,화물,남,61세,상해없음,보행자,여,20세,경상
4597,2020080100100271,2020년 8월 1일 13시,토요일,인천광역시 계양구 임학동,경상사고,0,0,1,0,차대사람 - 기타,안전운전불이행,포장 - 젖음/습기,비,단일로 - 기타,승용,남,59세,상해없음,보행자,남,24세,경상