,사고번호,사고일시,요일,시군구,사고내용,사망자수,중상자수,경상자수,부상신고자수,사고유형,법규위반,노면상태,기상상태,도로형태,가해운전자 차종,가해운전자 성별,가해운전자 연령,가해운전자 상해정도,피해운전자 차종,피해운전자 성별,피해운전자 연령,피해운전자 상해정도
682,2021061000100183,2021년 6월 10일 10시,목요일,인천광역시 서구 청라동,경상사고,0,0,2,0,차대사람 - 횡단중,안전운전불이행,포장 - 건조,맑음,단일로 - 기타,자전거,남,69세,경상,보행자,여,63세,경상
683,2021061000100218,2021년 6월 10일 11시,목요일,인천광역시 남동구 간석동,중상사고,0,1,0,0,차대사람 - 보도통행중,안전운전불이행,포장 - 건조,맑음,단일로 - 기타,화물,남,44세,상해없음,보행자,여,69세,중상
684,2021061100100355,2021년 6월 11일 15시,금요일,인천광역시 남동구 논현동,경상사고,0,0,1,0,차대사람 - 기타,안전운전불이행,포장 - 건조,맑음,기타 - 기타,자전거,기타불명,미분류,기타불명,보행자,여,60세,경상
685,2021061100100430,2021년 6월 11일 17시,금요일,인천광역시 부평구 부평동,경상사고,0,0,1,0,차대사람 - 기타,안전운전불이행,포장 - 건조,맑음,교차로 - 교차로부근,승용,남,31세,상해없음,보행자,여,7세,경상
686,2021061100100525,2021년 6월 11일 19시,금요일,인천광역시 남동구 논현동,중상사고,0,1,0,0,차대사람 - 길가장자리구역통행중,안전운전불이행,포장 - 건조,맑음,단일로 - 기타,승용,여,32세,상해없음,보행자,여,5세,중상
687,2021061100100614,2021년 6월 11일 22시,금요일,인천광역시 계양구 효성동,경상사고,0,0,1,0,차대사람 - 횡단중,보행자보호의무위반,포장 - 건조,맑음,교차로 - 교차로부근,승용,여,57세,상해없음,보행자,남,6세,경상
688,2021061200100118,2021년 6월 12일 09시,토요일,인천광역시 중구 운서동,중상사고,0,1,0,0,차대사람 - 기타,안전운전불이행,포장 - 건조,맑음,단일로 - 기타,승합,남,55세,상해없음,보행자,남,54세,중상
689,2021061200100244,2021년 6월 12일 12시,토요일,인천광역시 서구 가좌동,중상사고,0,1,0,0,차대사람 - 보도통행중,안전운전불이행,포장 - 건조,맑음,주차장 - 주차장,화물,여,28세,상해없음,보행자,여,85세,중상
690,2021061200100549,2021년 6월 12일 20시,토요일,인천광역시 남동구 구월동,경상사고,0,0,1,0,차대사람 - 차도통행중,기타,포장 - 건조,맑음,교차로 - 교차로안,승용,여,52세,상해없음,보행자,남,25세,경상
691,2021061200100551,2021년 6월 12일 20시,토요일,인천광역시 연수구 송도동,중상사고,0,1,0,0,차대사람 - 보도통행중,기타,포장 - 건조,맑음,단일로 - 기타,이륜,남,28세,상해없음,보행자,남,8세,중상
692,2021061300100266,2021년 6월 13일 15시,일요일,인천광역시 중구 항동7가,경상사고,0,0,1,0,차대사람 - 횡단중,안전운전불이행,포장 - 건조,맑음,주차장 - 주차장,기타불명,기타불명,미분류,기타불명,보행자,남,9세,경상
693,2021061300100267,2021년 6월 13일 15시,일요일,인천광역시 미추홀구 주안동,경상사고,0,0,1,0,차대사람 - 기타,안전운전불이행,포장 - 건조,맑음,단일로 - 기타,승합,남,46세,상해없음,보행자,여,79세,경상
694,2021061300100392,2021년 6월 13일 19시,일요일,인천광역시 부평구 청천동,중상사고,0,1,0,0,차대사람 - 횡단중,보행자보호의무위반,포장 - 건조,맑음,교차로 - 교차로횡단보도내,승용,남,26세,상해없음,보행자,여,58세,중상
695,2021061400100212,2021년 6월 14일 11시,월요일,인천광역시 부평구 삼산동,경상사고,0,0,1,0,차대사람 - 횡단중,보행자보호의무위반,포장 - 건조,맑음,교차로 - 교차로부근,승용,여,35세,상해없음,보행자,남,40세,경상
696,2021061400100285,2021년 6월 14일 13시,월요일,인천광역시 중구 운서동,중상사고,0,1,0,0,차대사람 - 횡단중,보행자보호의무위반,포장 - 건조,맑음,교차로 - 교차로횡단보도내,화물,남,49세,상해없음,보행자,여,46세,중상
697,2021061400100441,2021년 6월 14일 17시,월요일,인천광역시 미추홀구 도화동,경상사고,0,0,1,0,차대사람 - 보도통행중,기타,포장 - 건조,맑음,기타 - 기타,이륜,남,32세,상해없음,보행자,여,15세,경상
698,2021061400100442,2021년 6월 14일 17시,월요일,인천광역시 서구 마전동,경상사고,0,0,1,0,차대사람 - 횡단중,보행자보호의무위반,포장 - 건조,맑음,교차로 - 교차로안,승용,남,47세,상해없음,보행자,여,58세,경상
699,2021061400100491,2021년 6월 14일 18시,월요일,인천광역시 서구 청라동,경상사고,0,0,1,0,차대사람 - 기타,안전운전불이행,포장 - 건조,맑음,단일로 - 기타,자전거,남,8세,상해없음,보행자,여,8세,경상
700,2021061500100366,2021년 6월 15일 16시,화요일,인천광역시 서구 가정동,경상사고,0,0,1,0,차대사람 - 횡단중,보행자보호의무위반,포장 - 건조,맑음,교차로 - 교차로안,승합,남,50세,상해없음,보행자,여,41세,경상
701,2021061500100409,2021년 6월 15일 17시,화요일,인천광역시 미추홀구 용현동,경상사고,0,0,1,0,차대사람 - 기타,안전운전불이행,포장 - 건조,맑음,단일로 - 기타,승용,여,58세,상해없음,보행자,여,45세,경상
702,2021061500100523,2021년 6월 15일 20시,화요일,인천광역시 미추홀구 도화동,중상사고,0,1,0,0,차대사람 - 횡단중,신호위반,포장 - 건조,맑음,교차로 - 교차로횡단보도내,이륜,남,24세,상해없음,보행자,여,50세,중상
703,2021061500100576,2021년 6월 15일 22시,화요일,인천광역시 부평구 부평동,경상사고,0,0,1,0,차대사람 - 차도통행중,안전운전불이행,포장 - 건조,맑음,교차로 - 교차로부근,이륜,남,29세,상해없음,보행자,남,35세,경상
704,2021061600100586,2021년 6월 16일 21시,수요일,인천광역시 부평구 청천동,중상사고,0,1,0,0,차대사람 - 보도통행중,기타,포장 - 건조,맑음,단일로 - 기타,개인형이동수단(PM),여,18세,상해없음,보행자,여,50세,중상
705,2021061700100498,2021년 6월 17일 20시,목요일,인천광역시 부평구 청천동,경상사고,0,0,1,0,차대사람 - 횡단중,신호위반,포장 - 건조,맑음,교차로 - 교차로횡단보도내,자전거,남,14세,상해없음,보행자,여,28세,경상
706,2021061800100207,2021년 6월 18일 12시,금요일,인천광역시 연수구 연수동,부상신고사고,0,0,0,1,차대사람 - 횡단중,보행자보호의무위반,포장 - 젖음/습기,흐림,교차로 - 교차로횡단보도내,기타불명,기타불명,미분류,기타불명,보행자,남,36세,부상신고
707,2021061800100241,2021년 6월 18일 13시,금요일,인천광역시 연수구 연수동,경상사고,0,0,1,0,차대사람 - 횡단중,보행자보호의무위반,포장 - 건조,맑음,교차로 - 교차로안,승용,여,43세,상해없음,보행자,여,52세,경상
708,2021061800100263,2021년 6월 18일 14시,금요일,인천광역시 부평구 부평동,부상신고사고,0,0,0,1,차대사람 - 횡단중,안전운전불이행,포장 - 건조,맑음,단일로 - 기타,승용,남,47세,상해없음,보행자,남,27세,부상신고
709,2021061900100414,2021년 6월 19일 16시,토요일,인천광역시 서구 불로동,중상사고,0,1,0,0,차대사람 - 기타,기타,포장 - 건조,맑음,단일로 - 기타,개인형이동수단(PM),남,24세,상해없음,보행자,여,61세,중상
710,2021061900100540,2021년 6월 19일 19시,토요일,인천광역시 부평구 부평동,중상사고,0,1,0,0,차대사람 - 기타,안전운전불이행,포장 - 건조,맑음,교차로 - 교차로부근,화물,남,64세,상해없음,보행자,남,50세,중상
711,2021061900100560,2021년 6월 19일 20시,토요일,인천광역시 서구 신현동,중상사고,0,1,0,0,차대사람 - 횡단중,신호위반,포장 - 건조,맑음,교차로 - 교차로횡단보도내,이륜,남,28세,상해없음,보행자,남,6세,중상
712,2021061900100561,2021년 6월 19일 20시,토요일,인천광역시 서구 가정동,경상사고,0,0,1,0,차대사람 - 기타,안전운전불이행,포장 - 건조,맑음,단일로 - 기타,이륜,남,18세,상해없음,보행자,남,17세,경상
713,2021062000100026,2021년 6월 20일 02시,일요일,인천광역시 미추홀구 주안동,경상사고,0,0,1,0,차대사람 - 보도통행중,보행자보호의무위반,포장 - 젖음/습기,비,교차로 - 교차로횡단보도내,승용,남,49세,상해없음,보행자,여,20세,경상
714,2021062000100129,2021년 6월 20일 11시,일요일,인천광역시 미추홀구 숭의동,중상사고,0,1,0,0,차대사람 - 보도통행중,기타,포장 - 건조,맑음,단일로 - 기타,승용,남,53세,상해없음,보행자,남,55세,중상
715,2021062000100131,2021년 6월 20일 11시,일요일,인천광역시 부평구 부평동,경상사고,0,0,1,0,차대사람 - 횡단중,안전운전불이행,포장 - 건조,맑음,단일로 - 기타,승용,여,29세,상해없음,보행자,여,62세,경상
716,2021062000100476,2021년 6월 20일 22시,일요일,인천광역시 미추홀구 주안동,경상사고,0,0,1,0,차대사람 - 기타,불법유턴,포장 - 건조,맑음,교차로 - 교차로부근,승합,남,55세,상해없음,보행자,남,38세,경상
717,2021062100100109,2021년 6월 21일 08시,월요일,인천광역시 미추홀구 주안동,경상사고,0,0,1,0,차대사람 - 기타,안전운전불이행,포장 - 건조,맑음,기타 - 기타,화물,남,60세,상해없음,보행자,남,49세,경상
718,2021062100100150,2021년 6월 21일 09시,월요일,인천광역시 서구 경서동,경상사고,0,0,1,0,차대사람 - 기타,안전운전불이행,포장 - 건조,맑음,기타 - 기타,자전거,남,39세,상해없음,보행자,여,64세,경상
719,2021062100100223,2021년 6월 21일 11시,월요일,인천광역시 남동구 구월동,경상사고,0,0,1,0,차대사람 - 차도통행중,안전운전불이행,포장 - 건조,맑음,교차로 - 교차로부근,승용,여,67세,상해없음,보행자,남,71세,경상
720,2021062100100524,2021년 6월 21일 18시,월요일,인천광역시 부평구 청천동,경상사고,0,0,1,0,차대사람 - 기타,안전운전불이행,포장 - 건조,맑음,기타 - 기타,자전거,남,38세,상해없음,보행자,여,46세,경상
721,2021062100100597,2021년 6월 21일 20시,월요일,인천광역시 남동구 간석동,경상사고,0,0,1,0,차대사람 - 차도통행중,보행자보호의무위반,포장 - 건조,흐림,단일로 - 기타,화물,남,68세,상해없음,보행자,남,35세,경상
722,2021062100100641,2021년 6월 21일 22시,월요일,인천광역시 부평구 갈산동,경상사고,0,0,1,0,차대사람 - 기타,안전운전불이행,포장 - 건조,맑음,교차로 - 교차로부근,승용,남,71세,상해없음,보행자,남,66세,경상
723,2021062200100389,2021년 6월 22일 16시,화요일,인천광역시 남동구 만수동,중상사고,0,1,0,0,차대사람 - 기타,안전운전불이행,포장 - 건조,맑음,단일로 - 기타,이륜,남,26세,상해없음,보행자,여,73세,중상
724,2021062300100180,2021년 6월 23일 11시,수요일,인천광역시 서구 가좌동,중상사고,0,1,0,0,차대사람 - 기타,안전운전불이행,포장 - 건조,맑음,교차로 - 교차로안,승용,남,46세,상해없음,보행자,여,64세,중상
725,2021062300100204,2021년 6월 23일 12시,수요일,인천광역시 미추홀구 숭의동,중상사고,0,1,0,0,차대사람 - 횡단중,안전운전불이행,포장 - 건조,맑음,단일로 - 기타,승용,남,30세,상해없음,보행자,여,71세,중상
726,2021062300100294,2021년 6월 23일 15시,수요일,인천광역시 강화군 길상면,경상사고,0,0,1,0,차대사람 - 차도통행중,안전운전불이행,포장 - 건조,맑음,단일로 - 지하차도(도로)내,승용,남,60세,상해없음,보행자,여,40세,경상
727,2021062300100446,2021년 6월 23일 19시,수요일,인천광역시 강화군 강화읍,중상사고,0,1,0,0,차대사람 - 횡단중,안전운전불이행,포장 - 건조,맑음,단일로 - 지하차도(도로)내,승용,여,49세,상해없음,보행자,여,66세,중상
728,2021062400100018,2021년 6월 24일 01시,목요일,인천광역시 남동구 논현동,경상사고,0,0,1,0,차대사람 - 길가장자리구역통행중,안전운전불이행,포장 - 건조,맑음,교차로 - 교차로부근,승용,여,52세,상해없음,보행자,남,47세,경상
729,2021062400100261,2021년 6월 24일 12시,목요일,인천광역시 미추홀구 용현동,경상사고,0,0,1,0,차대사람 - 횡단중,보행자보호의무위반,포장 - 건조,맑음,교차로 - 교차로횡단보도내,화물,남,51세,상해없음,보행자,여,29세,경상
730,2021062400100642,2021년 6월 24일 22시,목요일,인천광역시 남동구 구월동,경상사고,0,0,1,0,차대사람 - 기타,안전운전불이행,포장 - 건조,맑음,단일로 - 기타,승용,남,28세,상해없음,보행자,남,39세,경상
731,2021062500100184,2021년 6월 25일 10시,금요일,인천광역시 남동구 간석동,경상사고,0,0,1,0,차대사람 - 보도통행중,안전운전불이행,포장 - 건조,맑음,단일로 - 기타,승용,남,43세,상해없음,보행자,여,20세,경상
732,2021062600100021,2021년 6월 26일 00시,토요일,인천광역시 부평구 부평동,부상신고사고,0,0,0,1,차대사람 - 기타,안전운전불이행,포장 - 건조,흐림,단일로 - 기타,기타불명,기타불명,미분류,기타불명,보행자,남,37세,부상신고
733,2021062600100283,2021년 6월 26일 13시,토요일,인천광역시 연수구 연수동,중상사고,0,1,0,0,차대사람 - 횡단중,안전운전불이행,포장 - 건조,맑음,단일로 - 기타,이륜,남,43세,상해없음,보행자,남,30세,중상
734,2021062600100418,2021년 6월 26일 17시,토요일,인천광역시 중구 을왕동,경상사고,0,0,1,0,차대사람 - 기타,안전운전불이행,포장 - 건조,맑음,교차로 - 교차로부근,승용,남,59세,상해없음,보행자,여,39세,경상
735,2021062700100222,2021년 6월 27일 13시,일요일,인천광역시 연수구 청학동,중상사고,0,1,0,0,차대사람 - 차도통행중,교차로운행방법위반,포장 - 건조,맑음,교차로 - 교차로안,승용,여,46세,상해없음,보행자,여,72세,중상
736,2021062700100395,2021년 6월 27일 18시,일요일,인천광역시 남동구 구월동,경상사고,0,0,1,0,차대사람 - 기타,안전운전불이행,포장 - 건조,맑음,단일로 - 기타,승합,남,66세,상해없음,보행자,여,7세,경상
737,2021062800100221,2021년 6월 28일 11시,월요일,인천광역시 동구 송현동,경상사고,0,0,1,0,차대사람 - 횡단중,신호위반,포장 - 건조,맑음,교차로 - 교차로안,승용,남,62세,상해없음,보행자,여,20세,경상
738,2021062800100223,2021년 6월 28일 11시,월요일,인천광역시 서구 연희동,중상사고,0,1,0,0,차대사람 - 횡단중,안전운전불이행,포장 - 젖음/습기,비,교차로 - 교차로안,승용,여,53세,상해없음,보행자,여,79세,중상
739,2021062800100299,2021년 6월 28일 13시,월요일,인천광역시 강화군 송해면,중상사고,0,1,0,0,차대사람 - 횡단중,안전운전불이행,포장 - 건조,맑음,단일로 - 지하차도(도로)내,승용,남,19세,상해없음,보행자,여,77세,중상
740,2021062800100376,2021년 6월 28일 15시,월요일,인천광역시 서구 석남동,중상사고,0,1,0,0,차대사람 - 횡단중,안전운전불이행,포장 - 건조,맑음,교차로 - 교차로안,승용,여,47세,상해없음,보행자,여,78세,중상
741,2021062800100378,2021년 6월 28일 15시,월요일,인천광역시 서구 가정동,중상사고,0,1,0,0,차대사람 - 횡단중,보행자보호의무위반,포장 - 건조,맑음,교차로 - 교차로횡단보도내,화물,남,61세,상해없음,보행자,남,10세,중상
742,2021062800100428,2021년 6월 28일 16시,월요일,인천광역시 미추홀구 용현동,중상사고,0,1,0,0,차대사람 - 차도통행중,안전운전불이행,포장 - 건조,맑음,교차로 - 교차로부근,승용,여,59세,상해없음,보행자,남,78세,중상
743,2021062800100473,2021년 6월 28일 17시,월요일,인천광역시 서구 가정동,중상사고,0,1,0,0,차대사람 - 기타,안전운전불이행,포장 - 건조,맑음,교차로 - 교차로안,승용,여,35세,상해없음,보행자,여,82세,중상
744,2021062800100522,2021년 6월 28일 18시,월요일,인천광역시 남동구 구월동,경상사고,0,0,1,0,차대사람 - 기타,안전운전불이행,포장 - 젖음/습기,비,단일로 - 기타,승용,여,51세,상해없음,보행자,남,27세,경상
745,2021062900100258,2021년 6월 29일 13시,화요일,인천광역시 남동구 간석동,경상사고,0,0,1,0,차대사람 - 길가장자리구역통행중,안전운전불이행,포장 - 건조,맑음,단일로 - 기타,승용,남,25세,상해없음,보행자,여,11세,경상
746,2021062900100519,2021년 6월 29일 18시,화요일,인천광역시 서구 금곡동,중상사고,0,1,0,0,차대사람 - 횡단중,보행자보호의무위반,포장 - 건조,맑음,교차로 - 교차로횡단보도내,승용,남,47세,상해없음,보행자,여,77세,중상
747,2021063000100108,2021년 6월 30일 08시,수요일,인천광역시 계양구 효성동,경상사고,0,0,1,0,차대사람 - 횡단중,보행자보호의무위반,포장 - 건조,맑음,교차로 - 교차로횡단보도내,승용,남,58세,상해없음,보행자,남,44세,경상
748,2021063000100361,2021년 6월 30일 15시,수요일,인천광역시 서구 왕길동,중상사고,0,1,0,0,차대사람 - 횡단중,보행자보호의무위반,포장 - 건조,맑음,교차로 - 교차로횡단보도내,승용,남,67세,상해없음,보행자,여,67세,중상
749,2021063000100456,2021년 6월 30일 17시,수요일,인천광역시 서구 오류동,사망사고,1,0,0,0,차대사람 - 횡단중,보행자보호의무위반,포장 - 건조,맑음,교차로 - 교차로횡단보도내,화물,남,50세,상해없음,보행자,남,80세,사망
750,2021070100100239,2021년 7월 1일 12시,목요일,인천광역시 서구 왕길동,경상사고,0,0,2,0,차대사람 - 횡단중,보행자보호의무위반,포장 - 건조,맑음,교차로 - 교차로횡단보도내,승용,여,54세,상해없음,보행자,여,28세,경상
751,2021070100100532,2021년 7월 1일 19시,목요일,인천광역시 미추홀구 주안동,경상사고,0,0,1,0,차대사람 - 기타,안전운전불이행,포장 - 건조,맑음,교차로 - 교차로안,화물,남,45세,상해없음,보행자,남,36세,경상
752,2021070200100144,2021년 7월 2일 09시,금요일,인천광역시 부평구 청천동,경상사고,0,0,1,0,차대사람 - 차도통행중,안전운전불이행,포장 - 건조,맑음,교차로 - 교차로안,승용,남,38세,상해없음,보행자,여,75세,경상
753,2021070200100145,2021년 7월 2일 09시,금요일,인천광역시 부평구 부평동,경상사고,0,0,1,0,차대사람 - 횡단중,안전운전불이행,포장 - 건조,맑음,교차로 - 교차로횡단보도내,개인형이동수단(PM),남,18세,상해없음,보행자,여,40세,경상
754,2021070200100403,2021년 7월 2일 16시,금요일,인천광역시 부평구 산곡동,중상사고,0,1,0,0,차대사람 - 횡단중,안전운전불이행,포장 - 건조,맑음,교차로 - 교차로부근,승용,남,50세,상해없음,보행자,여,67세,중상
755,2021070200100455,2021년 7월 2일 17시,금요일,인천광역시 계양구 계산동,중상사고,0,1,0,0,차대사람 - 횡단중,신호위반,포장 - 건조,맑음,교차로 - 교차로횡단보도내,승용,남,61세,상해없음,보행자,여,36세,중상
756,2021070200100582,2021년 7월 2일 19시,금요일,인천광역시 부평구 부평동,경상사고,0,0,1,0,차대사람 - 횡단중,신호위반,포장 - 건조,맑음,교차로 - 교차로부근,승용,남,25세,상해없음,보행자,여,52세,경상
757,2021070200100632,2021년 7월 2일 20시,금요일,인천광역시 부평구 부평동,중상사고,0,1,0,0,차대사람 - 기타,안전운전불이행,포장 - 건조,맑음,단일로 - 기타,승용,남,48세,상해없음,보행자,남,79세,중상
758,2021070300100047,2021년 7월 3일 05시,토요일,인천광역시 계양구 병방동,중상사고,0,1,0,0,차대사람 - 횡단중,신호위반,포장 - 건조,맑음,교차로 - 교차로횡단보도내,승용,남,61세,상해없음,보행자,남,78세,중상
759,2021070300100218,2021년 7월 3일 12시,토요일,인천광역시 미추홀구 주안동,중상사고,0,1,0,0,차대사람 - 길가장자리구역통행중,안전운전불이행,포장 - 건조,흐림,단일로 - 기타,승용,남,66세,상해없음,보행자,여,66세,중상
760,2021070300100295,2021년 7월 3일 14시,토요일,인천광역시 남동구 구월동,경상사고,0,0,1,0,차대사람 - 기타,안전운전불이행,포장 - 건조,맑음,주차장 - 주차장,승용,남,38세,상해없음,보행자,남,49세,경상
761,2021070400100431,2021년 7월 4일 21시,일요일,인천광역시 부평구 부평동,부상신고사고,0,0,0,1,차대사람 - 보도통행중,안전운전불이행,포장 - 건조,맑음,교차로 - 교차로안,기타불명,기타불명,미분류,기타불명,보행자,여,17세,부상신고
762,2021070500100064,2021년 7월 5일 07시,월요일,인천광역시 서구 금곡동,경상사고,0,0,1,0,차대사람 - 기타,안전운전불이행,포장 - 건조,맑음,기타 - 기타,이륜,남,22세,상해없음,보행자,여,59세,경상
763,2021070500100100,2021년 7월 5일 08시,월요일,인천광역시 동구 송림동,경상사고,0,0,1,0,차대사람 - 기타,기타,포장 - 건조,맑음,단일로 - 지하차도(도로)내,승합,남,58세,상해없음,보행자,여,60세,경상
764,2021070500100142,2021년 7월 5일 09시,월요일,인천광역시 부평구 갈산동,부상신고사고,0,0,0,1,차대사람 - 길가장자리구역통행중,안전운전불이행,포장 - 건조,맑음,단일로 - 기타,승용,남,50세,상해없음,보행자,여,27세,부상신고
765,2021070500100172,2021년 7월 5일 10시,월요일,인천광역시 부평구 삼산동,중상사고,0,1,0,0,차대사람 - 기타,기타,포장 - 건조,맑음,단일로 - 기타,승합,남,58세,상해없음,보행자,여,64세,중상
766,2021070500100208,2021년 7월 5일 11시,월요일,인천광역시 중구 운남동,중상사고,0,2,0,0,차대사람 - 길가장자리구역통행중,과속,포장 - 건조,맑음,단일로 - 지하차도(도로)내,승용,남,32세,기타불명,보행자,남,40세,중상
767,2021070500100312,2021년 7월 5일 14시,월요일,인천광역시 계양구 효성동,경상사고,0,0,1,0,차대사람 - 횡단중,안전운전불이행,포장 - 건조,맑음,교차로 - 교차로부근,개인형이동수단(PM),여,44세,상해없음,보행자,여,81세,경상
768,2021070500100385,2021년 7월 5일 16시,월요일,인천광역시 계양구 임학동,중상사고,0,1,0,0,차대사람 - 차도통행중,안전운전불이행,포장 - 건조,흐림,교차로 - 교차로안,승용,여,53세,상해없음,보행자,여,59세,중상
769,2021070500100463,2021년 7월 5일 18시,월요일,인천광역시 남동구 구월동,경상사고,0,0,1,0,차대사람 - 길가장자리구역통행중,보행자보호의무위반,포장 - 건조,맑음,단일로 - 기타,승용,남,64세,상해없음,보행자,여,28세,경상
770,2021070600100076,2021년 7월 6일 07시,화요일,인천광역시 서구 오류동,사망사고,1,0,0,0,차대사람 - 기타,안전운전불이행,포장 - 건조,맑음,교차로 - 교차로안,화물,남,56세,상해없음,보행자,남,65세,사망
771,2021070600100193,2021년 7월 6일 11시,화요일,인천광역시 미추홀구 관교동,경상사고,0,0,1,0,차대사람 - 차도통행중,안전운전불이행,포장 - 건조,맑음,기타 - 기타,승용,여,53세,상해없음,보행자,여,21세,경상
772,2021070600100194,2021년 7월 6일 11시,화요일,인천광역시 서구 오류동,중상사고,0,1,0,0,차대사람 - 기타,안전운전불이행,포장 - 건조,맑음,단일로 - 기타,화물,남,72세,상해없음,보행자,남,64세,중상
773,2021070600100292,2021년 7월 6일 14시,화요일,인천광역시 부평구 산곡동,중상사고,0,1,0,0,차대사람 - 기타,안전운전불이행,포장 - 건조,맑음,단일로 - 기타,승용,남,42세,상해없음,보행자,여,51세,중상
774,2021070600100364,2021년 7월 6일 16시,화요일,인천광역시 부평구 부평동,부상신고사고,0,0,0,1,차대사람 - 차도통행중,안전운전불이행,포장 - 건조,맑음,단일로 - 지하차도(도로)내,승용,여,51세,상해없음,보행자,남,27세,부상신고
775,2021070600100365,2021년 7월 6일 16시,화요일,인천광역시 서구 가정동,경상사고,0,0,1,0,차대사람 - 기타,보행자보호의무위반,포장 - 건조,맑음,교차로 - 교차로횡단보도내,승용,여,63세,상해없음,보행자,여,8세,경상
776,2021070700100251,2021년 7월 7일 12시,수요일,인천광역시 부평구 삼산동,부상신고사고,0,0,0,1,차대사람 - 기타,안전운전불이행,포장 - 기타,맑음,단일로 - 기타,기타불명,남,61세,상해없음,보행자,남,67세,부상신고
777,2021070700100474,2021년 7월 7일 18시,수요일,인천광역시 서구 석남동,중상사고,0,1,0,0,차대사람 - 횡단중,안전운전불이행,포장 - 건조,맑음,단일로 - 기타,승합,남,54세,상해없음,보행자,여,76세,중상
778,2021070800100493,2021년 7월 8일 19시,목요일,인천광역시 서구 신현동,경상사고,0,0,1,0,차대사람 - 기타,안전운전불이행,포장 - 건조,맑음,기타 - 기타,이륜,남,31세,상해없음,보행자,여,13세,경상
779,2021070800100555,2021년 7월 8일 21시,목요일,인천광역시 서구 석남동,경상사고,0,0,1,0,차대사람 - 기타,안전운전불이행,포장 - 건조,맑음,단일로 - 기타,승용,여,39세,상해없음,보행자,여,48세,경상
780,2021070900100219,2021년 7월 9일 12시,금요일,인천광역시 계양구 효성동,경상사고,0,0,1,0,차대사람 - 보도통행중,안전운전불이행,포장 - 건조,맑음,교차로 - 교차로횡단보도내,승합,남,52세,기타불명,보행자,남,31세,경상
781,2021071000100273,2021년 7월 10일 12시,토요일,인천광역시 서구 가정동,중상사고,0,2,2,0,차대사람 - 기타,안전운전불이행,포장 - 건조,맑음,교차로 - 교차로부근,승용,여,41세,상해없음,보행자,여,56세,중상
782,2021071000100274,2021년 7월 10일 12시,토요일,인천광역시 부평구 부평동,부상신고사고,0,0,0,1,차대사람 - 기타,안전운전불이행,포장 - 건조,맑음,단일로 - 기타,화물,남,49세,상해없음,보행자,여,50세,부상신고
783,2021071000100452,2021년 7월 10일 17시,토요일,인천광역시 계양구 계산동,부상신고사고,0,0,0,1,차대사람 - 기타,안전운전불이행,포장 - 건조,맑음,미분류 - 미분류,자전거,남,66세,상해없음,보행자,여,65세,부상신고
784,2021071000100453,2021년 7월 10일 17시,토요일,인천광역시 계양구 작전동,경상사고,0,0,1,0,차대사람 - 차도통행중,안전운전불이행,포장 - 건조,맑음,단일로 - 기타,기타불명,기타불명,미분류,기타불명,보행자,여,18세,경상
785,2021071000100454,2021년 7월 10일 17시,토요일,인천광역시 남동구 논현동,중상사고,0,1,0,0,차대사람 - 횡단중,보행자보호의무위반,포장 - 건조,맑음,교차로 - 교차로부근,이륜,남,37세,상해없음,보행자,여,46세,중상
786,2021071000100612,2021년 7월 10일 23시,토요일,인천광역시 동구 송림동,경상사고,0,0,2,0,차대사람 - 차도통행중,안전운전불이행,포장 - 건조,맑음,단일로 - 지하차도(도로)내,이륜,남,20세,상해없음,보행자,여,18세,경상
787,2021071100100153,2021년 7월 11일 13시,일요일,인천광역시 미추홀구 주안동,중상사고,0,1,0,0,차대사람 - 기타,안전운전불이행,포장 - 건조,맑음,단일로 - 기타,승용,남,62세,기타불명,보행자,여,24세,중상
788,2021071100100307,2021년 7월 11일 18시,일요일,인천광역시 부평구 부평동,부상신고사고,0,0,0,1,차대사람 - 기타,안전운전불이행,포장 - 건조,맑음,단일로 - 기타,승용,남,18세,상해없음,보행자,남,28세,부상신고
789,2021071200100005,2021년 7월 12일 00시,월요일,인천광역시 서구 석남동,중상사고,0,1,0,0,차대사람 - 횡단중,신호위반,포장 - 건조,맑음,교차로 - 교차로횡단보도내,승용,여,49세,상해없음,보행자,남,24세,중상
790,2021071200100031,2021년 7월 12일 06시,월요일,인천광역시 남동구 간석동,경상사고,0,0,1,0,차대사람 - 길가장자리구역통행중,안전운전불이행,포장 - 건조,맑음,교차로 - 교차로부근,승용,여,22세,상해없음,보행자,여,17세,경상
791,2021071200100081,2021년 7월 12일 08시,월요일,인천광역시 계양구 효성동,경상사고,0,0,1,0,차대사람 - 횡단중,안전운전불이행,포장 - 건조,맑음,기타 - 기타,승용,남,68세,기타불명,보행자,남,73세,경상
792,2021071200100241,2021년 7월 12일 13시,월요일,인천광역시 미추홀구 용현동,경상사고,0,0,1,0,차대사람 - 횡단중,안전운전불이행,포장 - 건조,맑음,단일로 - 기타,승용,남,81세,상해없음,보행자,남,10세,경상
793,2021071200100420,2021년 7월 12일 17시,월요일,인천광역시 남동구 만수동,경상사고,0,0,1,0,차대사람 - 길가장자리구역통행중,안전운전불이행,포장 - 건조,맑음,단일로 - 기타,승용,남,47세,상해없음,보행자,남,23세,경상