,사고번호,사고일시,요일,시군구,사고내용,사망자수,중상자수,경상자수,부상신고자수,사고유형,법규위반,노면상태,기상상태,도로형태,가해운전자 차종,가해운전자 성별,가해운전자 연령,가해운전자 상해정도,피해운전자 차종,피해운전자 성별,피해운전자 연령,피해운전자 상해정도
1130,2021101500100180,2021년 10월 15일 10시,금요일,인천광역시 서구 심곡동,경상사고,0,0,1,0,차대사람 - 기타,안전운전불이행,포장 - 건조,맑음,교차로 - 교차로안,승용,남,30세,상해없음,보행자,여,64세,경상
1131,2021101500100285,2021년 10월 15일 13시,금요일,인천광역시 미추홀구 학익동,중상사고,0,1,0,0,차대사람 - 기타,신호위반,포장 - 건조,맑음,교차로 - 교차로안,승용,여,64세,상해없음,보행자,여,81세,중상
1132,2021101500100583,2021년 10월 15일 20시,금요일,인천광역시 미추홀구 숭의동,경상사고,0,0,1,0,차대사람 - 기타,안전운전불이행,포장 - 건조,맑음,단일로 - 기타,화물,남,69세,상해없음,보행자,남,53세,경상
1133,2021101500100585,2021년 10월 15일 20시,금요일,인천광역시 부평구 부평동,경상사고,0,0,1,0,차대사람 - 길가장자리구역통행중,기타,포장 - 건조,맑음,단일로 - 기타,이륜,남,44세,상해없음,보행자,남,22세,경상
1134,2021101600100344,2021년 10월 16일 16시,토요일,인천광역시 남동구 논현동,경상사고,0,0,1,0,차대사람 - 차도통행중,안전운전불이행,포장 - 건조,맑음,단일로 - 기타,승용,남,77세,상해없음,보행자,남,47세,경상
1135,2021101700100142,2021년 10월 17일 12시,일요일,인천광역시 남동구 간석동,중상사고,0,2,0,0,차대사람 - 횡단중,안전운전불이행,포장 - 건조,맑음,교차로 - 교차로횡단보도내,승용,여,43세,상해없음,보행자,여,66세,중상
1136,2021101800100172,2021년 10월 18일 09시,월요일,인천광역시 부평구 부평동,경상사고,0,0,1,0,차대사람 - 길가장자리구역통행중,안전운전불이행,포장 - 건조,맑음,교차로 - 교차로부근,승합,남,52세,상해없음,보행자,남,47세,경상
1137,2021101800100248,2021년 10월 18일 11시,월요일,인천광역시 부평구 부평동,중상사고,0,1,0,0,차대사람 - 횡단중,안전운전불이행,포장 - 건조,흐림,단일로 - 기타,승용,남,49세,상해없음,보행자,여,86세,중상
1138,2021101800100427,2021년 10월 18일 16시,월요일,인천광역시 부평구 부개동,부상신고사고,0,0,0,1,차대사람 - 횡단중,안전운전불이행,포장 - 건조,맑음,교차로 - 교차로부근,화물,남,60세,상해없음,보행자,남,45세,부상신고
1139,2021101800100588,2021년 10월 18일 19시,월요일,인천광역시 미추홀구 관교동,경상사고,0,0,1,0,차대사람 - 횡단중,신호위반,포장 - 젖음/습기,비,단일로 - 기타,이륜,남,20세,상해없음,보행자,여,37세,경상
1140,2021101800100619,2021년 10월 18일 20시,월요일,인천광역시 미추홀구 주안동,경상사고,0,0,1,0,차대사람 - 횡단중,신호위반,포장 - 젖음/습기,비,교차로 - 교차로횡단보도내,이륜,남,30세,상해없음,보행자,남,20세,경상
1141,2021101900100198,2021년 10월 19일 12시,화요일,인천광역시 부평구 부평동,경상사고,0,0,1,0,차대사람 - 횡단중,보행자보호의무위반,포장 - 건조,맑음,교차로 - 교차로안,승용,여,58세,상해없음,보행자,여,78세,경상
1142,2021101900100234,2021년 10월 19일 13시,화요일,인천광역시 계양구 작전동,경상사고,0,0,1,0,차대사람 - 기타,안전운전불이행,포장 - 건조,맑음,기타 - 기타,승용,여,60세,상해없음,보행자,남,68세,경상
1143,2021101900100296,2021년 10월 19일 15시,화요일,인천광역시 남동구 구월동,경상사고,0,0,1,0,차대사람 - 길가장자리구역통행중,안전운전불이행,포장 - 건조,맑음,교차로 - 교차로부근,승용,남,32세,기타불명,보행자,여,80세,경상
1144,2021101900100342,2021년 10월 19일 16시,화요일,인천광역시 부평구 갈산동,경상사고,0,0,1,0,차대사람 - 횡단중,보행자보호의무위반,포장 - 건조,맑음,교차로 - 교차로횡단보도내,승용,남,60세,상해없음,보행자,여,55세,경상
1145,2021102000100082,2021년 10월 20일 08시,수요일,인천광역시 부평구 청천동,경상사고,0,0,1,0,차대사람 - 차도통행중,안전운전불이행,포장 - 건조,맑음,단일로 - 지하차도(도로)내,승용,여,56세,상해없음,보행자,여,33세,경상
1146,2021102000100115,2021년 10월 20일 09시,수요일,인천광역시 남동구 구월동,경상사고,0,0,1,0,차대사람 - 기타,안전운전불이행,포장 - 건조,맑음,단일로 - 기타,자전거,남,78세,상해없음,보행자,여,37세,경상
1147,2021102000100183,2021년 10월 20일 11시,수요일,인천광역시 서구 가좌동,경상사고,0,0,1,0,차대사람 - 기타,안전운전불이행,포장 - 건조,맑음,단일로 - 기타,화물,남,52세,기타불명,보행자,남,36세,경상
1148,2021102000100336,2021년 10월 20일 15시,수요일,인천광역시 서구 마전동,경상사고,0,0,1,0,차대사람 - 기타,기타,포장 - 건조,맑음,단일로 - 기타,승합,남,67세,상해없음,보행자,여,30세,경상
1149,2021102000100497,2021년 10월 20일 18시,수요일,인천광역시 남동구 만수동,부상신고사고,0,0,0,1,차대사람 - 길가장자리구역통행중,안전운전불이행,포장 - 건조,맑음,교차로 - 교차로부근,승용,여,51세,상해없음,보행자,여,25세,부상신고
1150,2021102100100182,2021년 10월 21일 11시,목요일,인천광역시 남동구 만수동,경상사고,0,0,1,0,차대사람 - 횡단중,신호위반,포장 - 건조,맑음,교차로 - 교차로횡단보도내,자전거,여,60세,상해없음,보행자,여,56세,경상
1151,2021102100100185,2021년 10월 21일 11시,목요일,인천광역시 계양구 용종동,중상사고,0,1,0,0,차대사람 - 기타,안전운전불이행,포장 - 건조,맑음,교차로 - 교차로부근,승용,남,63세,상해없음,보행자,여,83세,중상
1152,2021102100100253,2021년 10월 21일 13시,목요일,인천광역시 남동구 고잔동,경상사고,0,0,1,0,차대사람 - 기타,안전운전불이행,포장 - 건조,맑음,단일로 - 기타,화물,남,47세,상해없음,보행자,남,44세,경상
1153,2021102100100298,2021년 10월 21일 14시,목요일,인천광역시 미추홀구 용현동,부상신고사고,0,0,0,1,차대사람 - 횡단중,안전운전불이행,포장 - 건조,맑음,단일로 - 기타,기타불명,기타불명,미분류,기타불명,보행자,남,12세,부상신고
1154,2021102100100324,2021년 10월 21일 15시,목요일,인천광역시 강화군 길상면,중상사고,0,1,0,0,차대사람 - 기타,안전운전불이행,비포장 - 건조,맑음,단일로 - 기타,화물,남,40세,상해없음,보행자,남,34세,중상
1155,2021102100100520,2021년 10월 21일 19시,목요일,인천광역시 부평구 부평동,부상신고사고,0,0,0,1,차대사람 - 길가장자리구역통행중,안전운전불이행,포장 - 건조,맑음,교차로 - 교차로부근,승용,여,48세,기타불명,보행자,남,53세,부상신고
1156,2021102200100148,2021년 10월 22일 09시,금요일,인천광역시 서구 가좌동,경상사고,0,0,1,0,차대사람 - 횡단중,안전운전불이행,포장 - 건조,맑음,교차로 - 교차로안,승용,여,37세,상해없음,보행자,여,72세,경상
1157,2021102200100227,2021년 10월 22일 11시,금요일,인천광역시 서구 가좌동,경상사고,0,0,1,0,차대사람 - 보도통행중,안전운전불이행,포장 - 건조,맑음,기타 - 기타,기타불명,기타불명,미분류,기타불명,보행자,여,67세,경상
1158,2021102300100133,2021년 10월 23일 10시,토요일,인천광역시 남동구 장수동,경상사고,0,0,1,0,차대사람 - 차도통행중,보행자보호의무위반,포장 - 건조,맑음,단일로 - 기타,화물,남,51세,상해없음,보행자,여,65세,경상
1159,2021102300100409,2021년 10월 23일 16시,토요일,인천광역시 미추홀구 용현동,중상사고,0,1,0,0,차대사람 - 보도통행중,기타,포장 - 건조,맑음,단일로 - 기타,이륜,남,48세,상해없음,보행자,남,4세,중상
1160,2021102300100481,2021년 10월 23일 18시,토요일,인천광역시 연수구 연수동,경상사고,0,0,1,0,차대사람 - 횡단중,안전운전불이행,포장 - 건조,맑음,단일로 - 지하차도(도로)내,승용,남,27세,기타불명,보행자,남,40세,경상
1161,2021102400100090,2021년 10월 24일 09시,일요일,인천광역시 부평구 삼산동,중상사고,0,1,0,0,차대사람 - 기타,안전운전불이행,포장 - 건조,맑음,단일로 - 기타,승합,남,47세,상해없음,보행자,여,60세,중상
1162,2021102400100112,2021년 10월 24일 10시,일요일,인천광역시 부평구 부평동,경상사고,0,0,1,0,차대사람 - 횡단중,안전운전불이행,포장 - 건조,맑음,단일로 - 기타,승용,남,62세,상해없음,보행자,여,25세,경상
1163,2021102400100139,2021년 10월 24일 11시,일요일,인천광역시 미추홀구 용현동,중상사고,0,1,0,0,차대사람 - 기타,기타,포장 - 건조,맑음,단일로 - 기타,승합,남,49세,상해없음,보행자,여,79세,중상
1164,2021102400100305,2021년 10월 24일 16시,일요일,인천광역시 서구 가정동,경상사고,0,0,1,0,차대사람 - 보도통행중,보행자보호의무위반,포장 - 건조,맑음,교차로 - 교차로횡단보도내,승용,남,52세,상해없음,보행자,여,13세,경상
1165,2021102500100002,2021년 10월 25일 00시,월요일,인천광역시 부평구 부평동,부상신고사고,0,0,0,1,차대사람 - 기타,안전운전불이행,포장 - 건조,맑음,단일로 - 기타,승용,남,46세,상해없음,보행자,남,23세,부상신고
1166,2021102500100456,2021년 10월 25일 17시,월요일,인천광역시 미추홀구 용현동,경상사고,0,0,1,0,차대사람 - 기타,보행자보호의무위반,포장 - 건조,맑음,교차로 - 교차로안,승용,여,45세,상해없음,보행자,여,27세,경상
1167,2021102500100458,2021년 10월 25일 17시,월요일,인천광역시 계양구 작전동,경상사고,0,0,1,0,차대사람 - 기타,안전운전불이행,포장 - 건조,맑음,단일로 - 기타,승합,남,64세,상해없음,보행자,남,29세,경상
1168,2021102500100504,2021년 10월 25일 18시,월요일,인천광역시 미추홀구 주안동,중상사고,0,1,0,0,차대사람 - 차도통행중,안전운전불이행,포장 - 건조,맑음,단일로 - 기타,승용,여,27세,상해없음,보행자,남,66세,중상
1169,2021102500100505,2021년 10월 25일 18시,월요일,인천광역시 미추홀구 숭의동,경상사고,0,0,1,0,차대사람 - 횡단중,안전운전불이행,포장 - 건조,맑음,단일로 - 기타,승용,남,55세,상해없음,보행자,남,68세,경상
1170,2021102500100507,2021년 10월 25일 18시,월요일,인천광역시 부평구 부평동,중상사고,0,1,0,0,차대사람 - 기타,보행자보호의무위반,포장 - 건조,맑음,교차로 - 교차로안,승용,남,29세,상해없음,보행자,여,59세,중상
1171,2021102500100555,2021년 10월 25일 19시,월요일,인천광역시 강화군 강화읍,중상사고,0,1,0,0,차대사람 - 횡단중,안전운전불이행,포장 - 건조,맑음,단일로 - 지하차도(도로)내,승용,여,38세,상해없음,보행자,남,75세,중상
1172,2021102600100093,2021년 10월 26일 08시,화요일,인천광역시 서구 심곡동,경상사고,0,0,1,0,차대사람 - 횡단중,안전운전불이행,포장 - 건조,맑음,교차로 - 교차로부근,승용,남,38세,상해없음,보행자,남,16세,경상
1173,2021102600100125,2021년 10월 26일 09시,화요일,인천광역시 부평구 청천동,중상사고,0,1,0,0,차대사람 - 기타,보행자보호의무위반,포장 - 건조,맑음,교차로 - 교차로횡단보도내,승용,남,62세,상해없음,보행자,여,35세,중상
1174,2021102600100226,2021년 10월 26일 12시,화요일,인천광역시 미추홀구 학익동,경상사고,0,0,1,0,차대사람 - 횡단중,중앙선침범,포장 - 건조,맑음,단일로 - 지하차도(도로)내,승용,여,60세,상해없음,보행자,남,79세,경상
1175,2021102600100259,2021년 10월 26일 13시,화요일,인천광역시 남동구 구월동,경상사고,0,0,1,0,차대사람 - 기타,안전운전불이행,포장 - 건조,맑음,기타 - 기타,화물,남,52세,상해없음,보행자,여,29세,경상
1176,2021102600100335,2021년 10월 26일 15시,화요일,인천광역시 계양구 작전동,중상사고,0,1,0,0,차대사람 - 차도통행중,안전운전불이행,포장 - 건조,맑음,단일로 - 기타,화물,남,63세,상해없음,보행자,여,75세,중상
1177,2021102600100474,2021년 10월 26일 18시,화요일,인천광역시 옹진군 영흥면,중상사고,0,1,0,0,차대사람 - 횡단중,안전운전불이행,포장 - 건조,맑음,단일로 - 지하차도(도로)내,승용,여,73세,상해없음,보행자,남,59세,중상
1178,2021102700100233,2021년 10월 27일 13시,수요일,인천광역시 부평구 일신동,부상신고사고,0,0,0,1,차대사람 - 기타,안전거리미확보,포장 - 건조,맑음,교차로 - 교차로부근,화물,남,73세,상해없음,보행자,남,9세,부상신고
1179,2021102700100363,2021년 10월 27일 16시,수요일,인천광역시 남동구 고잔동,경상사고,0,0,1,0,차대사람 - 차도통행중,안전운전불이행,포장 - 건조,맑음,단일로 - 기타,자전거,남,71세,기타불명,보행자,남,59세,경상
1180,2021102700100512,2021년 10월 27일 19시,수요일,인천광역시 계양구 서운동,경상사고,0,0,1,0,차대사람 - 기타,안전운전불이행,포장 - 건조,맑음,단일로 - 기타,이륜,남,19세,상해없음,보행자,남,24세,경상
1181,2021102700100605,2021년 10월 27일 22시,수요일,인천광역시 서구 왕길동,중상사고,0,1,0,0,차대사람 - 기타,신호위반,포장 - 건조,맑음,교차로 - 교차로횡단보도내,이륜,남,16세,상해없음,보행자,남,47세,중상
1182,2021102800100173,2021년 10월 28일 09시,목요일,인천광역시 미추홀구 주안동,경상사고,0,0,1,0,차대사람 - 기타,안전운전불이행,포장 - 건조,맑음,기타 - 기타,승용,남,41세,상해없음,보행자,여,25세,경상
1183,2021102800100382,2021년 10월 28일 15시,목요일,인천광역시 서구 원당동,경상사고,0,0,1,0,차대사람 - 횡단중,신호위반,포장 - 건조,맑음,교차로 - 교차로횡단보도내,화물,남,59세,상해없음,보행자,여,48세,경상
1184,2021102800100414,2021년 10월 28일 16시,목요일,인천광역시 미추홀구 학익동,중상사고,0,1,0,0,차대사람 - 횡단중,보행자보호의무위반,포장 - 건조,맑음,단일로 - 기타,이륜,남,23세,상해없음,보행자,여,61세,중상
1185,2021102800100581,2021년 10월 28일 19시,목요일,인천광역시 강화군 강화읍,경상사고,0,0,2,0,차대사람 - 횡단중,신호위반,포장 - 건조,맑음,교차로 - 교차로안,원동기,남,42세,상해없음,보행자,여,56세,경상
1186,2021102800100644,2021년 10월 28일 21시,목요일,인천광역시 연수구 동춘동,부상신고사고,0,0,0,1,차대사람 - 기타,안전운전불이행,포장 - 건조,맑음,단일로 - 기타,개인형이동수단(PM),기타불명,미분류,기타불명,보행자,여,20세,부상신고
1187,2021102800100683,2021년 10월 28일 23시,목요일,인천광역시 미추홀구 용현동,경상사고,0,0,1,0,차대사람 - 횡단중,보행자보호의무위반,포장 - 건조,맑음,교차로 - 교차로횡단보도내,승용,남,35세,상해없음,보행자,여,24세,경상
1188,2021102900100085,2021년 10월 29일 08시,금요일,인천광역시 연수구 송도동,경상사고,0,0,1,0,차대사람 - 횡단중,보행자보호의무위반,포장 - 건조,맑음,교차로 - 교차로횡단보도내,승용,여,64세,상해없음,보행자,여,25세,경상
1189,2021102900100307,2021년 10월 29일 14시,금요일,인천광역시 동구 송림동,사망사고,1,0,0,0,차대사람 - 횡단중,기타,포장 - 건조,맑음,단일로 - 기타,건설기계,남,60세,상해없음,보행자,남,73세,사망
1190,2021102900100361,2021년 10월 29일 15시,금요일,인천광역시 연수구 송도동,중상사고,0,1,0,0,차대사람 - 기타,안전운전불이행,포장 - 건조,맑음,교차로 - 교차로부근,승용,남,46세,상해없음,보행자,남,33세,중상
1191,2021102900100628,2021년 10월 29일 21시,금요일,인천광역시 부평구 부평동,부상신고사고,0,0,0,1,차대사람 - 기타,안전운전불이행,포장 - 건조,맑음,단일로 - 기타,승용,여,18세,상해없음,보행자,남,19세,부상신고
1192,2021103000100134,2021년 10월 30일 10시,토요일,인천광역시 부평구 삼산동,경상사고,0,0,1,0,차대사람 - 기타,안전운전불이행,포장 - 기타,기타,교차로 - 교차로안,승용,여,39세,상해없음,보행자,여,83세,경상
1193,2021103000100430,2021년 10월 30일 18시,토요일,인천광역시 연수구 송도동,중상사고,0,1,0,0,차대사람 - 기타,기타,포장 - 건조,맑음,교차로 - 교차로안,이륜,남,36세,상해없음,보행자,남,41세,중상
1194,2021103000100549,2021년 10월 30일 22시,토요일,인천광역시 미추홀구 용현동,부상신고사고,0,0,0,1,차대사람 - 기타,안전운전불이행,포장 - 건조,맑음,단일로 - 기타,기타불명,기타불명,미분류,기타불명,보행자,남,36세,부상신고
1195,2021103100100077,2021년 10월 31일 09시,일요일,인천광역시 부평구 산곡동,경상사고,0,0,1,0,차대사람 - 횡단중,신호위반,포장 - 건조,맑음,교차로 - 교차로안,승용,남,72세,상해없음,보행자,여,63세,경상
1196,2021103100100226,2021년 10월 31일 14시,일요일,인천광역시 남동구 간석동,경상사고,0,0,1,0,차대사람 - 길가장자리구역통행중,보행자보호의무위반,포장 - 건조,맑음,교차로 - 교차로안,승용,남,74세,상해없음,보행자,남,55세,경상
1197,2021103100100325,2021년 10월 31일 17시,일요일,인천광역시 연수구 동춘동,중상사고,0,1,0,0,차대사람 - 횡단중,안전운전불이행,포장 - 건조,맑음,단일로 - 터널,승용,여,27세,상해없음,보행자,남,67세,중상
1198,2021103100100405,2021년 10월 31일 19시,일요일,인천광역시 미추홀구 도화동,경상사고,0,0,1,0,차대사람 - 횡단중,안전운전불이행,포장 - 건조,맑음,교차로 - 교차로부근,승용,여,32세,상해없음,보행자,남,4세,경상
1199,2021103100100497,2021년 10월 31일 23시,일요일,인천광역시 미추홀구 주안동,중상사고,0,1,0,0,차대사람 - 기타,안전운전불이행,포장 - 건조,맑음,단일로 - 기타,승용,남,48세,상해없음,보행자,여,40세,중상
1200,2021110100100072,2021년 11월 1일 07시,월요일,인천광역시 서구 심곡동,중상사고,0,1,0,0,차대사람 - 기타,안전운전불이행,포장 - 건조,맑음,단일로 - 기타,승용,여,59세,상해없음,보행자,남,83세,중상
1201,2021110100100109,2021년 11월 1일 08시,월요일,인천광역시 서구 심곡동,경상사고,0,0,1,0,차대사람 - 길가장자리구역통행중,안전운전불이행,포장 - 건조,맑음,교차로 - 교차로부근,승용,남,38세,상해없음,보행자,남,8세,경상
1202,2021110100100394,2021년 11월 1일 16시,월요일,인천광역시 부평구 부평동,경상사고,0,0,1,0,차대사람 - 기타,안전운전불이행,포장 - 건조,맑음,단일로 - 기타,승용,남,70세,상해없음,보행자,남,32세,경상
1203,2021110100100443,2021년 11월 1일 17시,월요일,인천광역시 서구 경서동,경상사고,0,0,1,0,차대사람 - 기타,안전운전불이행,포장 - 건조,맑음,단일로 - 기타,승용,남,74세,상해없음,보행자,남,47세,경상
1204,2021110100100614,2021년 11월 1일 23시,월요일,인천광역시 부평구 부평동,부상신고사고,0,0,0,1,차대사람 - 횡단중,안전운전불이행,포장 - 건조,맑음,단일로 - 기타,승용,남,56세,상해없음,보행자,남,19세,부상신고
1205,2021110200100064,2021년 11월 2일 06시,화요일,인천광역시 연수구 송도동,사망사고,1,2,0,0,차대사람 - 보도통행중,신호위반,포장 - 건조,맑음,교차로 - 교차로횡단보도내,승용,남,48세,상해없음,보행자,여,81세,사망
1206,2021110200100481,2021년 11월 2일 18시,화요일,인천광역시 서구 원창동,경상사고,0,0,1,0,차대사람 - 기타,안전운전불이행,포장 - 건조,맑음,단일로 - 기타,승합,남,65세,상해없음,보행자,남,19세,경상
1207,2021110200100549,2021년 11월 2일 20시,화요일,인천광역시 부평구 부평동,경상사고,0,0,1,0,차대사람 - 횡단중,보행자보호의무위반,포장 - 건조,맑음,교차로 - 교차로횡단보도내,이륜,남,61세,상해없음,보행자,여,59세,경상
1208,2021110300100184,2021년 11월 3일 10시,수요일,인천광역시 부평구 갈산동,경상사고,0,0,1,0,차대사람 - 기타,안전운전불이행,포장 - 건조,맑음,단일로 - 기타,승용,남,62세,상해없음,보행자,남,30세,경상
1209,2021110300100233,2021년 11월 3일 11시,수요일,인천광역시 서구 석남동,중상사고,0,1,0,0,차대사람 - 기타,안전운전불이행,포장 - 건조,맑음,단일로 - 기타,승합,남,52세,상해없음,보행자,남,32세,중상
1210,2021110300100493,2021년 11월 3일 18시,수요일,인천광역시 부평구 부평동,중상사고,0,1,0,0,차대사람 - 기타,안전운전불이행,포장 - 건조,맑음,교차로 - 교차로안,승합,여,41세,상해없음,보행자,남,68세,중상
1211,2021110400100049,2021년 11월 4일 05시,목요일,인천광역시 서구 가정동,경상사고,0,0,1,0,차대사람 - 횡단중,보행자보호의무위반,포장 - 건조,맑음,교차로 - 교차로횡단보도내,승합,남,46세,상해없음,보행자,남,54세,경상
1212,2021110400100087,2021년 11월 4일 07시,목요일,인천광역시 중구 운남동,중상사고,0,1,0,0,차대사람 - 길가장자리구역통행중,기타,포장 - 건조,맑음,단일로 - 기타,화물,남,39세,상해없음,보행자,여,81세,중상
1213,2021110400100090,2021년 11월 4일 07시,목요일,인천광역시 계양구 임학동,중상사고,0,1,0,0,차대사람 - 차도통행중,안전운전불이행,포장 - 건조,맑음,교차로 - 교차로횡단보도내,특수,남,59세,상해없음,보행자,남,61세,중상
1214,2021110400100215,2021년 11월 4일 11시,목요일,인천광역시 강화군 강화읍,경상사고,0,0,1,0,차대사람 - 기타,안전운전불이행,포장 - 건조,흐림,단일로 - 지하차도(도로)내,승용,여,61세,상해없음,보행자,남,59세,경상
1215,2021110400100379,2021년 11월 4일 16시,목요일,인천광역시 중구 항동7가,경상사고,0,0,1,0,차대사람 - 보도통행중,보행자보호의무위반,포장 - 건조,맑음,단일로 - 기타,화물,남,35세,상해없음,보행자,남,51세,경상
1216,2021110400100502,2021년 11월 4일 18시,목요일,인천광역시 계양구 효성동,중상사고,0,1,0,0,차대사람 - 횡단중,보행자보호의무위반,포장 - 건조,맑음,교차로 - 교차로횡단보도내,승용,여,29세,상해없음,보행자,여,28세,중상
1217,2021110400100550,2021년 11월 4일 19시,목요일,인천광역시 남동구 논현동,경상사고,0,0,1,0,차대사람 - 횡단중,보행자보호의무위반,포장 - 젖음/습기,흐림,교차로 - 교차로횡단보도내,승용,남,55세,상해없음,보행자,남,24세,경상
1218,2021110500100291,2021년 11월 5일 13시,금요일,인천광역시 서구 왕길동,경상사고,0,0,2,0,차대사람 - 기타,안전운전불이행,포장 - 건조,맑음,단일로 - 기타,승용,여,49세,경상,보행자,여,7세,경상
1219,2021110500100535,2021년 11월 5일 18시,금요일,인천광역시 미추홀구 학익동,중상사고,0,1,0,0,차대사람 - 보도통행중,보행자보호의무위반,포장 - 건조,맑음,교차로 - 교차로안,화물,남,36세,상해없음,보행자,남,59세,중상
1220,2021110500100647,2021년 11월 5일 21시,금요일,인천광역시 서구 가좌동,경상사고,0,0,1,0,차대사람 - 기타,안전운전불이행,포장 - 건조,맑음,단일로 - 기타,개인형이동수단(PM),남,15세,상해없음,보행자,여,20세,경상
1221,2021110600100258,2021년 11월 6일 13시,토요일,인천광역시 연수구 옥련동,경상사고,0,0,1,0,차대사람 - 횡단중,보행자보호의무위반,포장 - 건조,맑음,교차로 - 교차로안,승용,여,59세,상해없음,보행자,남,11세,경상
1222,2021110600100303,2021년 11월 6일 14시,토요일,인천광역시 강화군 화도면,경상사고,0,0,1,0,차대사람 - 차도통행중,안전운전불이행,포장 - 건조,맑음,단일로 - 지하차도(도로)내,승용,남,46세,상해없음,보행자,여,15세,경상
1223,2021110600100476,2021년 11월 6일 18시,토요일,인천광역시 미추홀구 주안동,경상사고,0,0,1,0,차대사람 - 횡단중,신호위반,포장 - 건조,맑음,교차로 - 교차로부근,승용,남,71세,상해없음,보행자,남,34세,경상
1224,2021110600100587,2021년 11월 6일 21시,토요일,인천광역시 연수구 옥련동,중상사고,0,2,0,0,차대사람 - 횡단중,안전운전불이행,포장 - 건조,맑음,단일로 - 기타,승용,남,56세,상해없음,보행자,여,54세,중상
1225,2021110700100341,2021년 11월 7일 17시,일요일,인천광역시 서구 왕길동,경상사고,0,0,1,0,차대사람 - 횡단중,신호위반,포장 - 건조,맑음,단일로 - 기타,이륜,남,27세,상해없음,보행자,남,42세,경상
1226,2021110700100456,2021년 11월 7일 21시,일요일,인천광역시 중구 중산동,경상사고,0,0,1,0,차대사람 - 보도통행중,안전운전불이행,포장 - 건조,맑음,단일로 - 기타,승용,남,44세,상해없음,보행자,남,33세,경상
1227,2021110800100587,2021년 11월 8일 19시,월요일,인천광역시 동구 송림동,경상사고,0,0,1,0,차대사람 - 횡단중,신호위반,포장 - 건조,맑음,교차로 - 교차로부근,승용,남,65세,상해없음,보행자,남,5세,경상
1228,2021110800100622,2021년 11월 8일 20시,월요일,인천광역시 연수구 연수동,경상사고,0,0,1,0,차대사람 - 횡단중,보행자보호의무위반,포장 - 젖음/습기,비,교차로 - 교차로횡단보도내,승용,남,73세,상해없음,보행자,여,25세,경상
1229,2021110800100653,2021년 11월 8일 21시,월요일,인천광역시 부평구 부평동,경상사고,0,0,1,0,차대사람 - 횡단중,기타,포장 - 건조,맑음,단일로 - 기타,원동기,남,24세,상해없음,보행자,남,56세,경상
1230,2021110800100672,2021년 11월 8일 22시,월요일,인천광역시 부평구 십정동,부상신고사고,0,0,0,1,차대사람 - 횡단중,안전운전불이행,포장 - 젖음/습기,비,단일로 - 기타,승용,여,46세,기타불명,보행자,남,46세,부상신고
1231,2021110900100253,2021년 11월 9일 12시,화요일,인천광역시 계양구 작전동,경상사고,0,0,1,0,차대사람 - 기타,안전운전불이행,포장 - 건조,흐림,단일로 - 기타,승용,여,58세,상해없음,보행자,여,68세,경상
1232,2021110900100283,2021년 11월 9일 13시,화요일,인천광역시 남동구 만수동,중상사고,0,1,0,0,차대사람 - 차도통행중,안전운전불이행,포장 - 젖음/습기,비,교차로 - 교차로부근,승용,여,59세,기타불명,보행자,남,38세,중상
1233,2021110900100451,2021년 11월 9일 17시,화요일,인천광역시 부평구 삼산동,중상사고,0,1,0,0,차대사람 - 횡단중,보행자보호의무위반,포장 - 젖음/습기,비,교차로 - 교차로횡단보도내,승합,남,71세,기타불명,보행자,여,83세,중상
1234,2021110900100514,2021년 11월 9일 18시,화요일,인천광역시 남동구 구월동,경상사고,0,0,1,0,차대사람 - 차도통행중,안전운전불이행,포장 - 젖음/습기,비,교차로 - 교차로안,승용,남,19세,상해없음,보행자,남,23세,경상
1235,2021110900100518,2021년 11월 9일 18시,화요일,인천광역시 남동구 만수동,부상신고사고,0,0,0,1,차대사람 - 길가장자리구역통행중,안전운전불이행,포장 - 젖음/습기,비,교차로 - 교차로부근,승용,여,64세,상해없음,보행자,남,29세,부상신고
1236,2021110900100605,2021년 11월 9일 20시,화요일,인천광역시 미추홀구 도화동,경상사고,0,0,1,0,차대사람 - 횡단중,보행자보호의무위반,포장 - 젖음/습기,흐림,교차로 - 교차로부근,승용,남,69세,상해없음,보행자,남,21세,경상
1237,2021110900100607,2021년 11월 9일 20시,화요일,인천광역시 서구 청라동,경상사고,0,0,1,0,차대사람 - 기타,안전운전불이행,포장 - 건조,맑음,단일로 - 기타,승용,여,50세,상해없음,보행자,남,58세,경상
1238,2021111000100013,2021년 11월 10일 00시,수요일,인천광역시 미추홀구 주안동,경상사고,0,0,1,0,차대사람 - 기타,안전운전불이행,포장 - 건조,맑음,단일로 - 기타,승용,남,61세,기타불명,보행자,남,67세,경상
1239,2021111000100144,2021년 11월 10일 08시,수요일,인천광역시 남동구 구월동,경상사고,0,0,1,0,차대사람 - 횡단중,보행자보호의무위반,포장 - 건조,맑음,교차로 - 교차로횡단보도내,승용,여,29세,상해없음,보행자,여,11세,경상
1240,2021111000100524,2021년 11월 10일 19시,수요일,인천광역시 미추홀구 도화동,중상사고,0,1,0,0,차대사람 - 횡단중,안전운전불이행,포장 - 건조,맑음,단일로 - 기타,이륜,남,21세,상해없음,보행자,남,50세,중상